[0.151s] DEBUG:colcon:Command line arguments: ['/usr/bin/colcon', 'build']
[0.151s] DEBUG:colcon:Parsed command line arguments: Namespace(log_base=None, log_level=None, verb_name='build', build_base='build', install_base='install', merge_install=False, symlink_install=False, test_result_base=None, continue_on_error=False, executor='parallel', parallel_workers=20, event_handlers=None, ignore_user_meta=False, metas=['./colcon.meta'], base_paths=['.'], packages_ignore=None, packages_ignore_regex=None, paths=None, packages_up_to=None, packages_up_to_regex=None, packages_above=None, packages_above_and_dependencies=None, packages_above_depth=None, packages_select_by_dep=None, packages_skip_by_dep=None, packages_skip_up_to=None, packages_select_build_failed=False, packages_skip_build_finished=False, packages_select_test_failures=False, packages_skip_test_passed=False, packages_select=None, packages_skip=None, packages_select_regex=None, packages_skip_regex=None, packages_start=None, packages_end=None, cmake_args=None, cmake_target=None, cmake_target_skip_unavailable=False, cmake_clean_cache=False, cmake_clean_first=False, cmake_force_configure=False, ament_cmake_args=None, catkin_cmake_args=None, catkin_skip_building_tests=False, verb_parser=<colcon_defaults.argument_parser.defaults.DefaultArgumentsDecorator object at 0x77e055758e50>, verb_extension=<colcon_core.verb.build.BuildVerb object at 0x77e055758910>, main=<bound method BuildVerb.main of <colcon_core.verb.build.BuildVerb object at 0x77e055758910>>)
[0.361s] Level 1:colcon.colcon_core.package_discovery:discover_packages(colcon_meta) check parameters
[0.361s] Level 1:colcon.colcon_core.package_discovery:discover_packages(recursive) check parameters
[0.362s] Level 1:colcon.colcon_core.package_discovery:discover_packages(ignore) check parameters
[0.362s] Level 1:colcon.colcon_core.package_discovery:discover_packages(path) check parameters
[0.362s] Level 1:colcon.colcon_core.package_discovery:discover_packages(colcon_meta) discover
[0.362s] Level 1:colcon.colcon_core.package_discovery:discover_packages(recursive) discover
[0.362s] INFO:colcon.colcon_core.package_discovery:Crawling recursively for packages in '/home/darkdemon/work/motor_control'
[0.362s] Level 1:colcon.colcon_core.package_identification:_identify(.) by extensions ['ignore', 'ignore_ament_install']
[0.362s] Level 1:colcon.colcon_core.package_identification:_identify(.) by extension 'ignore'
[0.362s] Level 1:colcon.colcon_core.package_identification:_identify(.) by extension 'ignore_ament_install'
[0.362s] Level 1:colcon.colcon_core.package_identification:_identify(.) by extensions ['colcon_pkg']
[0.362s] Level 1:colcon.colcon_core.package_identification:_identify(.) by extension 'colcon_pkg'
[0.362s] Level 1:colcon.colcon_core.package_identification:_identify(.) by extensions ['colcon_meta']
[0.362s] Level 1:colcon.colcon_core.package_identification:_identify(.) by extension 'colcon_meta'
[0.362s] Level 1:colcon.colcon_core.package_identification:_identify(.) by extensions ['ros']
[0.362s] Level 1:colcon.colcon_core.package_identification:_identify(.) by extension 'ros'
[0.375s] Level 1:colcon.colcon_core.package_identification:_identify(.) by extensions ['cmake', 'python']
[0.375s] Level 1:colcon.colcon_core.package_identification:_identify(.) by extension 'cmake'
[0.375s] Level 1:colcon.colcon_core.package_identification:_identify(.) by extension 'python'
[0.375s] Level 1:colcon.colcon_core.package_identification:_identify(.) by extensions ['python_setup_py']
[0.375s] Level 1:colcon.colcon_core.package_identification:_identify(.) by extension 'python_setup_py'
[0.376s] Level 1:colcon.colcon_core.package_identification:_identify(build) by extensions ['ignore', 'ignore_ament_install']
[0.376s] Level 1:colcon.colcon_core.package_identification:_identify(build) by extension 'ignore'
[0.376s] Level 1:colcon.colcon_core.package_identification:_identify(build) ignored
[0.376s] Level 1:colcon.colcon_core.package_identification:_identify(install) by extensions ['ignore', 'ignore_ament_install']
[0.376s] Level 1:colcon.colcon_core.package_identification:_identify(install) by extension 'ignore'
[0.376s] Level 1:colcon.colcon_core.package_identification:_identify(install) ignored
[0.376s] Level 1:colcon.colcon_core.package_identification:_identify(log) by extensions ['ignore', 'ignore_ament_install']
[0.376s] Level 1:colcon.colcon_core.package_identification:_identify(log) by extension 'ignore'
[0.376s] Level 1:colcon.colcon_core.package_identification:_identify(log) ignored
[0.376s] Level 1:colcon.colcon_core.package_identification:_identify(src) by extensions ['ignore', 'ignore_ament_install']
[0.376s] Level 1:colcon.colcon_core.package_identification:_identify(src) by extension 'ignore'
[0.376s] Level 1:colcon.colcon_core.package_identification:_identify(src) by extension 'ignore_ament_install'
[0.376s] Level 1:colcon.colcon_core.package_identification:_identify(src) by extensions ['colcon_pkg']
[0.376s] Level 1:colcon.colcon_core.package_identification:_identify(src) by extension 'colcon_pkg'
[0.376s] Level 1:colcon.colcon_core.package_identification:_identify(src) by extensions ['colcon_meta']
[0.376s] Level 1:colcon.colcon_core.package_identification:_identify(src) by extension 'colcon_meta'
[0.376s] Level 1:colcon.colcon_core.package_identification:_identify(src) by extensions ['ros']
[0.376s] Level 1:colcon.colcon_core.package_identification:_identify(src) by extension 'ros'
[0.376s] Level 1:colcon.colcon_core.package_identification:_identify(src) by extensions ['cmake', 'python']
[0.376s] Level 1:colcon.colcon_core.package_identification:_identify(src) by extension 'cmake'
[0.376s] Level 1:colcon.colcon_core.package_identification:_identify(src) by extension 'python'
[0.377s] Level 1:colcon.colcon_core.package_identification:_identify(src) by extensions ['python_setup_py']
[0.377s] Level 1:colcon.colcon_core.package_identification:_identify(src) by extension 'python_setup_py'
[0.377s] Level 1:colcon.colcon_core.package_identification:_identify(src/RobotSot) by extensions ['ignore', 'ignore_ament_install']
[0.377s] Level 1:colcon.colcon_core.package_identification:_identify(src/RobotSot) by extension 'ignore'
[0.377s] Level 1:colcon.colcon_core.package_identification:_identify(src/RobotSot) by extension 'ignore_ament_install'
[0.377s] Level 1:colcon.colcon_core.package_identification:_identify(src/RobotSot) by extensions ['colcon_pkg']
[0.377s] Level 1:colcon.colcon_core.package_identification:_identify(src/RobotSot) by extension 'colcon_pkg'
[0.377s] Level 1:colcon.colcon_core.package_identification:_identify(src/RobotSot) by extensions ['colcon_meta']
[0.377s] Level 1:colcon.colcon_core.package_identification:_identify(src/RobotSot) by extension 'colcon_meta'
[0.377s] Level 1:colcon.colcon_core.package_identification:_identify(src/RobotSot) by extensions ['ros']
[0.377s] Level 1:colcon.colcon_core.package_identification:_identify(src/RobotSot) by extension 'ros'
[0.377s] Level 1:colcon.colcon_core.package_identification:_identify(src/RobotSot) by extensions ['cmake', 'python']
[0.377s] Level 1:colcon.colcon_core.package_identification:_identify(src/RobotSot) by extension 'cmake'
[0.377s] Level 1:colcon.colcon_core.package_identification:_identify(src/RobotSot) by extension 'python'
[0.377s] Level 1:colcon.colcon_core.package_identification:_identify(src/RobotSot) by extensions ['python_setup_py']
[0.377s] Level 1:colcon.colcon_core.package_identification:_identify(src/RobotSot) by extension 'python_setup_py'
[0.377s] Level 1:colcon.colcon_core.package_identification:_identify(src/dynamixel-workbench) by extensions ['ignore', 'ignore_ament_install']
[0.377s] Level 1:colcon.colcon_core.package_identification:_identify(src/dynamixel-workbench) by extension 'ignore'
[0.377s] Level 1:colcon.colcon_core.package_identification:_identify(src/dynamixel-workbench) by extension 'ignore_ament_install'
[0.377s] Level 1:colcon.colcon_core.package_identification:_identify(src/dynamixel-workbench) by extensions ['colcon_pkg']
[0.377s] Level 1:colcon.colcon_core.package_identification:_identify(src/dynamixel-workbench) by extension 'colcon_pkg'
[0.377s] Level 1:colcon.colcon_core.package_identification:_identify(src/dynamixel-workbench) by extensions ['colcon_meta']
[0.377s] Level 1:colcon.colcon_core.package_identification:_identify(src/dynamixel-workbench) by extension 'colcon_meta'
[0.377s] Level 1:colcon.colcon_core.package_identification:_identify(src/dynamixel-workbench) by extensions ['ros']
[0.377s] Level 1:colcon.colcon_core.package_identification:_identify(src/dynamixel-workbench) by extension 'ros'
[0.377s] Level 1:colcon.colcon_core.package_identification:_identify(src/dynamixel-workbench) by extensions ['cmake', 'python']
[0.377s] Level 1:colcon.colcon_core.package_identification:_identify(src/dynamixel-workbench) by extension 'cmake'
[0.377s] Level 1:colcon.colcon_core.package_identification:_identify(src/dynamixel-workbench) by extension 'python'
[0.377s] Level 1:colcon.colcon_core.package_identification:_identify(src/dynamixel-workbench) by extensions ['python_setup_py']
[0.377s] Level 1:colcon.colcon_core.package_identification:_identify(src/dynamixel-workbench) by extension 'python_setup_py'
[0.377s] Level 1:colcon.colcon_core.package_identification:_identify(src/dynamixel-workbench/dynamixel_workbench) by extensions ['ignore', 'ignore_ament_install']
[0.377s] Level 1:colcon.colcon_core.package_identification:_identify(src/dynamixel-workbench/dynamixel_workbench) by extension 'ignore'
[0.378s] Level 1:colcon.colcon_core.package_identification:_identify(src/dynamixel-workbench/dynamixel_workbench) by extension 'ignore_ament_install'
[0.378s] Level 1:colcon.colcon_core.package_identification:_identify(src/dynamixel-workbench/dynamixel_workbench) by extensions ['colcon_pkg']
[0.378s] Level 1:colcon.colcon_core.package_identification:_identify(src/dynamixel-workbench/dynamixel_workbench) by extension 'colcon_pkg'
[0.378s] Level 1:colcon.colcon_core.package_identification:_identify(src/dynamixel-workbench/dynamixel_workbench) by extensions ['colcon_meta']
[0.378s] Level 1:colcon.colcon_core.package_identification:_identify(src/dynamixel-workbench/dynamixel_workbench) by extension 'colcon_meta'
[0.378s] Level 1:colcon.colcon_core.package_identification:_identify(src/dynamixel-workbench/dynamixel_workbench) by extensions ['ros']
[0.378s] Level 1:colcon.colcon_core.package_identification:_identify(src/dynamixel-workbench/dynamixel_workbench) by extension 'ros'
[0.380s] DEBUG:colcon.colcon_core.package_identification:Package 'src/dynamixel-workbench/dynamixel_workbench' with type 'ros.ament_cmake' and name 'dynamixel_workbench'
[0.380s] Level 1:colcon.colcon_core.package_identification:_identify(src/dynamixel-workbench/dynamixel_workbench_toolbox) by extensions ['ignore', 'ignore_ament_install']
[0.380s] Level 1:colcon.colcon_core.package_identification:_identify(src/dynamixel-workbench/dynamixel_workbench_toolbox) by extension 'ignore'
[0.380s] Level 1:colcon.colcon_core.package_identification:_identify(src/dynamixel-workbench/dynamixel_workbench_toolbox) by extension 'ignore_ament_install'
[0.380s] Level 1:colcon.colcon_core.package_identification:_identify(src/dynamixel-workbench/dynamixel_workbench_toolbox) by extensions ['colcon_pkg']
[0.380s] Level 1:colcon.colcon_core.package_identification:_identify(src/dynamixel-workbench/dynamixel_workbench_toolbox) by extension 'colcon_pkg'
[0.380s] Level 1:colcon.colcon_core.package_identification:_identify(src/dynamixel-workbench/dynamixel_workbench_toolbox) by extensions ['colcon_meta']
[0.380s] Level 1:colcon.colcon_core.package_identification:_identify(src/dynamixel-workbench/dynamixel_workbench_toolbox) by extension 'colcon_meta'
[0.380s] Level 1:colcon.colcon_core.package_identification:_identify(src/dynamixel-workbench/dynamixel_workbench_toolbox) by extensions ['ros']
[0.380s] Level 1:colcon.colcon_core.package_identification:_identify(src/dynamixel-workbench/dynamixel_workbench_toolbox) by extension 'ros'
[0.381s] DEBUG:colcon.colcon_core.package_identification:Package 'src/dynamixel-workbench/dynamixel_workbench_toolbox' with type 'ros.ament_cmake' and name 'dynamixel_workbench_toolbox'
[0.381s] Level 1:colcon.colcon_core.package_identification:_identify(src/dynamixel-workbench-msgs) by extensions ['ignore', 'ignore_ament_install']
[0.381s] Level 1:colcon.colcon_core.package_identification:_identify(src/dynamixel-workbench-msgs) by extension 'ignore'
[0.381s] Level 1:colcon.colcon_core.package_identification:_identify(src/dynamixel-workbench-msgs) by extension 'ignore_ament_install'
[0.381s] Level 1:colcon.colcon_core.package_identification:_identify(src/dynamixel-workbench-msgs) by extensions ['colcon_pkg']
[0.381s] Level 1:colcon.colcon_core.package_identification:_identify(src/dynamixel-workbench-msgs) by extension 'colcon_pkg'
[0.381s] Level 1:colcon.colcon_core.package_identification:_identify(src/dynamixel-workbench-msgs) by extensions ['colcon_meta']
[0.381s] Level 1:colcon.colcon_core.package_identification:_identify(src/dynamixel-workbench-msgs) by extension 'colcon_meta'
[0.381s] Level 1:colcon.colcon_core.package_identification:_identify(src/dynamixel-workbench-msgs) by extensions ['ros']
[0.381s] Level 1:colcon.colcon_core.package_identification:_identify(src/dynamixel-workbench-msgs) by extension 'ros'
[0.381s] Level 1:colcon.colcon_core.package_identification:_identify(src/dynamixel-workbench-msgs) by extensions ['cmake', 'python']
[0.381s] Level 1:colcon.colcon_core.package_identification:_identify(src/dynamixel-workbench-msgs) by extension 'cmake'
[0.382s] Level 1:colcon.colcon_core.package_identification:_identify(src/dynamixel-workbench-msgs) by extension 'python'
[0.382s] Level 1:colcon.colcon_core.package_identification:_identify(src/dynamixel-workbench-msgs) by extensions ['python_setup_py']
[0.382s] Level 1:colcon.colcon_core.package_identification:_identify(src/dynamixel-workbench-msgs) by extension 'python_setup_py'
[0.382s] Level 1:colcon.colcon_core.package_identification:_identify(src/dynamixel-workbench-msgs/dynamixel_workbench_msgs) by extensions ['ignore', 'ignore_ament_install']
[0.382s] Level 1:colcon.colcon_core.package_identification:_identify(src/dynamixel-workbench-msgs/dynamixel_workbench_msgs) by extension 'ignore'
[0.382s] Level 1:colcon.colcon_core.package_identification:_identify(src/dynamixel-workbench-msgs/dynamixel_workbench_msgs) by extension 'ignore_ament_install'
[0.382s] Level 1:colcon.colcon_core.package_identification:_identify(src/dynamixel-workbench-msgs/dynamixel_workbench_msgs) by extensions ['colcon_pkg']
[0.382s] Level 1:colcon.colcon_core.package_identification:_identify(src/dynamixel-workbench-msgs/dynamixel_workbench_msgs) by extension 'colcon_pkg'
[0.382s] Level 1:colcon.colcon_core.package_identification:_identify(src/dynamixel-workbench-msgs/dynamixel_workbench_msgs) by extensions ['colcon_meta']
[0.382s] Level 1:colcon.colcon_core.package_identification:_identify(src/dynamixel-workbench-msgs/dynamixel_workbench_msgs) by extension 'colcon_meta'
[0.382s] Level 1:colcon.colcon_core.package_identification:_identify(src/dynamixel-workbench-msgs/dynamixel_workbench_msgs) by extensions ['ros']
[0.382s] Level 1:colcon.colcon_core.package_identification:_identify(src/dynamixel-workbench-msgs/dynamixel_workbench_msgs) by extension 'ros'
[0.382s] DEBUG:colcon.colcon_core.package_identification:Package 'src/dynamixel-workbench-msgs/dynamixel_workbench_msgs' with type 'ros.ament_cmake' and name 'dynamixel_workbench_msgs'
[0.382s] Level 1:colcon.colcon_core.package_identification:_identify(src/realsense) by extensions ['ignore', 'ignore_ament_install']
[0.382s] Level 1:colcon.colcon_core.package_identification:_identify(src/realsense) by extension 'ignore'
[0.383s] Level 1:colcon.colcon_core.package_identification:_identify(src/realsense) by extension 'ignore_ament_install'
[0.383s] Level 1:colcon.colcon_core.package_identification:_identify(src/realsense) by extensions ['colcon_pkg']
[0.383s] Level 1:colcon.colcon_core.package_identification:_identify(src/realsense) by extension 'colcon_pkg'
[0.383s] Level 1:colcon.colcon_core.package_identification:_identify(src/realsense) by extensions ['colcon_meta']
[0.383s] Level 1:colcon.colcon_core.package_identification:_identify(src/realsense) by extension 'colcon_meta'
[0.383s] Level 1:colcon.colcon_core.package_identification:_identify(src/realsense) by extensions ['ros']
[0.383s] Level 1:colcon.colcon_core.package_identification:_identify(src/realsense) by extension 'ros'
[0.383s] DEBUG:colcon.colcon_core.package_identification:Package 'src/realsense' with type 'ros.ament_python' and name 'realsense'
[0.383s] Level 1:colcon.colcon_core.package_identification:_identify(src/tb4_arm_ros2) by extensions ['ignore', 'ignore_ament_install']
[0.383s] Level 1:colcon.colcon_core.package_identification:_identify(src/tb4_arm_ros2) by extension 'ignore'
[0.383s] Level 1:colcon.colcon_core.package_identification:_identify(src/tb4_arm_ros2) by extension 'ignore_ament_install'
[0.383s] Level 1:colcon.colcon_core.package_identification:_identify(src/tb4_arm_ros2) by extensions ['colcon_pkg']
[0.383s] Level 1:colcon.colcon_core.package_identification:_identify(src/tb4_arm_ros2) by extension 'colcon_pkg'
[0.383s] Level 1:colcon.colcon_core.package_identification:_identify(src/tb4_arm_ros2) by extensions ['colcon_meta']
[0.383s] Level 1:colcon.colcon_core.package_identification:_identify(src/tb4_arm_ros2) by extension 'colcon_meta'
[0.383s] Level 1:colcon.colcon_core.package_identification:_identify(src/tb4_arm_ros2) by extensions ['ros']
[0.383s] Level 1:colcon.colcon_core.package_identification:_identify(src/tb4_arm_ros2) by extension 'ros'
[0.383s] Level 1:colcon.colcon_core.package_identification:_identify(src/tb4_arm_ros2) by extensions ['cmake', 'python']
[0.383s] Level 1:colcon.colcon_core.package_identification:_identify(src/tb4_arm_ros2) by extension 'cmake'
[0.384s] Level 1:colcon.colcon_core.package_identification:_identify(src/tb4_arm_ros2) by extension 'python'
[0.384s] Level 1:colcon.colcon_core.package_identification:_identify(src/tb4_arm_ros2) by extensions ['python_setup_py']
[0.384s] Level 1:colcon.colcon_core.package_identification:_identify(src/tb4_arm_ros2) by extension 'python_setup_py'
[0.384s] Level 1:colcon.colcon_core.package_identification:_identify(src/tb4_arm_ros2/dynamixel_hardware) by extensions ['ignore', 'ignore_ament_install']
[0.384s] Level 1:colcon.colcon_core.package_identification:_identify(src/tb4_arm_ros2/dynamixel_hardware) by extension 'ignore'
[0.384s] Level 1:colcon.colcon_core.package_identification:_identify(src/tb4_arm_ros2/dynamixel_hardware) by extension 'ignore_ament_install'
[0.384s] Level 1:colcon.colcon_core.package_identification:_identify(src/tb4_arm_ros2/dynamixel_hardware) by extensions ['colcon_pkg']
[0.384s] Level 1:colcon.colcon_core.package_identification:_identify(src/tb4_arm_ros2/dynamixel_hardware) by extension 'colcon_pkg'
[0.384s] Level 1:colcon.colcon_core.package_identification:_identify(src/tb4_arm_ros2/dynamixel_hardware) by extensions ['colcon_meta']
[0.384s] Level 1:colcon.colcon_core.package_identification:_identify(src/tb4_arm_ros2/dynamixel_hardware) by extension 'colcon_meta'
[0.384s] Level 1:colcon.colcon_core.package_identification:_identify(src/tb4_arm_ros2/dynamixel_hardware) by extensions ['ros']
[0.384s] Level 1:colcon.colcon_core.package_identification:_identify(src/tb4_arm_ros2/dynamixel_hardware) by extension 'ros'
[0.384s] DEBUG:colcon.colcon_core.package_identification:Package 'src/tb4_arm_ros2/dynamixel_hardware' with type 'ros.ament_cmake' and name 'dynamixel_hardware'
[0.385s] Level 1:colcon.colcon_core.package_identification:_identify(src/tb4_arm_ros2/python_moveit2) by extensions ['ignore', 'ignore_ament_install']
[0.385s] Level 1:colcon.colcon_core.package_identification:_identify(src/tb4_arm_ros2/python_moveit2) by extension 'ignore'
[0.385s] Level 1:colcon.colcon_core.package_identification:_identify(src/tb4_arm_ros2/python_moveit2) by extension 'ignore_ament_install'
[0.385s] Level 1:colcon.colcon_core.package_identification:_identify(src/tb4_arm_ros2/python_moveit2) by extensions ['colcon_pkg']
[0.385s] Level 1:colcon.colcon_core.package_identification:_identify(src/tb4_arm_ros2/python_moveit2) by extension 'colcon_pkg'
[0.385s] Level 1:colcon.colcon_core.package_identification:_identify(src/tb4_arm_ros2/python_moveit2) by extensions ['colcon_meta']
[0.385s] Level 1:colcon.colcon_core.package_identification:_identify(src/tb4_arm_ros2/python_moveit2) by extension 'colcon_meta'
[0.385s] Level 1:colcon.colcon_core.package_identification:_identify(src/tb4_arm_ros2/python_moveit2) by extensions ['ros']
[0.385s] Level 1:colcon.colcon_core.package_identification:_identify(src/tb4_arm_ros2/python_moveit2) by extension 'ros'
[0.385s] DEBUG:colcon.colcon_core.package_identification:Package 'src/tb4_arm_ros2/python_moveit2' with type 'ros.ament_python' and name 'python_moveit2'
[0.385s] Level 1:colcon.colcon_core.package_identification:_identify(src/tb4_arm_ros2/python_moveit_interface) by extensions ['ignore', 'ignore_ament_install']
[0.385s] Level 1:colcon.colcon_core.package_identification:_identify(src/tb4_arm_ros2/python_moveit_interface) by extension 'ignore'
[0.385s] Level 1:colcon.colcon_core.package_identification:_identify(src/tb4_arm_ros2/python_moveit_interface) by extension 'ignore_ament_install'
[0.385s] Level 1:colcon.colcon_core.package_identification:_identify(src/tb4_arm_ros2/python_moveit_interface) by extensions ['colcon_pkg']
[0.385s] Level 1:colcon.colcon_core.package_identification:_identify(src/tb4_arm_ros2/python_moveit_interface) by extension 'colcon_pkg'
[0.385s] Level 1:colcon.colcon_core.package_identification:_identify(src/tb4_arm_ros2/python_moveit_interface) by extensions ['colcon_meta']
[0.386s] Level 1:colcon.colcon_core.package_identification:_identify(src/tb4_arm_ros2/python_moveit_interface) by extension 'colcon_meta'
[0.386s] Level 1:colcon.colcon_core.package_identification:_identify(src/tb4_arm_ros2/python_moveit_interface) by extensions ['ros']
[0.386s] Level 1:colcon.colcon_core.package_identification:_identify(src/tb4_arm_ros2/python_moveit_interface) by extension 'ros'
[0.386s] DEBUG:colcon.colcon_core.package_identification:Package 'src/tb4_arm_ros2/python_moveit_interface' with type 'ros.catkin' and name 'python_moveit_interface'
[0.386s] Level 1:colcon.colcon_core.package_identification:_identify(src/tb4_arm_ros2/small_arm_description) by extensions ['ignore', 'ignore_ament_install']
[0.386s] Level 1:colcon.colcon_core.package_identification:_identify(src/tb4_arm_ros2/small_arm_description) by extension 'ignore'
[0.386s] Level 1:colcon.colcon_core.package_identification:_identify(src/tb4_arm_ros2/small_arm_description) by extension 'ignore_ament_install'
[0.386s] Level 1:colcon.colcon_core.package_identification:_identify(src/tb4_arm_ros2/small_arm_description) by extensions ['colcon_pkg']
[0.386s] Level 1:colcon.colcon_core.package_identification:_identify(src/tb4_arm_ros2/small_arm_description) by extension 'colcon_pkg'
[0.386s] Level 1:colcon.colcon_core.package_identification:_identify(src/tb4_arm_ros2/small_arm_description) by extensions ['colcon_meta']
[0.386s] Level 1:colcon.colcon_core.package_identification:_identify(src/tb4_arm_ros2/small_arm_description) by extension 'colcon_meta'
[0.386s] Level 1:colcon.colcon_core.package_identification:_identify(src/tb4_arm_ros2/small_arm_description) by extensions ['ros']
[0.386s] Level 1:colcon.colcon_core.package_identification:_identify(src/tb4_arm_ros2/small_arm_description) by extension 'ros'
[0.387s] DEBUG:colcon.colcon_core.package_identification:Package 'src/tb4_arm_ros2/small_arm_description' with type 'ros.ament_cmake' and name 'small_arm_description'
[0.387s] Level 1:colcon.colcon_core.package_identification:_identify(src/tb4_arm_ros2/small_arm_moveit_config) by extensions ['ignore', 'ignore_ament_install']
[0.387s] Level 1:colcon.colcon_core.package_identification:_identify(src/tb4_arm_ros2/small_arm_moveit_config) by extension 'ignore'
[0.387s] Level 1:colcon.colcon_core.package_identification:_identify(src/tb4_arm_ros2/small_arm_moveit_config) by extension 'ignore_ament_install'
[0.387s] Level 1:colcon.colcon_core.package_identification:_identify(src/tb4_arm_ros2/small_arm_moveit_config) by extensions ['colcon_pkg']
[0.387s] Level 1:colcon.colcon_core.package_identification:_identify(src/tb4_arm_ros2/small_arm_moveit_config) by extension 'colcon_pkg'
[0.388s] Level 1:colcon.colcon_core.package_identification:_identify(src/tb4_arm_ros2/small_arm_moveit_config) by extensions ['colcon_meta']
[0.388s] Level 1:colcon.colcon_core.package_identification:_identify(src/tb4_arm_ros2/small_arm_moveit_config) by extension 'colcon_meta'
[0.388s] Level 1:colcon.colcon_core.package_identification:_identify(src/tb4_arm_ros2/small_arm_moveit_config) by extensions ['ros']
[0.388s] Level 1:colcon.colcon_core.package_identification:_identify(src/tb4_arm_ros2/small_arm_moveit_config) by extension 'ros'
[0.388s] DEBUG:colcon.colcon_core.package_identification:Package 'src/tb4_arm_ros2/small_arm_moveit_config' with type 'ros.ament_cmake' and name 'small_arm_moveit_config'
[0.388s] Level 1:colcon.colcon_core.package_identification:_identify(src/tb4_arm_ros2/small_arm_moveit_cpp) by extensions ['ignore', 'ignore_ament_install']
[0.388s] Level 1:colcon.colcon_core.package_identification:_identify(src/tb4_arm_ros2/small_arm_moveit_cpp) by extension 'ignore'
[0.388s] Level 1:colcon.colcon_core.package_identification:_identify(src/tb4_arm_ros2/small_arm_moveit_cpp) by extension 'ignore_ament_install'
[0.388s] Level 1:colcon.colcon_core.package_identification:_identify(src/tb4_arm_ros2/small_arm_moveit_cpp) by extensions ['colcon_pkg']
[0.388s] Level 1:colcon.colcon_core.package_identification:_identify(src/tb4_arm_ros2/small_arm_moveit_cpp) by extension 'colcon_pkg'
[0.388s] Level 1:colcon.colcon_core.package_identification:_identify(src/tb4_arm_ros2/small_arm_moveit_cpp) by extensions ['colcon_meta']
[0.388s] Level 1:colcon.colcon_core.package_identification:_identify(src/tb4_arm_ros2/small_arm_moveit_cpp) by extension 'colcon_meta'
[0.388s] Level 1:colcon.colcon_core.package_identification:_identify(src/tb4_arm_ros2/small_arm_moveit_cpp) by extensions ['ros']
[0.389s] Level 1:colcon.colcon_core.package_identification:_identify(src/tb4_arm_ros2/small_arm_moveit_cpp) by extension 'ros'
[0.389s] DEBUG:colcon.colcon_core.package_identification:Package 'src/tb4_arm_ros2/small_arm_moveit_cpp' with type 'ros.ament_cmake' and name 'small_arm_moveit_cpp'
[0.389s] Level 1:colcon.colcon_core.package_discovery:discover_packages(recursive) using defaults
[0.389s] Level 1:colcon.colcon_core.package_discovery:discover_packages(ignore) discover
[0.389s] Level 1:colcon.colcon_core.package_discovery:discover_packages(ignore) using defaults
[0.389s] Level 1:colcon.colcon_core.package_discovery:discover_packages(path) discover
[0.389s] Level 1:colcon.colcon_core.package_discovery:discover_packages(path) using defaults
[0.414s] Level 5:colcon.colcon_core.verb:set package 'dynamixel_workbench_msgs' build argument 'cmake_args' from command line to 'None'
[0.414s] Level 5:colcon.colcon_core.verb:set package 'dynamixel_workbench_msgs' build argument 'cmake_target' from command line to 'None'
[0.414s] Level 5:colcon.colcon_core.verb:set package 'dynamixel_workbench_msgs' build argument 'cmake_target_skip_unavailable' from command line to 'False'
[0.414s] Level 5:colcon.colcon_core.verb:set package 'dynamixel_workbench_msgs' build argument 'cmake_clean_cache' from command line to 'False'
[0.414s] Level 5:colcon.colcon_core.verb:set package 'dynamixel_workbench_msgs' build argument 'cmake_clean_first' from command line to 'False'
[0.414s] Level 5:colcon.colcon_core.verb:set package 'dynamixel_workbench_msgs' build argument 'cmake_force_configure' from command line to 'False'
[0.414s] Level 5:colcon.colcon_core.verb:set package 'dynamixel_workbench_msgs' build argument 'ament_cmake_args' from command line to 'None'
[0.414s] Level 5:colcon.colcon_core.verb:set package 'dynamixel_workbench_msgs' build argument 'catkin_cmake_args' from command line to 'None'
[0.414s] Level 5:colcon.colcon_core.verb:set package 'dynamixel_workbench_msgs' build argument 'catkin_skip_building_tests' from command line to 'False'
[0.414s] DEBUG:colcon.colcon_core.verb:Building package 'dynamixel_workbench_msgs' with the following arguments: {'ament_cmake_args': None, 'build_base': '/home/darkdemon/work/motor_control/build/dynamixel_workbench_msgs', 'catkin_cmake_args': None, 'catkin_skip_building_tests': False, 'cmake_args': None, 'cmake_clean_cache': False, 'cmake_clean_first': False, 'cmake_force_configure': False, 'cmake_target': None, 'cmake_target_skip_unavailable': False, 'install_base': '/home/darkdemon/work/motor_control/install/dynamixel_workbench_msgs', 'merge_install': False, 'path': '/home/darkdemon/work/motor_control/src/dynamixel-workbench-msgs/dynamixel_workbench_msgs', 'symlink_install': False, 'test_result_base': None}
[0.414s] Level 5:colcon.colcon_core.verb:set package 'dynamixel_workbench_toolbox' build argument 'cmake_args' from command line to 'None'
[0.414s] Level 5:colcon.colcon_core.verb:set package 'dynamixel_workbench_toolbox' build argument 'cmake_target' from command line to 'None'
[0.415s] Level 5:colcon.colcon_core.verb:set package 'dynamixel_workbench_toolbox' build argument 'cmake_target_skip_unavailable' from command line to 'False'
[0.415s] Level 5:colcon.colcon_core.verb:set package 'dynamixel_workbench_toolbox' build argument 'cmake_clean_cache' from command line to 'False'
[0.415s] Level 5:colcon.colcon_core.verb:set package 'dynamixel_workbench_toolbox' build argument 'cmake_clean_first' from command line to 'False'
[0.415s] Level 5:colcon.colcon_core.verb:set package 'dynamixel_workbench_toolbox' build argument 'cmake_force_configure' from command line to 'False'
[0.415s] Level 5:colcon.colcon_core.verb:set package 'dynamixel_workbench_toolbox' build argument 'ament_cmake_args' from command line to 'None'
[0.415s] Level 5:colcon.colcon_core.verb:set package 'dynamixel_workbench_toolbox' build argument 'catkin_cmake_args' from command line to 'None'
[0.415s] Level 5:colcon.colcon_core.verb:set package 'dynamixel_workbench_toolbox' build argument 'catkin_skip_building_tests' from command line to 'False'
[0.415s] DEBUG:colcon.colcon_core.verb:Building package 'dynamixel_workbench_toolbox' with the following arguments: {'ament_cmake_args': None, 'build_base': '/home/darkdemon/work/motor_control/build/dynamixel_workbench_toolbox', 'catkin_cmake_args': None, 'catkin_skip_building_tests': False, 'cmake_args': None, 'cmake_clean_cache': False, 'cmake_clean_first': False, 'cmake_force_configure': False, 'cmake_target': None, 'cmake_target_skip_unavailable': False, 'install_base': '/home/darkdemon/work/motor_control/install/dynamixel_workbench_toolbox', 'merge_install': False, 'path': '/home/darkdemon/work/motor_control/src/dynamixel-workbench/dynamixel_workbench_toolbox', 'symlink_install': False, 'test_result_base': None}
[0.415s] Level 5:colcon.colcon_core.verb:set package 'python_moveit2' build argument 'cmake_args' from command line to 'None'
[0.415s] Level 5:colcon.colcon_core.verb:set package 'python_moveit2' build argument 'cmake_target' from command line to 'None'
[0.415s] Level 5:colcon.colcon_core.verb:set package 'python_moveit2' build argument 'cmake_target_skip_unavailable' from command line to 'False'
[0.415s] Level 5:colcon.colcon_core.verb:set package 'python_moveit2' build argument 'cmake_clean_cache' from command line to 'False'
[0.415s] Level 5:colcon.colcon_core.verb:set package 'python_moveit2' build argument 'cmake_clean_first' from command line to 'False'
[0.415s] Level 5:colcon.colcon_core.verb:set package 'python_moveit2' build argument 'cmake_force_configure' from command line to 'False'
[0.415s] Level 5:colcon.colcon_core.verb:set package 'python_moveit2' build argument 'ament_cmake_args' from command line to 'None'
[0.415s] Level 5:colcon.colcon_core.verb:set package 'python_moveit2' build argument 'catkin_cmake_args' from command line to 'None'
[0.415s] Level 5:colcon.colcon_core.verb:set package 'python_moveit2' build argument 'catkin_skip_building_tests' from command line to 'False'
[0.415s] DEBUG:colcon.colcon_core.verb:Building package 'python_moveit2' with the following arguments: {'ament_cmake_args': None, 'build_base': '/home/darkdemon/work/motor_control/build/python_moveit2', 'catkin_cmake_args': None, 'catkin_skip_building_tests': False, 'cmake_args': None, 'cmake_clean_cache': False, 'cmake_clean_first': False, 'cmake_force_configure': False, 'cmake_target': None, 'cmake_target_skip_unavailable': False, 'install_base': '/home/darkdemon/work/motor_control/install/python_moveit2', 'merge_install': False, 'path': '/home/darkdemon/work/motor_control/src/tb4_arm_ros2/python_moveit2', 'symlink_install': False, 'test_result_base': None}
[0.415s] Level 5:colcon.colcon_core.verb:set package 'python_moveit_interface' build argument 'cmake_args' from command line to 'None'
[0.415s] Level 5:colcon.colcon_core.verb:set package 'python_moveit_interface' build argument 'cmake_target' from command line to 'None'
[0.415s] Level 5:colcon.colcon_core.verb:set package 'python_moveit_interface' build argument 'cmake_target_skip_unavailable' from command line to 'False'
[0.415s] Level 5:colcon.colcon_core.verb:set package 'python_moveit_interface' build argument 'cmake_clean_cache' from command line to 'False'
[0.415s] Level 5:colcon.colcon_core.verb:set package 'python_moveit_interface' build argument 'cmake_clean_first' from command line to 'False'
[0.415s] Level 5:colcon.colcon_core.verb:set package 'python_moveit_interface' build argument 'cmake_force_configure' from command line to 'False'
[0.415s] Level 5:colcon.colcon_core.verb:set package 'python_moveit_interface' build argument 'ament_cmake_args' from command line to 'None'
[0.415s] Level 5:colcon.colcon_core.verb:set package 'python_moveit_interface' build argument 'catkin_cmake_args' from command line to 'None'
[0.415s] Level 5:colcon.colcon_core.verb:set package 'python_moveit_interface' build argument 'catkin_skip_building_tests' from command line to 'False'
[0.415s] DEBUG:colcon.colcon_core.verb:Building package 'python_moveit_interface' with the following arguments: {'ament_cmake_args': None, 'build_base': '/home/darkdemon/work/motor_control/build/python_moveit_interface', 'catkin_cmake_args': None, 'catkin_skip_building_tests': False, 'cmake_args': None, 'cmake_clean_cache': False, 'cmake_clean_first': False, 'cmake_force_configure': False, 'cmake_target': None, 'cmake_target_skip_unavailable': False, 'install_base': '/home/darkdemon/work/motor_control/install/python_moveit_interface', 'merge_install': False, 'path': '/home/darkdemon/work/motor_control/src/tb4_arm_ros2/python_moveit_interface', 'symlink_install': False, 'test_result_base': None}
[0.416s] Level 5:colcon.colcon_core.verb:set package 'realsense' build argument 'cmake_args' from command line to 'None'
[0.416s] Level 5:colcon.colcon_core.verb:set package 'realsense' build argument 'cmake_target' from command line to 'None'
[0.416s] Level 5:colcon.colcon_core.verb:set package 'realsense' build argument 'cmake_target_skip_unavailable' from command line to 'False'
[0.416s] Level 5:colcon.colcon_core.verb:set package 'realsense' build argument 'cmake_clean_cache' from command line to 'False'
[0.416s] Level 5:colcon.colcon_core.verb:set package 'realsense' build argument 'cmake_clean_first' from command line to 'False'
[0.416s] Level 5:colcon.colcon_core.verb:set package 'realsense' build argument 'cmake_force_configure' from command line to 'False'
[0.416s] Level 5:colcon.colcon_core.verb:set package 'realsense' build argument 'ament_cmake_args' from command line to 'None'
[0.416s] Level 5:colcon.colcon_core.verb:set package 'realsense' build argument 'catkin_cmake_args' from command line to 'None'
[0.416s] Level 5:colcon.colcon_core.verb:set package 'realsense' build argument 'catkin_skip_building_tests' from command line to 'False'
[0.416s] DEBUG:colcon.colcon_core.verb:Building package 'realsense' with the following arguments: {'ament_cmake_args': None, 'build_base': '/home/darkdemon/work/motor_control/build/realsense', 'catkin_cmake_args': None, 'catkin_skip_building_tests': False, 'cmake_args': None, 'cmake_clean_cache': False, 'cmake_clean_first': False, 'cmake_force_configure': False, 'cmake_target': None, 'cmake_target_skip_unavailable': False, 'install_base': '/home/darkdemon/work/motor_control/install/realsense', 'merge_install': False, 'path': '/home/darkdemon/work/motor_control/src/realsense', 'symlink_install': False, 'test_result_base': None}
[0.416s] Level 5:colcon.colcon_core.verb:set package 'small_arm_moveit_cpp' build argument 'cmake_args' from command line to 'None'
[0.416s] Level 5:colcon.colcon_core.verb:set package 'small_arm_moveit_cpp' build argument 'cmake_target' from command line to 'None'
[0.416s] Level 5:colcon.colcon_core.verb:set package 'small_arm_moveit_cpp' build argument 'cmake_target_skip_unavailable' from command line to 'False'
[0.416s] Level 5:colcon.colcon_core.verb:set package 'small_arm_moveit_cpp' build argument 'cmake_clean_cache' from command line to 'False'
[0.416s] Level 5:colcon.colcon_core.verb:set package 'small_arm_moveit_cpp' build argument 'cmake_clean_first' from command line to 'False'
[0.416s] Level 5:colcon.colcon_core.verb:set package 'small_arm_moveit_cpp' build argument 'cmake_force_configure' from command line to 'False'
[0.416s] Level 5:colcon.colcon_core.verb:set package 'small_arm_moveit_cpp' build argument 'ament_cmake_args' from command line to 'None'
[0.416s] Level 5:colcon.colcon_core.verb:set package 'small_arm_moveit_cpp' build argument 'catkin_cmake_args' from command line to 'None'
[0.416s] Level 5:colcon.colcon_core.verb:set package 'small_arm_moveit_cpp' build argument 'catkin_skip_building_tests' from command line to 'False'
[0.416s] DEBUG:colcon.colcon_core.verb:Building package 'small_arm_moveit_cpp' with the following arguments: {'ament_cmake_args': None, 'build_base': '/home/darkdemon/work/motor_control/build/small_arm_moveit_cpp', 'catkin_cmake_args': None, 'catkin_skip_building_tests': False, 'cmake_args': None, 'cmake_clean_cache': False, 'cmake_clean_first': False, 'cmake_force_configure': False, 'cmake_target': None, 'cmake_target_skip_unavailable': False, 'install_base': '/home/darkdemon/work/motor_control/install/small_arm_moveit_cpp', 'merge_install': False, 'path': '/home/darkdemon/work/motor_control/src/tb4_arm_ros2/small_arm_moveit_cpp', 'symlink_install': False, 'test_result_base': None}
[0.416s] Level 5:colcon.colcon_core.verb:set package 'dynamixel_hardware' build argument 'cmake_args' from command line to 'None'
[0.416s] Level 5:colcon.colcon_core.verb:set package 'dynamixel_hardware' build argument 'cmake_target' from command line to 'None'
[0.416s] Level 5:colcon.colcon_core.verb:set package 'dynamixel_hardware' build argument 'cmake_target_skip_unavailable' from command line to 'False'
[0.416s] Level 5:colcon.colcon_core.verb:set package 'dynamixel_hardware' build argument 'cmake_clean_cache' from command line to 'False'
[0.416s] Level 5:colcon.colcon_core.verb:set package 'dynamixel_hardware' build argument 'cmake_clean_first' from command line to 'False'
[0.416s] Level 5:colcon.colcon_core.verb:set package 'dynamixel_hardware' build argument 'cmake_force_configure' from command line to 'False'
[0.416s] Level 5:colcon.colcon_core.verb:set package 'dynamixel_hardware' build argument 'ament_cmake_args' from command line to 'None'
[0.416s] Level 5:colcon.colcon_core.verb:set package 'dynamixel_hardware' build argument 'catkin_cmake_args' from command line to 'None'
[0.416s] Level 5:colcon.colcon_core.verb:set package 'dynamixel_hardware' build argument 'catkin_skip_building_tests' from command line to 'False'
[0.416s] DEBUG:colcon.colcon_core.verb:Building package 'dynamixel_hardware' with the following arguments: {'ament_cmake_args': None, 'build_base': '/home/darkdemon/work/motor_control/build/dynamixel_hardware', 'catkin_cmake_args': None, 'catkin_skip_building_tests': False, 'cmake_args': None, 'cmake_clean_cache': False, 'cmake_clean_first': False, 'cmake_force_configure': False, 'cmake_target': None, 'cmake_target_skip_unavailable': False, 'install_base': '/home/darkdemon/work/motor_control/install/dynamixel_hardware', 'merge_install': False, 'path': '/home/darkdemon/work/motor_control/src/tb4_arm_ros2/dynamixel_hardware', 'symlink_install': False, 'test_result_base': None}
[0.417s] Level 5:colcon.colcon_core.verb:set package 'dynamixel_workbench' build argument 'cmake_args' from command line to 'None'
[0.417s] Level 5:colcon.colcon_core.verb:set package 'dynamixel_workbench' build argument 'cmake_target' from command line to 'None'
[0.417s] Level 5:colcon.colcon_core.verb:set package 'dynamixel_workbench' build argument 'cmake_target_skip_unavailable' from command line to 'False'
[0.417s] Level 5:colcon.colcon_core.verb:set package 'dynamixel_workbench' build argument 'cmake_clean_cache' from command line to 'False'
[0.417s] Level 5:colcon.colcon_core.verb:set package 'dynamixel_workbench' build argument 'cmake_clean_first' from command line to 'False'
[0.417s] Level 5:colcon.colcon_core.verb:set package 'dynamixel_workbench' build argument 'cmake_force_configure' from command line to 'False'
[0.417s] Level 5:colcon.colcon_core.verb:set package 'dynamixel_workbench' build argument 'ament_cmake_args' from command line to 'None'
[0.417s] Level 5:colcon.colcon_core.verb:set package 'dynamixel_workbench' build argument 'catkin_cmake_args' from command line to 'None'
[0.417s] Level 5:colcon.colcon_core.verb:set package 'dynamixel_workbench' build argument 'catkin_skip_building_tests' from command line to 'False'
[0.417s] DEBUG:colcon.colcon_core.verb:Building package 'dynamixel_workbench' with the following arguments: {'ament_cmake_args': None, 'build_base': '/home/darkdemon/work/motor_control/build/dynamixel_workbench', 'catkin_cmake_args': None, 'catkin_skip_building_tests': False, 'cmake_args': None, 'cmake_clean_cache': False, 'cmake_clean_first': False, 'cmake_force_configure': False, 'cmake_target': None, 'cmake_target_skip_unavailable': False, 'install_base': '/home/darkdemon/work/motor_control/install/dynamixel_workbench', 'merge_install': False, 'path': '/home/darkdemon/work/motor_control/src/dynamixel-workbench/dynamixel_workbench', 'symlink_install': False, 'test_result_base': None}
[0.417s] Level 5:colcon.colcon_core.verb:set package 'small_arm_description' build argument 'cmake_args' from command line to 'None'
[0.417s] Level 5:colcon.colcon_core.verb:set package 'small_arm_description' build argument 'cmake_target' from command line to 'None'
[0.417s] Level 5:colcon.colcon_core.verb:set package 'small_arm_description' build argument 'cmake_target_skip_unavailable' from command line to 'False'
[0.417s] Level 5:colcon.colcon_core.verb:set package 'small_arm_description' build argument 'cmake_clean_cache' from command line to 'False'
[0.417s] Level 5:colcon.colcon_core.verb:set package 'small_arm_description' build argument 'cmake_clean_first' from command line to 'False'
[0.417s] Level 5:colcon.colcon_core.verb:set package 'small_arm_description' build argument 'cmake_force_configure' from command line to 'False'
[0.417s] Level 5:colcon.colcon_core.verb:set package 'small_arm_description' build argument 'ament_cmake_args' from command line to 'None'
[0.417s] Level 5:colcon.colcon_core.verb:set package 'small_arm_description' build argument 'catkin_cmake_args' from command line to 'None'
[0.417s] Level 5:colcon.colcon_core.verb:set package 'small_arm_description' build argument 'catkin_skip_building_tests' from command line to 'False'
[0.417s] DEBUG:colcon.colcon_core.verb:Building package 'small_arm_description' with the following arguments: {'ament_cmake_args': None, 'build_base': '/home/darkdemon/work/motor_control/build/small_arm_description', 'catkin_cmake_args': None, 'catkin_skip_building_tests': False, 'cmake_args': None, 'cmake_clean_cache': False, 'cmake_clean_first': False, 'cmake_force_configure': False, 'cmake_target': None, 'cmake_target_skip_unavailable': False, 'install_base': '/home/darkdemon/work/motor_control/install/small_arm_description', 'merge_install': False, 'path': '/home/darkdemon/work/motor_control/src/tb4_arm_ros2/small_arm_description', 'symlink_install': False, 'test_result_base': None}
[0.418s] Level 5:colcon.colcon_core.verb:set package 'small_arm_moveit_config' build argument 'cmake_args' from command line to 'None'
[0.418s] Level 5:colcon.colcon_core.verb:set package 'small_arm_moveit_config' build argument 'cmake_target' from command line to 'None'
[0.418s] Level 5:colcon.colcon_core.verb:set package 'small_arm_moveit_config' build argument 'cmake_target_skip_unavailable' from command line to 'False'
[0.418s] Level 5:colcon.colcon_core.verb:set package 'small_arm_moveit_config' build argument 'cmake_clean_cache' from command line to 'False'
[0.418s] Level 5:colcon.colcon_core.verb:set package 'small_arm_moveit_config' build argument 'cmake_clean_first' from command line to 'False'
[0.418s] Level 5:colcon.colcon_core.verb:set package 'small_arm_moveit_config' build argument 'cmake_force_configure' from command line to 'False'
[0.418s] Level 5:colcon.colcon_core.verb:set package 'small_arm_moveit_config' build argument 'ament_cmake_args' from command line to 'None'
[0.418s] Level 5:colcon.colcon_core.verb:set package 'small_arm_moveit_config' build argument 'catkin_cmake_args' from command line to 'None'
[0.418s] Level 5:colcon.colcon_core.verb:set package 'small_arm_moveit_config' build argument 'catkin_skip_building_tests' from command line to 'False'
[0.418s] DEBUG:colcon.colcon_core.verb:Building package 'small_arm_moveit_config' with the following arguments: {'ament_cmake_args': None, 'build_base': '/home/darkdemon/work/motor_control/build/small_arm_moveit_config', 'catkin_cmake_args': None, 'catkin_skip_building_tests': False, 'cmake_args': None, 'cmake_clean_cache': False, 'cmake_clean_first': False, 'cmake_force_configure': False, 'cmake_target': None, 'cmake_target_skip_unavailable': False, 'install_base': '/home/darkdemon/work/motor_control/install/small_arm_moveit_config', 'merge_install': False, 'path': '/home/darkdemon/work/motor_control/src/tb4_arm_ros2/small_arm_moveit_config', 'symlink_install': False, 'test_result_base': None}
[0.418s] INFO:colcon.colcon_core.executor:Executing jobs using 'parallel' executor
[0.419s] DEBUG:colcon.colcon_parallel_executor.executor.parallel:run_until_complete
[0.419s] INFO:colcon.colcon_ros.task.ament_cmake.build:Building ROS package in '/home/darkdemon/work/motor_control/src/dynamixel-workbench/dynamixel_workbench_toolbox' with build type 'ament_cmake'
[0.419s] INFO:colcon.colcon_cmake.task.cmake.build:Building CMake package in '/home/darkdemon/work/motor_control/src/dynamixel-workbench/dynamixel_workbench_toolbox'
[0.421s] INFO:colcon.colcon_core.plugin_system:Skipping extension 'colcon_core.shell.bat': Not used on non-Windows systems
[0.421s] INFO:colcon.colcon_core.shell:Skip shell extension 'powershell' for command environment: Not usable outside of PowerShell
[0.421s] DEBUG:colcon.colcon_core.shell:Skip shell extension 'dsv' for command environment
[0.425s] INFO:colcon.colcon_ros.task.ament_cmake.build:Building ROS package in '/home/darkdemon/work/motor_control/src/dynamixel-workbench-msgs/dynamixel_workbench_msgs' with build type 'ament_cmake'
[0.426s] INFO:colcon.colcon_cmake.task.cmake.build:Building CMake package in '/home/darkdemon/work/motor_control/src/dynamixel-workbench-msgs/dynamixel_workbench_msgs'
[0.426s] INFO:colcon.colcon_core.shell:Skip shell extension 'powershell' for command environment: Not usable outside of PowerShell
[0.426s] DEBUG:colcon.colcon_core.shell:Skip shell extension 'dsv' for command environment
[0.429s] INFO:colcon.colcon_ros.task.ament_python.build:Building ROS package in '/home/darkdemon/work/motor_control/src/tb4_arm_ros2/python_moveit2' with build type 'ament_python'
[0.429s] Level 1:colcon.colcon_core.shell:create_environment_hook('python_moveit2', 'ament_prefix_path')
[0.429s] INFO:colcon.colcon_core.shell:Creating environment hook '/home/darkdemon/work/motor_control/install/python_moveit2/share/python_moveit2/hook/ament_prefix_path.ps1'
[0.430s] INFO:colcon.colcon_core.shell:Creating environment descriptor '/home/darkdemon/work/motor_control/install/python_moveit2/share/python_moveit2/hook/ament_prefix_path.dsv'
[0.430s] INFO:colcon.colcon_core.shell:Creating environment hook '/home/darkdemon/work/motor_control/install/python_moveit2/share/python_moveit2/hook/ament_prefix_path.sh'
[0.431s] INFO:colcon.colcon_core.shell:Skip shell extension 'powershell' for command environment: Not usable outside of PowerShell
[0.431s] DEBUG:colcon.colcon_core.shell:Skip shell extension 'dsv' for command environment
[0.436s] INFO:colcon.colcon_ros.task.catkin.build:Building ROS package in '/home/darkdemon/work/motor_control/src/tb4_arm_ros2/python_moveit_interface' with build type 'catkin'
[0.436s] INFO:colcon.colcon_cmake.task.cmake.build:Building CMake package in '/home/darkdemon/work/motor_control/src/tb4_arm_ros2/python_moveit_interface'
[0.436s] INFO:colcon.colcon_core.shell:Skip shell extension 'powershell' for command environment: Not usable outside of PowerShell
[0.436s] DEBUG:colcon.colcon_core.shell:Skip shell extension 'dsv' for command environment
[0.441s] INFO:colcon.colcon_ros.task.ament_python.build:Building ROS package in '/home/darkdemon/work/motor_control/src/realsense' with build type 'ament_python'
[0.441s] Level 1:colcon.colcon_core.shell:create_environment_hook('realsense', 'ament_prefix_path')
[0.441s] INFO:colcon.colcon_core.shell:Creating environment hook '/home/darkdemon/work/motor_control/install/realsense/share/realsense/hook/ament_prefix_path.ps1'
[0.441s] INFO:colcon.colcon_core.shell:Creating environment descriptor '/home/darkdemon/work/motor_control/install/realsense/share/realsense/hook/ament_prefix_path.dsv'
[0.442s] INFO:colcon.colcon_core.shell:Creating environment hook '/home/darkdemon/work/motor_control/install/realsense/share/realsense/hook/ament_prefix_path.sh'
[0.442s] INFO:colcon.colcon_core.shell:Skip shell extension 'powershell' for command environment: Not usable outside of PowerShell
[0.443s] DEBUG:colcon.colcon_core.shell:Skip shell extension 'dsv' for command environment
[0.447s] INFO:colcon.colcon_ros.task.ament_cmake.build:Building ROS package in '/home/darkdemon/work/motor_control/src/tb4_arm_ros2/small_arm_moveit_cpp' with build type 'ament_cmake'
[0.447s] INFO:colcon.colcon_cmake.task.cmake.build:Building CMake package in '/home/darkdemon/work/motor_control/src/tb4_arm_ros2/small_arm_moveit_cpp'
[0.448s] INFO:colcon.colcon_core.shell:Skip shell extension 'powershell' for command environment: Not usable outside of PowerShell
[0.448s] DEBUG:colcon.colcon_core.shell:Skip shell extension 'dsv' for command environment
[0.462s] DEBUG:colcon.colcon_core.event_handler.log_command:Invoking command in '/home/darkdemon/work/motor_control/build/dynamixel_workbench_toolbox': CMAKE_PREFIX_PATH=/home/darkdemon/work/motor_control/install/small_arm_moveit_cpp:/home/darkdemon/work/motor_control/install/small_arm_moveit_config:/home/darkdemon/work/motor_control/install/small_arm_description:/home/darkdemon/work/motor_control/install/realsense:/home/darkdemon/work/motor_control/install/python_moveit2:/opt/ros/humble:/home/darkdemon/work/motor_control/install/python_moveit_interface:/home/darkdemon/work/motor_control/install/dynamixel_workbench:/home/darkdemon/work/motor_control/install/dynamixel_hardware:/home/darkdemon/work/motor_control/install/dynamixel_workbench_toolbox:/home/darkdemon/work/motor_control/install/dynamixel_workbench_msgs /usr/bin/cmake --build /home/darkdemon/work/motor_control/build/dynamixel_workbench_toolbox -- -j20 -l20
[0.467s] DEBUG:colcon.colcon_core.event_handler.log_command:Invoking command in '/home/darkdemon/work/motor_control/build/dynamixel_workbench_msgs': CMAKE_PREFIX_PATH=/home/darkdemon/work/motor_control/install/small_arm_moveit_cpp:/home/darkdemon/work/motor_control/install/small_arm_moveit_config:/home/darkdemon/work/motor_control/install/small_arm_description:/home/darkdemon/work/motor_control/install/realsense:/home/darkdemon/work/motor_control/install/python_moveit2:/opt/ros/humble:/home/darkdemon/work/motor_control/install/python_moveit_interface:/home/darkdemon/work/motor_control/install/dynamixel_workbench:/home/darkdemon/work/motor_control/install/dynamixel_hardware:/home/darkdemon/work/motor_control/install/dynamixel_workbench_toolbox:/home/darkdemon/work/motor_control/install/dynamixel_workbench_msgs /usr/bin/cmake --build /home/darkdemon/work/motor_control/build/dynamixel_workbench_msgs -- -j20 -l20
[0.900s] INFO:colcon.colcon_core.task.python.build:Building Python package in '/home/darkdemon/work/motor_control/src/tb4_arm_ros2/python_moveit2'
[0.901s] INFO:colcon.colcon_core.shell:Skip shell extension 'powershell' for command environment: Not usable outside of PowerShell
[0.901s] DEBUG:colcon.colcon_core.shell:Skip shell extension 'dsv' for command environment
[0.918s] DEBUG:colcon.colcon_core.event_handler.log_command:Invoking command in '/home/darkdemon/work/motor_control/build/python_moveit_interface': /usr/bin/cmake --build /home/darkdemon/work/motor_control/build/python_moveit_interface -- -j20 -l20
[1.362s] INFO:colcon.colcon_core.task.python.build:Building Python package in '/home/darkdemon/work/motor_control/src/realsense'
[1.363s] INFO:colcon.colcon_core.shell:Skip shell extension 'powershell' for command environment: Not usable outside of PowerShell
[1.363s] DEBUG:colcon.colcon_core.shell:Skip shell extension 'dsv' for command environment
[1.371s] DEBUG:colcon.colcon_core.event_handler.log_command:Invoking command in '/home/darkdemon/work/motor_control/build/small_arm_moveit_cpp': CMAKE_PREFIX_PATH=/home/darkdemon/work/motor_control/install/small_arm_moveit_cpp:/home/darkdemon/work/motor_control/install/small_arm_moveit_config:/home/darkdemon/work/motor_control/install/small_arm_description:/home/darkdemon/work/motor_control/install/realsense:/home/darkdemon/work/motor_control/install/python_moveit2:/opt/ros/humble:/home/darkdemon/work/motor_control/install/python_moveit_interface:/home/darkdemon/work/motor_control/install/dynamixel_workbench:/home/darkdemon/work/motor_control/install/dynamixel_hardware:/home/darkdemon/work/motor_control/install/dynamixel_workbench_toolbox:/home/darkdemon/work/motor_control/install/dynamixel_workbench_msgs /usr/bin/cmake --build /home/darkdemon/work/motor_control/build/small_arm_moveit_cpp -- -j20 -l20
[1.385s] DEBUG:colcon.colcon_core.event_handler.log_command:Invoked command in '/home/darkdemon/work/motor_control/build/dynamixel_workbench_toolbox' returned '0': CMAKE_PREFIX_PATH=/home/darkdemon/work/motor_control/install/small_arm_moveit_cpp:/home/darkdemon/work/motor_control/install/small_arm_moveit_config:/home/darkdemon/work/motor_control/install/small_arm_description:/home/darkdemon/work/motor_control/install/realsense:/home/darkdemon/work/motor_control/install/python_moveit2:/opt/ros/humble:/home/darkdemon/work/motor_control/install/python_moveit_interface:/home/darkdemon/work/motor_control/install/dynamixel_workbench:/home/darkdemon/work/motor_control/install/dynamixel_hardware:/home/darkdemon/work/motor_control/install/dynamixel_workbench_toolbox:/home/darkdemon/work/motor_control/install/dynamixel_workbench_msgs /usr/bin/cmake --build /home/darkdemon/work/motor_control/build/dynamixel_workbench_toolbox -- -j20 -l20
[1.401s] DEBUG:colcon.colcon_core.event_handler.log_command:Invoking command in '/home/darkdemon/work/motor_control/build/dynamixel_workbench_toolbox': CMAKE_PREFIX_PATH=/home/darkdemon/work/motor_control/install/small_arm_moveit_cpp:/home/darkdemon/work/motor_control/install/small_arm_moveit_config:/home/darkdemon/work/motor_control/install/small_arm_description:/home/darkdemon/work/motor_control/install/realsense:/home/darkdemon/work/motor_control/install/python_moveit2:/opt/ros/humble:/home/darkdemon/work/motor_control/install/python_moveit_interface:/home/darkdemon/work/motor_control/install/dynamixel_workbench:/home/darkdemon/work/motor_control/install/dynamixel_hardware:/home/darkdemon/work/motor_control/install/dynamixel_workbench_toolbox:/home/darkdemon/work/motor_control/install/dynamixel_workbench_msgs /usr/bin/cmake --install /home/darkdemon/work/motor_control/build/dynamixel_workbench_toolbox
[1.403s] DEBUG:colcon.colcon_core.event_handler.log_command:Invoked command in '/home/darkdemon/work/motor_control/build/dynamixel_workbench_msgs' returned '0': CMAKE_PREFIX_PATH=/home/darkdemon/work/motor_control/install/small_arm_moveit_cpp:/home/darkdemon/work/motor_control/install/small_arm_moveit_config:/home/darkdemon/work/motor_control/install/small_arm_description:/home/darkdemon/work/motor_control/install/realsense:/home/darkdemon/work/motor_control/install/python_moveit2:/opt/ros/humble:/home/darkdemon/work/motor_control/install/python_moveit_interface:/home/darkdemon/work/motor_control/install/dynamixel_workbench:/home/darkdemon/work/motor_control/install/dynamixel_hardware:/home/darkdemon/work/motor_control/install/dynamixel_workbench_toolbox:/home/darkdemon/work/motor_control/install/dynamixel_workbench_msgs /usr/bin/cmake --build /home/darkdemon/work/motor_control/build/dynamixel_workbench_msgs -- -j20 -l20
[1.406s] DEBUG:colcon.colcon_core.event_handler.log_command:Invoking command in '/home/darkdemon/work/motor_control/build/dynamixel_workbench_msgs': CMAKE_PREFIX_PATH=/home/darkdemon/work/motor_control/install/small_arm_moveit_cpp:/home/darkdemon/work/motor_control/install/small_arm_moveit_config:/home/darkdemon/work/motor_control/install/small_arm_description:/home/darkdemon/work/motor_control/install/realsense:/home/darkdemon/work/motor_control/install/python_moveit2:/opt/ros/humble:/home/darkdemon/work/motor_control/install/python_moveit_interface:/home/darkdemon/work/motor_control/install/dynamixel_workbench:/home/darkdemon/work/motor_control/install/dynamixel_hardware:/home/darkdemon/work/motor_control/install/dynamixel_workbench_toolbox:/home/darkdemon/work/motor_control/install/dynamixel_workbench_msgs /usr/bin/cmake --install /home/darkdemon/work/motor_control/build/dynamixel_workbench_msgs
[1.430s] Level 1:colcon.colcon_core.environment:create_environment_scripts_only(dynamixel_workbench_toolbox)
[1.434s] Level 1:colcon.colcon_core.environment:checking '/home/darkdemon/work/motor_control/install/dynamixel_workbench_toolbox' for CMake module files
[1.439s] Level 1:colcon.colcon_core.environment:checking '/home/darkdemon/work/motor_control/install/dynamixel_workbench_toolbox' for CMake config files
[1.439s] Level 1:colcon.colcon_core.shell:create_environment_hook('dynamixel_workbench_toolbox', 'cmake_prefix_path')
[1.440s] INFO:colcon.colcon_core.shell:Creating environment hook '/home/darkdemon/work/motor_control/install/dynamixel_workbench_toolbox/share/dynamixel_workbench_toolbox/hook/cmake_prefix_path.ps1'
[1.440s] INFO:colcon.colcon_core.shell:Creating environment descriptor '/home/darkdemon/work/motor_control/install/dynamixel_workbench_toolbox/share/dynamixel_workbench_toolbox/hook/cmake_prefix_path.dsv'
[1.441s] INFO:colcon.colcon_core.shell:Creating environment hook '/home/darkdemon/work/motor_control/install/dynamixel_workbench_toolbox/share/dynamixel_workbench_toolbox/hook/cmake_prefix_path.sh'
[1.447s] Level 1:colcon.colcon_core.environment:checking '/home/darkdemon/work/motor_control/install/dynamixel_workbench_toolbox/lib'
[1.447s] Level 1:colcon.colcon_core.shell:create_environment_hook('dynamixel_workbench_toolbox', 'ld_library_path_lib')
[1.447s] INFO:colcon.colcon_core.shell:Creating environment hook '/home/darkdemon/work/motor_control/install/dynamixel_workbench_toolbox/share/dynamixel_workbench_toolbox/hook/ld_library_path_lib.ps1'
[1.453s] INFO:colcon.colcon_core.shell:Creating environment descriptor '/home/darkdemon/work/motor_control/install/dynamixel_workbench_toolbox/share/dynamixel_workbench_toolbox/hook/ld_library_path_lib.dsv'
[1.454s] INFO:colcon.colcon_core.shell:Creating environment hook '/home/darkdemon/work/motor_control/install/dynamixel_workbench_toolbox/share/dynamixel_workbench_toolbox/hook/ld_library_path_lib.sh'
[1.454s] Level 1:colcon.colcon_core.environment:checking '/home/darkdemon/work/motor_control/install/dynamixel_workbench_toolbox/bin'
[1.454s] Level 1:colcon.colcon_core.environment:checking '/home/darkdemon/work/motor_control/install/dynamixel_workbench_toolbox/lib/pkgconfig/dynamixel_workbench_toolbox.pc'
[1.455s] Level 1:colcon.colcon_core.environment:checking '/home/darkdemon/work/motor_control/install/dynamixel_workbench_toolbox/lib/python3.10/site-packages'
[1.455s] Level 1:colcon.colcon_core.environment:checking '/home/darkdemon/work/motor_control/install/dynamixel_workbench_toolbox/bin'
[1.456s] INFO:colcon.colcon_core.shell:Creating package script '/home/darkdemon/work/motor_control/install/dynamixel_workbench_toolbox/share/dynamixel_workbench_toolbox/package.ps1'
[1.465s] INFO:colcon.colcon_core.shell:Creating package descriptor '/home/darkdemon/work/motor_control/install/dynamixel_workbench_toolbox/share/dynamixel_workbench_toolbox/package.dsv'
[1.466s] INFO:colcon.colcon_core.shell:Creating package script '/home/darkdemon/work/motor_control/install/dynamixel_workbench_toolbox/share/dynamixel_workbench_toolbox/package.sh'
[1.467s] INFO:colcon.colcon_core.shell:Creating package script '/home/darkdemon/work/motor_control/install/dynamixel_workbench_toolbox/share/dynamixel_workbench_toolbox/package.bash'
[1.468s] INFO:colcon.colcon_core.shell:Creating package script '/home/darkdemon/work/motor_control/install/dynamixel_workbench_toolbox/share/dynamixel_workbench_toolbox/package.zsh'
[1.473s] DEBUG:colcon.colcon_core.event_handler.log_command:Invoked command in '/home/darkdemon/work/motor_control/build/dynamixel_workbench_toolbox' returned '0': CMAKE_PREFIX_PATH=/home/darkdemon/work/motor_control/install/small_arm_moveit_cpp:/home/darkdemon/work/motor_control/install/small_arm_moveit_config:/home/darkdemon/work/motor_control/install/small_arm_description:/home/darkdemon/work/motor_control/install/realsense:/home/darkdemon/work/motor_control/install/python_moveit2:/opt/ros/humble:/home/darkdemon/work/motor_control/install/python_moveit_interface:/home/darkdemon/work/motor_control/install/dynamixel_workbench:/home/darkdemon/work/motor_control/install/dynamixel_hardware:/home/darkdemon/work/motor_control/install/dynamixel_workbench_toolbox:/home/darkdemon/work/motor_control/install/dynamixel_workbench_msgs /usr/bin/cmake --install /home/darkdemon/work/motor_control/build/dynamixel_workbench_toolbox
[1.481s] Level 1:colcon.colcon_core.environment:create_file_with_runtime_dependencies(/home/darkdemon/work/motor_control/install/dynamixel_workbench_toolbox/share/colcon-core/packages/dynamixel_workbench_toolbox)
[1.481s] Level 1:colcon.colcon_core.environment:create_environment_scripts_only(dynamixel_workbench_toolbox)
[1.482s] Level 1:colcon.colcon_core.environment:checking '/home/darkdemon/work/motor_control/install/dynamixel_workbench_toolbox' for CMake module files
[1.482s] Level 1:colcon.colcon_core.environment:checking '/home/darkdemon/work/motor_control/install/dynamixel_workbench_toolbox' for CMake config files
[1.483s] Level 1:colcon.colcon_core.shell:create_environment_hook('dynamixel_workbench_toolbox', 'cmake_prefix_path')
[1.483s] INFO:colcon.colcon_core.shell:Creating environment hook '/home/darkdemon/work/motor_control/install/dynamixel_workbench_toolbox/share/dynamixel_workbench_toolbox/hook/cmake_prefix_path.ps1'
[1.483s] INFO:colcon.colcon_core.shell:Creating environment descriptor '/home/darkdemon/work/motor_control/install/dynamixel_workbench_toolbox/share/dynamixel_workbench_toolbox/hook/cmake_prefix_path.dsv'
[1.491s] INFO:colcon.colcon_core.shell:Creating environment hook '/home/darkdemon/work/motor_control/install/dynamixel_workbench_toolbox/share/dynamixel_workbench_toolbox/hook/cmake_prefix_path.sh'
[1.491s] Level 1:colcon.colcon_core.environment:checking '/home/darkdemon/work/motor_control/install/dynamixel_workbench_toolbox/lib'
[1.491s] Level 1:colcon.colcon_core.shell:create_environment_hook('dynamixel_workbench_toolbox', 'ld_library_path_lib')
[1.492s] INFO:colcon.colcon_core.shell:Creating environment hook '/home/darkdemon/work/motor_control/install/dynamixel_workbench_toolbox/share/dynamixel_workbench_toolbox/hook/ld_library_path_lib.ps1'
[1.492s] INFO:colcon.colcon_core.shell:Creating environment descriptor '/home/darkdemon/work/motor_control/install/dynamixel_workbench_toolbox/share/dynamixel_workbench_toolbox/hook/ld_library_path_lib.dsv'
[1.493s] INFO:colcon.colcon_core.shell:Creating environment hook '/home/darkdemon/work/motor_control/install/dynamixel_workbench_toolbox/share/dynamixel_workbench_toolbox/hook/ld_library_path_lib.sh'
[1.493s] Level 1:colcon.colcon_core.environment:checking '/home/darkdemon/work/motor_control/install/dynamixel_workbench_toolbox/bin'
[1.493s] Level 1:colcon.colcon_core.environment:checking '/home/darkdemon/work/motor_control/install/dynamixel_workbench_toolbox/lib/pkgconfig/dynamixel_workbench_toolbox.pc'
[1.493s] Level 1:colcon.colcon_core.environment:checking '/home/darkdemon/work/motor_control/install/dynamixel_workbench_toolbox/lib/python3.10/site-packages'
[1.498s] Level 1:colcon.colcon_core.environment:checking '/home/darkdemon/work/motor_control/install/dynamixel_workbench_toolbox/bin'
[1.498s] INFO:colcon.colcon_core.shell:Creating package script '/home/darkdemon/work/motor_control/install/dynamixel_workbench_toolbox/share/dynamixel_workbench_toolbox/package.ps1'
[1.499s] INFO:colcon.colcon_core.shell:Creating package descriptor '/home/darkdemon/work/motor_control/install/dynamixel_workbench_toolbox/share/dynamixel_workbench_toolbox/package.dsv'
[1.499s] INFO:colcon.colcon_core.shell:Creating package script '/home/darkdemon/work/motor_control/install/dynamixel_workbench_toolbox/share/dynamixel_workbench_toolbox/package.sh'
[1.500s] INFO:colcon.colcon_core.shell:Creating package script '/home/darkdemon/work/motor_control/install/dynamixel_workbench_toolbox/share/dynamixel_workbench_toolbox/package.bash'
[1.500s] INFO:colcon.colcon_core.shell:Creating package script '/home/darkdemon/work/motor_control/install/dynamixel_workbench_toolbox/share/dynamixel_workbench_toolbox/package.zsh'
[1.501s] Level 1:colcon.colcon_core.environment:create_file_with_runtime_dependencies(/home/darkdemon/work/motor_control/install/dynamixel_workbench_toolbox/share/colcon-core/packages/dynamixel_workbench_toolbox)
[1.505s] INFO:colcon.colcon_ros.task.ament_cmake.build:Building ROS package in '/home/darkdemon/work/motor_control/src/tb4_arm_ros2/dynamixel_hardware' with build type 'ament_cmake'
[1.506s] INFO:colcon.colcon_cmake.task.cmake.build:Building CMake package in '/home/darkdemon/work/motor_control/src/tb4_arm_ros2/dynamixel_hardware'
[1.506s] INFO:colcon.colcon_core.shell:Skip shell extension 'powershell' for command environment: Not usable outside of PowerShell
[1.506s] DEBUG:colcon.colcon_core.shell:Skip shell extension 'dsv' for command environment
[1.518s] INFO:colcon.colcon_ros.task.ament_cmake.build:Building ROS package in '/home/darkdemon/work/motor_control/src/dynamixel-workbench/dynamixel_workbench' with build type 'ament_cmake'
[1.519s] INFO:colcon.colcon_cmake.task.cmake.build:Building CMake package in '/home/darkdemon/work/motor_control/src/dynamixel-workbench/dynamixel_workbench'
[1.519s] INFO:colcon.colcon_core.shell:Skip shell extension 'powershell' for command environment: Not usable outside of PowerShell
[1.519s] DEBUG:colcon.colcon_core.shell:Skip shell extension 'dsv' for command environment
[1.549s] DEBUG:colcon.colcon_core.event_handler.log_command:Invoking command in '/home/darkdemon/work/motor_control/build/dynamixel_hardware': CMAKE_PREFIX_PATH=/home/darkdemon/work/motor_control/install/dynamixel_workbench_toolbox:/home/darkdemon/work/motor_control/install/small_arm_moveit_cpp:/home/darkdemon/work/motor_control/install/small_arm_moveit_config:/home/darkdemon/work/motor_control/install/small_arm_description:/home/darkdemon/work/motor_control/install/realsense:/home/darkdemon/work/motor_control/install/python_moveit2:/opt/ros/humble:/home/darkdemon/work/motor_control/install/python_moveit_interface:/home/darkdemon/work/motor_control/install/dynamixel_workbench:/home/darkdemon/work/motor_control/install/dynamixel_hardware:/home/darkdemon/work/motor_control/install/dynamixel_workbench_msgs LD_LIBRARY_PATH=/home/darkdemon/work/motor_control/install/dynamixel_workbench_toolbox/lib:/home/darkdemon/work/motor_control/install/python_moveit_interface/lib:/home/darkdemon/work/motor_control/install/dynamixel_hardware/lib:/home/darkdemon/work/motor_control/install/dynamixel_workbench_msgs/lib:/opt/ros/humble/opt/rviz_ogre_vendor/lib:/opt/ros/humble/lib/x86_64-linux-gnu:/opt/ros/humble/lib:/usr/local/nvidia/lib:/usr/local/nvidia/lib64 /usr/bin/cmake --build /home/darkdemon/work/motor_control/build/dynamixel_hardware -- -j20 -l20
[1.550s] DEBUG:colcon.colcon_core.event_handler.log_command:Invoking command in '/home/darkdemon/work/motor_control/build/dynamixel_workbench': CMAKE_PREFIX_PATH=/home/darkdemon/work/motor_control/install/dynamixel_workbench_toolbox:/home/darkdemon/work/motor_control/install/small_arm_moveit_cpp:/home/darkdemon/work/motor_control/install/small_arm_moveit_config:/home/darkdemon/work/motor_control/install/small_arm_description:/home/darkdemon/work/motor_control/install/realsense:/home/darkdemon/work/motor_control/install/python_moveit2:/opt/ros/humble:/home/darkdemon/work/motor_control/install/python_moveit_interface:/home/darkdemon/work/motor_control/install/dynamixel_workbench:/home/darkdemon/work/motor_control/install/dynamixel_hardware:/home/darkdemon/work/motor_control/install/dynamixel_workbench_msgs LD_LIBRARY_PATH=/home/darkdemon/work/motor_control/install/dynamixel_workbench_toolbox/lib:/home/darkdemon/work/motor_control/install/python_moveit_interface/lib:/home/darkdemon/work/motor_control/install/dynamixel_hardware/lib:/home/darkdemon/work/motor_control/install/dynamixel_workbench_msgs/lib:/opt/ros/humble/opt/rviz_ogre_vendor/lib:/opt/ros/humble/lib/x86_64-linux-gnu:/opt/ros/humble/lib:/usr/local/nvidia/lib:/usr/local/nvidia/lib64 /usr/bin/cmake --build /home/darkdemon/work/motor_control/build/dynamixel_workbench -- -j20 -l20
[1.558s] DEBUG:colcon.colcon_core.event_handler.log_command:Invoked command in '/home/darkdemon/work/motor_control/build/python_moveit_interface' returned '0': /usr/bin/cmake --build /home/darkdemon/work/motor_control/build/python_moveit_interface -- -j20 -l20
[1.559s] DEBUG:colcon.colcon_core.event_handler.log_command:Invoking command in '/home/darkdemon/work/motor_control/build/python_moveit_interface': /usr/bin/cmake --install /home/darkdemon/work/motor_control/build/python_moveit_interface
[1.648s] DEBUG:colcon.colcon_core.event_handler.log_command:Invoked command in '/home/darkdemon/work/motor_control/build/dynamixel_workbench' returned '0': CMAKE_PREFIX_PATH=/home/darkdemon/work/motor_control/install/dynamixel_workbench_toolbox:/home/darkdemon/work/motor_control/install/small_arm_moveit_cpp:/home/darkdemon/work/motor_control/install/small_arm_moveit_config:/home/darkdemon/work/motor_control/install/small_arm_description:/home/darkdemon/work/motor_control/install/realsense:/home/darkdemon/work/motor_control/install/python_moveit2:/opt/ros/humble:/home/darkdemon/work/motor_control/install/python_moveit_interface:/home/darkdemon/work/motor_control/install/dynamixel_workbench:/home/darkdemon/work/motor_control/install/dynamixel_hardware:/home/darkdemon/work/motor_control/install/dynamixel_workbench_msgs LD_LIBRARY_PATH=/home/darkdemon/work/motor_control/install/dynamixel_workbench_toolbox/lib:/home/darkdemon/work/motor_control/install/python_moveit_interface/lib:/home/darkdemon/work/motor_control/install/dynamixel_hardware/lib:/home/darkdemon/work/motor_control/install/dynamixel_workbench_msgs/lib:/opt/ros/humble/opt/rviz_ogre_vendor/lib:/opt/ros/humble/lib/x86_64-linux-gnu:/opt/ros/humble/lib:/usr/local/nvidia/lib:/usr/local/nvidia/lib64 /usr/bin/cmake --build /home/darkdemon/work/motor_control/build/dynamixel_workbench -- -j20 -l20
[1.648s] DEBUG:colcon.colcon_core.event_handler.log_command:Invoking command in '/home/darkdemon/work/motor_control/build/dynamixel_workbench': CMAKE_PREFIX_PATH=/home/darkdemon/work/motor_control/install/dynamixel_workbench_toolbox:/home/darkdemon/work/motor_control/install/small_arm_moveit_cpp:/home/darkdemon/work/motor_control/install/small_arm_moveit_config:/home/darkdemon/work/motor_control/install/small_arm_description:/home/darkdemon/work/motor_control/install/realsense:/home/darkdemon/work/motor_control/install/python_moveit2:/opt/ros/humble:/home/darkdemon/work/motor_control/install/python_moveit_interface:/home/darkdemon/work/motor_control/install/dynamixel_workbench:/home/darkdemon/work/motor_control/install/dynamixel_hardware:/home/darkdemon/work/motor_control/install/dynamixel_workbench_msgs LD_LIBRARY_PATH=/home/darkdemon/work/motor_control/install/dynamixel_workbench_toolbox/lib:/home/darkdemon/work/motor_control/install/python_moveit_interface/lib:/home/darkdemon/work/motor_control/install/dynamixel_hardware/lib:/home/darkdemon/work/motor_control/install/dynamixel_workbench_msgs/lib:/opt/ros/humble/opt/rviz_ogre_vendor/lib:/opt/ros/humble/lib/x86_64-linux-gnu:/opt/ros/humble/lib:/usr/local/nvidia/lib:/usr/local/nvidia/lib64 /usr/bin/cmake --install /home/darkdemon/work/motor_control/build/dynamixel_workbench
[1.652s] Level 1:colcon.colcon_core.environment:create_environment_scripts_only(dynamixel_workbench_msgs)
[1.653s] Level 1:colcon.colcon_core.environment:checking '/home/darkdemon/work/motor_control/install/dynamixel_workbench_msgs' for CMake module files
[1.655s] Level 1:colcon.colcon_core.environment:checking '/home/darkdemon/work/motor_control/install/dynamixel_workbench_msgs' for CMake config files
[1.655s] Level 1:colcon.colcon_core.shell:create_environment_hook('dynamixel_workbench_msgs', 'cmake_prefix_path')
[1.656s] INFO:colcon.colcon_core.shell:Creating environment hook '/home/darkdemon/work/motor_control/install/dynamixel_workbench_msgs/share/dynamixel_workbench_msgs/hook/cmake_prefix_path.ps1'
[1.656s] INFO:colcon.colcon_core.shell:Creating environment descriptor '/home/darkdemon/work/motor_control/install/dynamixel_workbench_msgs/share/dynamixel_workbench_msgs/hook/cmake_prefix_path.dsv'
[1.657s] INFO:colcon.colcon_core.shell:Creating environment hook '/home/darkdemon/work/motor_control/install/dynamixel_workbench_msgs/share/dynamixel_workbench_msgs/hook/cmake_prefix_path.sh'
[1.658s] DEBUG:colcon.colcon_core.event_handler.log_command:Invoked command in '/home/darkdemon/work/motor_control/build/dynamixel_workbench_msgs' returned '0': CMAKE_PREFIX_PATH=/home/darkdemon/work/motor_control/install/small_arm_moveit_cpp:/home/darkdemon/work/motor_control/install/small_arm_moveit_config:/home/darkdemon/work/motor_control/install/small_arm_description:/home/darkdemon/work/motor_control/install/realsense:/home/darkdemon/work/motor_control/install/python_moveit2:/opt/ros/humble:/home/darkdemon/work/motor_control/install/python_moveit_interface:/home/darkdemon/work/motor_control/install/dynamixel_workbench:/home/darkdemon/work/motor_control/install/dynamixel_hardware:/home/darkdemon/work/motor_control/install/dynamixel_workbench_toolbox:/home/darkdemon/work/motor_control/install/dynamixel_workbench_msgs /usr/bin/cmake --install /home/darkdemon/work/motor_control/build/dynamixel_workbench_msgs
[1.660s] Level 1:colcon.colcon_core.environment:checking '/home/darkdemon/work/motor_control/install/dynamixel_workbench_msgs/lib'
[1.661s] Level 1:colcon.colcon_core.shell:create_environment_hook('dynamixel_workbench_msgs', 'ld_library_path_lib')
[1.661s] INFO:colcon.colcon_core.shell:Creating environment hook '/home/darkdemon/work/motor_control/install/dynamixel_workbench_msgs/share/dynamixel_workbench_msgs/hook/ld_library_path_lib.ps1'
[1.663s] INFO:colcon.colcon_core.shell:Creating environment descriptor '/home/darkdemon/work/motor_control/install/dynamixel_workbench_msgs/share/dynamixel_workbench_msgs/hook/ld_library_path_lib.dsv'
[1.663s] INFO:colcon.colcon_core.shell:Creating environment hook '/home/darkdemon/work/motor_control/install/dynamixel_workbench_msgs/share/dynamixel_workbench_msgs/hook/ld_library_path_lib.sh'
[1.664s] Level 1:colcon.colcon_core.environment:checking '/home/darkdemon/work/motor_control/install/dynamixel_workbench_msgs/bin'
[1.664s] Level 1:colcon.colcon_core.environment:checking '/home/darkdemon/work/motor_control/install/dynamixel_workbench_msgs/lib/pkgconfig/dynamixel_workbench_msgs.pc'
[1.664s] Level 1:colcon.colcon_core.environment:checking '/home/darkdemon/work/motor_control/install/dynamixel_workbench_msgs/lib/python3.10/site-packages'
[1.664s] Level 1:colcon.colcon_core.environment:checking '/home/darkdemon/work/motor_control/install/dynamixel_workbench_msgs/bin'
[1.665s] INFO:colcon.colcon_core.shell:Creating package script '/home/darkdemon/work/motor_control/install/dynamixel_workbench_msgs/share/dynamixel_workbench_msgs/package.ps1'
[1.665s] INFO:colcon.colcon_core.shell:Creating package descriptor '/home/darkdemon/work/motor_control/install/dynamixel_workbench_msgs/share/dynamixel_workbench_msgs/package.dsv'
[1.666s] INFO:colcon.colcon_core.shell:Creating package script '/home/darkdemon/work/motor_control/install/dynamixel_workbench_msgs/share/dynamixel_workbench_msgs/package.sh'
[1.670s] INFO:colcon.colcon_core.shell:Creating package script '/home/darkdemon/work/motor_control/install/dynamixel_workbench_msgs/share/dynamixel_workbench_msgs/package.bash'
[1.675s] INFO:colcon.colcon_core.shell:Creating package script '/home/darkdemon/work/motor_control/install/dynamixel_workbench_msgs/share/dynamixel_workbench_msgs/package.zsh'
[1.675s] Level 1:colcon.colcon_core.environment:create_file_with_runtime_dependencies(/home/darkdemon/work/motor_control/install/dynamixel_workbench_msgs/share/colcon-core/packages/dynamixel_workbench_msgs)
[1.676s] Level 1:colcon.colcon_core.environment:create_environment_scripts_only(dynamixel_workbench_msgs)
[1.677s] Level 1:colcon.colcon_core.environment:checking '/home/darkdemon/work/motor_control/install/dynamixel_workbench_msgs' for CMake module files
[1.677s] Level 1:colcon.colcon_core.environment:checking '/home/darkdemon/work/motor_control/install/dynamixel_workbench_msgs' for CMake config files
[1.678s] Level 1:colcon.colcon_core.shell:create_environment_hook('dynamixel_workbench_msgs', 'cmake_prefix_path')
[1.678s] INFO:colcon.colcon_core.shell:Creating environment hook '/home/darkdemon/work/motor_control/install/dynamixel_workbench_msgs/share/dynamixel_workbench_msgs/hook/cmake_prefix_path.ps1'
[1.683s] INFO:colcon.colcon_core.shell:Creating environment descriptor '/home/darkdemon/work/motor_control/install/dynamixel_workbench_msgs/share/dynamixel_workbench_msgs/hook/cmake_prefix_path.dsv'
[1.684s] INFO:colcon.colcon_core.shell:Creating environment hook '/home/darkdemon/work/motor_control/install/dynamixel_workbench_msgs/share/dynamixel_workbench_msgs/hook/cmake_prefix_path.sh'
[1.685s] Level 1:colcon.colcon_core.environment:checking '/home/darkdemon/work/motor_control/install/dynamixel_workbench_msgs/lib'
[1.685s] Level 1:colcon.colcon_core.shell:create_environment_hook('dynamixel_workbench_msgs', 'ld_library_path_lib')
[1.685s] INFO:colcon.colcon_core.shell:Creating environment hook '/home/darkdemon/work/motor_control/install/dynamixel_workbench_msgs/share/dynamixel_workbench_msgs/hook/ld_library_path_lib.ps1'
[1.685s] INFO:colcon.colcon_core.shell:Creating environment descriptor '/home/darkdemon/work/motor_control/install/dynamixel_workbench_msgs/share/dynamixel_workbench_msgs/hook/ld_library_path_lib.dsv'
[1.686s] INFO:colcon.colcon_core.shell:Creating environment hook '/home/darkdemon/work/motor_control/install/dynamixel_workbench_msgs/share/dynamixel_workbench_msgs/hook/ld_library_path_lib.sh'
[1.686s] Level 1:colcon.colcon_core.environment:checking '/home/darkdemon/work/motor_control/install/dynamixel_workbench_msgs/bin'
[1.686s] Level 1:colcon.colcon_core.environment:checking '/home/darkdemon/work/motor_control/install/dynamixel_workbench_msgs/lib/pkgconfig/dynamixel_workbench_msgs.pc'
[1.690s] Level 1:colcon.colcon_core.environment:checking '/home/darkdemon/work/motor_control/install/dynamixel_workbench_msgs/lib/python3.10/site-packages'
[1.690s] Level 1:colcon.colcon_core.environment:checking '/home/darkdemon/work/motor_control/install/dynamixel_workbench_msgs/bin'
[1.690s] INFO:colcon.colcon_core.shell:Creating package script '/home/darkdemon/work/motor_control/install/dynamixel_workbench_msgs/share/dynamixel_workbench_msgs/package.ps1'
[1.691s] INFO:colcon.colcon_core.shell:Creating package descriptor '/home/darkdemon/work/motor_control/install/dynamixel_workbench_msgs/share/dynamixel_workbench_msgs/package.dsv'
[1.692s] INFO:colcon.colcon_core.shell:Creating package script '/home/darkdemon/work/motor_control/install/dynamixel_workbench_msgs/share/dynamixel_workbench_msgs/package.sh'
[1.692s] INFO:colcon.colcon_core.shell:Creating package script '/home/darkdemon/work/motor_control/install/dynamixel_workbench_msgs/share/dynamixel_workbench_msgs/package.bash'
[1.693s] INFO:colcon.colcon_core.shell:Creating package script '/home/darkdemon/work/motor_control/install/dynamixel_workbench_msgs/share/dynamixel_workbench_msgs/package.zsh'
[1.693s] Level 1:colcon.colcon_core.environment:create_file_with_runtime_dependencies(/home/darkdemon/work/motor_control/install/dynamixel_workbench_msgs/share/colcon-core/packages/dynamixel_workbench_msgs)
[1.699s] DEBUG:colcon.colcon_core.event_handler.log_command:Invoked command in '/home/darkdemon/work/motor_control/build/dynamixel_hardware' returned '0': CMAKE_PREFIX_PATH=/home/darkdemon/work/motor_control/install/dynamixel_workbench_toolbox:/home/darkdemon/work/motor_control/install/small_arm_moveit_cpp:/home/darkdemon/work/motor_control/install/small_arm_moveit_config:/home/darkdemon/work/motor_control/install/small_arm_description:/home/darkdemon/work/motor_control/install/realsense:/home/darkdemon/work/motor_control/install/python_moveit2:/opt/ros/humble:/home/darkdemon/work/motor_control/install/python_moveit_interface:/home/darkdemon/work/motor_control/install/dynamixel_workbench:/home/darkdemon/work/motor_control/install/dynamixel_hardware:/home/darkdemon/work/motor_control/install/dynamixel_workbench_msgs LD_LIBRARY_PATH=/home/darkdemon/work/motor_control/install/dynamixel_workbench_toolbox/lib:/home/darkdemon/work/motor_control/install/python_moveit_interface/lib:/home/darkdemon/work/motor_control/install/dynamixel_hardware/lib:/home/darkdemon/work/motor_control/install/dynamixel_workbench_msgs/lib:/opt/ros/humble/opt/rviz_ogre_vendor/lib:/opt/ros/humble/lib/x86_64-linux-gnu:/opt/ros/humble/lib:/usr/local/nvidia/lib:/usr/local/nvidia/lib64 /usr/bin/cmake --build /home/darkdemon/work/motor_control/build/dynamixel_hardware -- -j20 -l20
[1.702s] DEBUG:colcon.colcon_core.event_handler.log_command:Invoking command in '/home/darkdemon/work/motor_control/build/dynamixel_hardware': CMAKE_PREFIX_PATH=/home/darkdemon/work/motor_control/install/dynamixel_workbench_toolbox:/home/darkdemon/work/motor_control/install/small_arm_moveit_cpp:/home/darkdemon/work/motor_control/install/small_arm_moveit_config:/home/darkdemon/work/motor_control/install/small_arm_description:/home/darkdemon/work/motor_control/install/realsense:/home/darkdemon/work/motor_control/install/python_moveit2:/opt/ros/humble:/home/darkdemon/work/motor_control/install/python_moveit_interface:/home/darkdemon/work/motor_control/install/dynamixel_workbench:/home/darkdemon/work/motor_control/install/dynamixel_hardware:/home/darkdemon/work/motor_control/install/dynamixel_workbench_msgs LD_LIBRARY_PATH=/home/darkdemon/work/motor_control/install/dynamixel_workbench_toolbox/lib:/home/darkdemon/work/motor_control/install/python_moveit_interface/lib:/home/darkdemon/work/motor_control/install/dynamixel_hardware/lib:/home/darkdemon/work/motor_control/install/dynamixel_workbench_msgs/lib:/opt/ros/humble/opt/rviz_ogre_vendor/lib:/opt/ros/humble/lib/x86_64-linux-gnu:/opt/ros/humble/lib:/usr/local/nvidia/lib:/usr/local/nvidia/lib64 /usr/bin/cmake --install /home/darkdemon/work/motor_control/build/dynamixel_hardware
[1.703s] Level 1:colcon.colcon_core.environment:create_environment_scripts_only(dynamixel_workbench)
[1.704s] Level 1:colcon.colcon_core.environment:checking '/home/darkdemon/work/motor_control/install/dynamixel_workbench' for CMake module files
[1.705s] DEBUG:colcon.colcon_core.event_handler.log_command:Invoked command in '/home/darkdemon/work/motor_control/build/dynamixel_workbench' returned '0': CMAKE_PREFIX_PATH=/home/darkdemon/work/motor_control/install/dynamixel_workbench_toolbox:/home/darkdemon/work/motor_control/install/small_arm_moveit_cpp:/home/darkdemon/work/motor_control/install/small_arm_moveit_config:/home/darkdemon/work/motor_control/install/small_arm_description:/home/darkdemon/work/motor_control/install/realsense:/home/darkdemon/work/motor_control/install/python_moveit2:/opt/ros/humble:/home/darkdemon/work/motor_control/install/python_moveit_interface:/home/darkdemon/work/motor_control/install/dynamixel_workbench:/home/darkdemon/work/motor_control/install/dynamixel_hardware:/home/darkdemon/work/motor_control/install/dynamixel_workbench_msgs LD_LIBRARY_PATH=/home/darkdemon/work/motor_control/install/dynamixel_workbench_toolbox/lib:/home/darkdemon/work/motor_control/install/python_moveit_interface/lib:/home/darkdemon/work/motor_control/install/dynamixel_hardware/lib:/home/darkdemon/work/motor_control/install/dynamixel_workbench_msgs/lib:/opt/ros/humble/opt/rviz_ogre_vendor/lib:/opt/ros/humble/lib/x86_64-linux-gnu:/opt/ros/humble/lib:/usr/local/nvidia/lib:/usr/local/nvidia/lib64 /usr/bin/cmake --install /home/darkdemon/work/motor_control/build/dynamixel_workbench
[1.705s] Level 1:colcon.colcon_core.environment:checking '/home/darkdemon/work/motor_control/install/dynamixel_workbench' for CMake config files
[1.706s] Level 1:colcon.colcon_core.shell:create_environment_hook('dynamixel_workbench', 'cmake_prefix_path')
[1.706s] INFO:colcon.colcon_core.shell:Creating environment hook '/home/darkdemon/work/motor_control/install/dynamixel_workbench/share/dynamixel_workbench/hook/cmake_prefix_path.ps1'
[1.707s] INFO:colcon.colcon_core.shell:Creating environment descriptor '/home/darkdemon/work/motor_control/install/dynamixel_workbench/share/dynamixel_workbench/hook/cmake_prefix_path.dsv'
[1.707s] INFO:colcon.colcon_core.shell:Creating environment hook '/home/darkdemon/work/motor_control/install/dynamixel_workbench/share/dynamixel_workbench/hook/cmake_prefix_path.sh'
[1.708s] Level 1:colcon.colcon_core.environment:checking '/home/darkdemon/work/motor_control/install/dynamixel_workbench/bin'
[1.708s] Level 1:colcon.colcon_core.environment:checking '/home/darkdemon/work/motor_control/install/dynamixel_workbench/lib/pkgconfig/dynamixel_workbench.pc'
[1.708s] Level 1:colcon.colcon_core.environment:checking '/home/darkdemon/work/motor_control/install/dynamixel_workbench/lib/python3.10/site-packages'
[1.712s] Level 1:colcon.colcon_core.environment:checking '/home/darkdemon/work/motor_control/install/dynamixel_workbench/bin'
[1.712s] INFO:colcon.colcon_core.shell:Creating package script '/home/darkdemon/work/motor_control/install/dynamixel_workbench/share/dynamixel_workbench/package.ps1'
[1.713s] INFO:colcon.colcon_core.shell:Creating package descriptor '/home/darkdemon/work/motor_control/install/dynamixel_workbench/share/dynamixel_workbench/package.dsv'
[1.713s] INFO:colcon.colcon_core.shell:Creating package script '/home/darkdemon/work/motor_control/install/dynamixel_workbench/share/dynamixel_workbench/package.sh'
[1.714s] INFO:colcon.colcon_core.shell:Creating package script '/home/darkdemon/work/motor_control/install/dynamixel_workbench/share/dynamixel_workbench/package.bash'
[1.714s] INFO:colcon.colcon_core.shell:Creating package script '/home/darkdemon/work/motor_control/install/dynamixel_workbench/share/dynamixel_workbench/package.zsh'
[1.715s] Level 1:colcon.colcon_core.environment:create_file_with_runtime_dependencies(/home/darkdemon/work/motor_control/install/dynamixel_workbench/share/colcon-core/packages/dynamixel_workbench)
[1.715s] Level 1:colcon.colcon_core.environment:create_environment_scripts_only(dynamixel_workbench)
[1.719s] Level 1:colcon.colcon_core.environment:checking '/home/darkdemon/work/motor_control/install/dynamixel_workbench' for CMake module files
[1.720s] Level 1:colcon.colcon_core.environment:checking '/home/darkdemon/work/motor_control/install/dynamixel_workbench' for CMake config files
[1.720s] Level 1:colcon.colcon_core.shell:create_environment_hook('dynamixel_workbench', 'cmake_prefix_path')
[1.720s] INFO:colcon.colcon_core.shell:Creating environment hook '/home/darkdemon/work/motor_control/install/dynamixel_workbench/share/dynamixel_workbench/hook/cmake_prefix_path.ps1'
[1.721s] INFO:colcon.colcon_core.shell:Creating environment descriptor '/home/darkdemon/work/motor_control/install/dynamixel_workbench/share/dynamixel_workbench/hook/cmake_prefix_path.dsv'
[1.721s] INFO:colcon.colcon_core.shell:Creating environment hook '/home/darkdemon/work/motor_control/install/dynamixel_workbench/share/dynamixel_workbench/hook/cmake_prefix_path.sh'
[1.722s] Level 1:colcon.colcon_core.environment:checking '/home/darkdemon/work/motor_control/install/dynamixel_workbench/bin'
[1.722s] Level 1:colcon.colcon_core.environment:checking '/home/darkdemon/work/motor_control/install/dynamixel_workbench/lib/pkgconfig/dynamixel_workbench.pc'
[1.726s] Level 1:colcon.colcon_core.environment:checking '/home/darkdemon/work/motor_control/install/dynamixel_workbench/lib/python3.10/site-packages'
[1.726s] Level 1:colcon.colcon_core.environment:checking '/home/darkdemon/work/motor_control/install/dynamixel_workbench/bin'
[1.726s] INFO:colcon.colcon_core.shell:Creating package script '/home/darkdemon/work/motor_control/install/dynamixel_workbench/share/dynamixel_workbench/package.ps1'
[1.727s] INFO:colcon.colcon_core.shell:Creating package descriptor '/home/darkdemon/work/motor_control/install/dynamixel_workbench/share/dynamixel_workbench/package.dsv'
[1.728s] INFO:colcon.colcon_core.shell:Creating package script '/home/darkdemon/work/motor_control/install/dynamixel_workbench/share/dynamixel_workbench/package.sh'
[1.728s] INFO:colcon.colcon_core.shell:Creating package script '/home/darkdemon/work/motor_control/install/dynamixel_workbench/share/dynamixel_workbench/package.bash'
[1.729s] INFO:colcon.colcon_core.shell:Creating package script '/home/darkdemon/work/motor_control/install/dynamixel_workbench/share/dynamixel_workbench/package.zsh'
[1.729s] Level 1:colcon.colcon_core.environment:create_file_with_runtime_dependencies(/home/darkdemon/work/motor_control/install/dynamixel_workbench/share/colcon-core/packages/dynamixel_workbench)
[1.734s] DEBUG:colcon.colcon_core.event_handler.log_command:Invoked command in '/home/darkdemon/work/motor_control/build/python_moveit_interface' returned '0': /usr/bin/cmake --install /home/darkdemon/work/motor_control/build/python_moveit_interface
[1.735s] Level 1:colcon.colcon_core.shell:create_environment_hook('python_moveit_interface', 'ros_package_path')
[1.735s] INFO:colcon.colcon_core.shell:Creating environment hook '/home/darkdemon/work/motor_control/install/python_moveit_interface/share/python_moveit_interface/hook/ros_package_path.ps1'
[1.736s] INFO:colcon.colcon_core.shell:Creating environment descriptor '/home/darkdemon/work/motor_control/install/python_moveit_interface/share/python_moveit_interface/hook/ros_package_path.dsv'
[1.736s] INFO:colcon.colcon_core.shell:Creating environment hook '/home/darkdemon/work/motor_control/install/python_moveit_interface/share/python_moveit_interface/hook/ros_package_path.sh'
[1.737s] Level 1:colcon.colcon_ros.task.catkin:checking '/home/darkdemon/work/motor_control/install/python_moveit_interface/local/lib/python3.10/dist-packages'
[1.737s] Level 1:colcon.colcon_core.shell:create_environment_hook('python_moveit_interface', 'catkin_pythonpath')
[1.737s] INFO:colcon.colcon_core.shell:Creating environment hook '/home/darkdemon/work/motor_control/install/python_moveit_interface/share/python_moveit_interface/hook/catkin_pythonpath.ps1'
[1.737s] INFO:colcon.colcon_core.shell:Creating environment descriptor '/home/darkdemon/work/motor_control/install/python_moveit_interface/share/python_moveit_interface/hook/catkin_pythonpath.dsv'
[1.741s] INFO:colcon.colcon_core.shell:Creating environment hook '/home/darkdemon/work/motor_control/install/python_moveit_interface/share/python_moveit_interface/hook/catkin_pythonpath.sh'
[1.741s] Level 1:colcon.colcon_core.shell:create_environment_hook('python_moveit_interface', 'pkg_config_path')
[1.741s] INFO:colcon.colcon_core.shell:Creating environment hook '/home/darkdemon/work/motor_control/install/python_moveit_interface/share/python_moveit_interface/hook/pkg_config_path.ps1'
[1.743s] INFO:colcon.colcon_core.shell:Creating environment descriptor '/home/darkdemon/work/motor_control/install/python_moveit_interface/share/python_moveit_interface/hook/pkg_config_path.dsv'
[1.743s] INFO:colcon.colcon_core.shell:Creating environment hook '/home/darkdemon/work/motor_control/install/python_moveit_interface/share/python_moveit_interface/hook/pkg_config_path.sh'
[1.747s] Level 1:colcon.colcon_core.shell:create_environment_hook('python_moveit_interface', 'pkg_config_path_multiarch')
[1.748s] INFO:colcon.colcon_core.shell:Creating environment hook '/home/darkdemon/work/motor_control/install/python_moveit_interface/share/python_moveit_interface/hook/pkg_config_path_multiarch.ps1'
[1.748s] INFO:colcon.colcon_core.shell:Creating environment descriptor '/home/darkdemon/work/motor_control/install/python_moveit_interface/share/python_moveit_interface/hook/pkg_config_path_multiarch.dsv'
[1.749s] INFO:colcon.colcon_core.shell:Creating environment hook '/home/darkdemon/work/motor_control/install/python_moveit_interface/share/python_moveit_interface/hook/pkg_config_path_multiarch.sh'
[1.750s] Level 1:colcon.colcon_core.environment:create_environment_scripts_only(python_moveit_interface)
[1.750s] Level 1:colcon.colcon_core.environment:checking '/home/darkdemon/work/motor_control/install/python_moveit_interface' for CMake module files
[1.757s] Level 1:colcon.colcon_core.environment:checking '/home/darkdemon/work/motor_control/install/python_moveit_interface' for CMake config files
[1.758s] Level 1:colcon.colcon_core.shell:create_environment_hook('python_moveit_interface', 'cmake_prefix_path')
[1.758s] INFO:colcon.colcon_core.shell:Creating environment hook '/home/darkdemon/work/motor_control/install/python_moveit_interface/share/python_moveit_interface/hook/cmake_prefix_path.ps1'
[1.762s] INFO:colcon.colcon_core.shell:Creating environment descriptor '/home/darkdemon/work/motor_control/install/python_moveit_interface/share/python_moveit_interface/hook/cmake_prefix_path.dsv'
[1.765s] INFO:colcon.colcon_core.shell:Creating environment hook '/home/darkdemon/work/motor_control/install/python_moveit_interface/share/python_moveit_interface/hook/cmake_prefix_path.sh'
[1.770s] Level 1:colcon.colcon_core.environment:checking '/home/darkdemon/work/motor_control/install/python_moveit_interface/lib'
[1.770s] Level 1:colcon.colcon_core.shell:create_environment_hook('python_moveit_interface', 'ld_library_path_lib')
[1.770s] INFO:colcon.colcon_core.shell:Creating environment hook '/home/darkdemon/work/motor_control/install/python_moveit_interface/share/python_moveit_interface/hook/ld_library_path_lib.ps1'
[1.776s] INFO:colcon.colcon_core.shell:Creating environment descriptor '/home/darkdemon/work/motor_control/install/python_moveit_interface/share/python_moveit_interface/hook/ld_library_path_lib.dsv'
[1.778s] INFO:colcon.colcon_core.shell:Creating environment hook '/home/darkdemon/work/motor_control/install/python_moveit_interface/share/python_moveit_interface/hook/ld_library_path_lib.sh'
[1.781s] Level 1:colcon.colcon_core.environment:checking '/home/darkdemon/work/motor_control/install/python_moveit_interface/bin'
[1.781s] Level 1:colcon.colcon_core.environment:checking '/home/darkdemon/work/motor_control/install/python_moveit_interface/lib/pkgconfig/python_moveit_interface.pc'
[1.781s] Level 1:colcon.colcon_core.environment:checking '/home/darkdemon/work/motor_control/install/python_moveit_interface/lib/python3.10/site-packages'
[1.782s] Level 1:colcon.colcon_core.environment:checking '/home/darkdemon/work/motor_control/install/python_moveit_interface/bin'
[1.782s] INFO:colcon.colcon_core.shell:Creating package script '/home/darkdemon/work/motor_control/install/python_moveit_interface/share/python_moveit_interface/package.ps1'
[1.784s] INFO:colcon.colcon_core.shell:Creating package descriptor '/home/darkdemon/work/motor_control/install/python_moveit_interface/share/python_moveit_interface/package.dsv'
[1.787s] INFO:colcon.colcon_core.shell:Creating package script '/home/darkdemon/work/motor_control/install/python_moveit_interface/share/python_moveit_interface/package.sh'
[1.792s] INFO:colcon.colcon_core.shell:Creating package script '/home/darkdemon/work/motor_control/install/python_moveit_interface/share/python_moveit_interface/package.bash'
[1.792s] INFO:colcon.colcon_core.shell:Creating package script '/home/darkdemon/work/motor_control/install/python_moveit_interface/share/python_moveit_interface/package.zsh'
[1.793s] Level 1:colcon.colcon_core.environment:create_file_with_runtime_dependencies(/home/darkdemon/work/motor_control/install/python_moveit_interface/share/colcon-core/packages/python_moveit_interface)
[1.795s] Level 1:colcon.colcon_core.environment:create_environment_scripts_only(dynamixel_hardware)
[1.795s] Level 1:colcon.colcon_core.environment:checking '/home/darkdemon/work/motor_control/install/dynamixel_hardware' for CMake module files
[1.796s] Level 1:colcon.colcon_core.environment:checking '/home/darkdemon/work/motor_control/install/dynamixel_hardware' for CMake config files
[1.796s] Level 1:colcon.colcon_core.shell:create_environment_hook('dynamixel_hardware', 'cmake_prefix_path')
[1.796s] INFO:colcon.colcon_core.shell:Creating environment hook '/home/darkdemon/work/motor_control/install/dynamixel_hardware/share/dynamixel_hardware/hook/cmake_prefix_path.ps1'
[1.799s] DEBUG:colcon.colcon_core.event_handler.log_command:Invoked command in '/home/darkdemon/work/motor_control/build/dynamixel_hardware' returned '0': CMAKE_PREFIX_PATH=/home/darkdemon/work/motor_control/install/dynamixel_workbench_toolbox:/home/darkdemon/work/motor_control/install/small_arm_moveit_cpp:/home/darkdemon/work/motor_control/install/small_arm_moveit_config:/home/darkdemon/work/motor_control/install/small_arm_description:/home/darkdemon/work/motor_control/install/realsense:/home/darkdemon/work/motor_control/install/python_moveit2:/opt/ros/humble:/home/darkdemon/work/motor_control/install/python_moveit_interface:/home/darkdemon/work/motor_control/install/dynamixel_workbench:/home/darkdemon/work/motor_control/install/dynamixel_hardware:/home/darkdemon/work/motor_control/install/dynamixel_workbench_msgs LD_LIBRARY_PATH=/home/darkdemon/work/motor_control/install/dynamixel_workbench_toolbox/lib:/home/darkdemon/work/motor_control/install/python_moveit_interface/lib:/home/darkdemon/work/motor_control/install/dynamixel_hardware/lib:/home/darkdemon/work/motor_control/install/dynamixel_workbench_msgs/lib:/opt/ros/humble/opt/rviz_ogre_vendor/lib:/opt/ros/humble/lib/x86_64-linux-gnu:/opt/ros/humble/lib:/usr/local/nvidia/lib:/usr/local/nvidia/lib64 /usr/bin/cmake --install /home/darkdemon/work/motor_control/build/dynamixel_hardware
[1.801s] INFO:colcon.colcon_core.shell:Creating environment descriptor '/home/darkdemon/work/motor_control/install/dynamixel_hardware/share/dynamixel_hardware/hook/cmake_prefix_path.dsv'
[1.802s] INFO:colcon.colcon_core.shell:Creating environment hook '/home/darkdemon/work/motor_control/install/dynamixel_hardware/share/dynamixel_hardware/hook/cmake_prefix_path.sh'
[1.803s] Level 1:colcon.colcon_core.environment:checking '/home/darkdemon/work/motor_control/install/dynamixel_hardware/lib'
[1.803s] Level 1:colcon.colcon_core.shell:create_environment_hook('dynamixel_hardware', 'ld_library_path_lib')
[1.803s] INFO:colcon.colcon_core.shell:Creating environment hook '/home/darkdemon/work/motor_control/install/dynamixel_hardware/share/dynamixel_hardware/hook/ld_library_path_lib.ps1'
[1.803s] INFO:colcon.colcon_core.shell:Creating environment descriptor '/home/darkdemon/work/motor_control/install/dynamixel_hardware/share/dynamixel_hardware/hook/ld_library_path_lib.dsv'
[1.804s] INFO:colcon.colcon_core.shell:Creating environment hook '/home/darkdemon/work/motor_control/install/dynamixel_hardware/share/dynamixel_hardware/hook/ld_library_path_lib.sh'
[1.804s] Level 1:colcon.colcon_core.environment:checking '/home/darkdemon/work/motor_control/install/dynamixel_hardware/bin'
[1.804s] Level 1:colcon.colcon_core.environment:checking '/home/darkdemon/work/motor_control/install/dynamixel_hardware/lib/pkgconfig/dynamixel_hardware.pc'
[1.805s] Level 1:colcon.colcon_core.environment:checking '/home/darkdemon/work/motor_control/install/dynamixel_hardware/lib/python3.10/site-packages'
[1.805s] Level 1:colcon.colcon_core.environment:checking '/home/darkdemon/work/motor_control/install/dynamixel_hardware/bin'
[1.805s] INFO:colcon.colcon_core.shell:Creating package script '/home/darkdemon/work/motor_control/install/dynamixel_hardware/share/dynamixel_hardware/package.ps1'
[1.812s] INFO:colcon.colcon_core.shell:Creating package descriptor '/home/darkdemon/work/motor_control/install/dynamixel_hardware/share/dynamixel_hardware/package.dsv'
[1.812s] INFO:colcon.colcon_core.shell:Creating package script '/home/darkdemon/work/motor_control/install/dynamixel_hardware/share/dynamixel_hardware/package.sh'
[1.813s] INFO:colcon.colcon_core.shell:Creating package script '/home/darkdemon/work/motor_control/install/dynamixel_hardware/share/dynamixel_hardware/package.bash'
[1.813s] INFO:colcon.colcon_core.shell:Creating package script '/home/darkdemon/work/motor_control/install/dynamixel_hardware/share/dynamixel_hardware/package.zsh'
[1.814s] Level 1:colcon.colcon_core.environment:create_file_with_runtime_dependencies(/home/darkdemon/work/motor_control/install/dynamixel_hardware/share/colcon-core/packages/dynamixel_hardware)
[1.814s] Level 1:colcon.colcon_core.environment:create_environment_scripts_only(dynamixel_hardware)
[1.818s] Level 1:colcon.colcon_core.environment:checking '/home/darkdemon/work/motor_control/install/dynamixel_hardware' for CMake module files
[1.819s] Level 1:colcon.colcon_core.environment:checking '/home/darkdemon/work/motor_control/install/dynamixel_hardware' for CMake config files
[1.819s] Level 1:colcon.colcon_core.shell:create_environment_hook('dynamixel_hardware', 'cmake_prefix_path')
[1.819s] INFO:colcon.colcon_core.shell:Creating environment hook '/home/darkdemon/work/motor_control/install/dynamixel_hardware/share/dynamixel_hardware/hook/cmake_prefix_path.ps1'
[1.819s] INFO:colcon.colcon_core.shell:Creating environment descriptor '/home/darkdemon/work/motor_control/install/dynamixel_hardware/share/dynamixel_hardware/hook/cmake_prefix_path.dsv'
[1.820s] INFO:colcon.colcon_core.shell:Creating environment hook '/home/darkdemon/work/motor_control/install/dynamixel_hardware/share/dynamixel_hardware/hook/cmake_prefix_path.sh'
[1.820s] Level 1:colcon.colcon_core.environment:checking '/home/darkdemon/work/motor_control/install/dynamixel_hardware/lib'
[1.821s] Level 1:colcon.colcon_core.shell:create_environment_hook('dynamixel_hardware', 'ld_library_path_lib')
[1.821s] INFO:colcon.colcon_core.shell:Creating environment hook '/home/darkdemon/work/motor_control/install/dynamixel_hardware/share/dynamixel_hardware/hook/ld_library_path_lib.ps1'
[1.821s] INFO:colcon.colcon_core.shell:Creating environment descriptor '/home/darkdemon/work/motor_control/install/dynamixel_hardware/share/dynamixel_hardware/hook/ld_library_path_lib.dsv'
[1.829s] INFO:colcon.colcon_core.shell:Creating environment hook '/home/darkdemon/work/motor_control/install/dynamixel_hardware/share/dynamixel_hardware/hook/ld_library_path_lib.sh'
[1.829s] Level 1:colcon.colcon_core.environment:checking '/home/darkdemon/work/motor_control/install/dynamixel_hardware/bin'
[1.829s] Level 1:colcon.colcon_core.environment:checking '/home/darkdemon/work/motor_control/install/dynamixel_hardware/lib/pkgconfig/dynamixel_hardware.pc'
[1.830s] Level 1:colcon.colcon_core.environment:checking '/home/darkdemon/work/motor_control/install/dynamixel_hardware/lib/python3.10/site-packages'
[1.830s] Level 1:colcon.colcon_core.environment:checking '/home/darkdemon/work/motor_control/install/dynamixel_hardware/bin'
[1.830s] INFO:colcon.colcon_core.shell:Creating package script '/home/darkdemon/work/motor_control/install/dynamixel_hardware/share/dynamixel_hardware/package.ps1'
[1.831s] INFO:colcon.colcon_core.shell:Creating package descriptor '/home/darkdemon/work/motor_control/install/dynamixel_hardware/share/dynamixel_hardware/package.dsv'
[1.836s] INFO:colcon.colcon_core.shell:Creating package script '/home/darkdemon/work/motor_control/install/dynamixel_hardware/share/dynamixel_hardware/package.sh'
[1.837s] INFO:colcon.colcon_core.shell:Creating package script '/home/darkdemon/work/motor_control/install/dynamixel_hardware/share/dynamixel_hardware/package.bash'
[1.837s] INFO:colcon.colcon_core.shell:Creating package script '/home/darkdemon/work/motor_control/install/dynamixel_hardware/share/dynamixel_hardware/package.zsh'
[1.838s] Level 1:colcon.colcon_core.environment:create_file_with_runtime_dependencies(/home/darkdemon/work/motor_control/install/dynamixel_hardware/share/colcon-core/packages/dynamixel_hardware)
[1.838s] INFO:colcon.colcon_ros.task.ament_cmake.build:Building ROS package in '/home/darkdemon/work/motor_control/src/tb4_arm_ros2/small_arm_description' with build type 'ament_cmake'
[1.841s] INFO:colcon.colcon_cmake.task.cmake.build:Building CMake package in '/home/darkdemon/work/motor_control/src/tb4_arm_ros2/small_arm_description'
[1.841s] INFO:colcon.colcon_core.shell:Skip shell extension 'powershell' for command environment: Not usable outside of PowerShell
[1.842s] DEBUG:colcon.colcon_core.shell:Skip shell extension 'dsv' for command environment
[1.868s] DEBUG:colcon.colcon_core.event_handler.log_command:Invoking command in '/home/darkdemon/work/motor_control/build/small_arm_description': CMAKE_PREFIX_PATH=/home/darkdemon/work/motor_control/install/dynamixel_hardware:/home/darkdemon/work/motor_control/install/dynamixel_workbench_toolbox:/home/darkdemon/work/motor_control/install/small_arm_moveit_cpp:/home/darkdemon/work/motor_control/install/small_arm_moveit_config:/home/darkdemon/work/motor_control/install/small_arm_description:/home/darkdemon/work/motor_control/install/realsense:/home/darkdemon/work/motor_control/install/python_moveit2:/opt/ros/humble:/home/darkdemon/work/motor_control/install/python_moveit_interface:/home/darkdemon/work/motor_control/install/dynamixel_workbench:/home/darkdemon/work/motor_control/install/dynamixel_workbench_msgs LD_LIBRARY_PATH=/home/darkdemon/work/motor_control/install/dynamixel_hardware/lib:/home/darkdemon/work/motor_control/install/dynamixel_workbench_toolbox/lib:/home/darkdemon/work/motor_control/install/python_moveit_interface/lib:/home/darkdemon/work/motor_control/install/dynamixel_workbench_msgs/lib:/opt/ros/humble/opt/rviz_ogre_vendor/lib:/opt/ros/humble/lib/x86_64-linux-gnu:/opt/ros/humble/lib:/usr/local/nvidia/lib:/usr/local/nvidia/lib64 /usr/bin/cmake --build /home/darkdemon/work/motor_control/build/small_arm_description -- -j20 -l20
[1.953s] DEBUG:colcon.colcon_core.event_handler.log_command:Invoked command in '/home/darkdemon/work/motor_control/build/small_arm_description' returned '0': CMAKE_PREFIX_PATH=/home/darkdemon/work/motor_control/install/dynamixel_hardware:/home/darkdemon/work/motor_control/install/dynamixel_workbench_toolbox:/home/darkdemon/work/motor_control/install/small_arm_moveit_cpp:/home/darkdemon/work/motor_control/install/small_arm_moveit_config:/home/darkdemon/work/motor_control/install/small_arm_description:/home/darkdemon/work/motor_control/install/realsense:/home/darkdemon/work/motor_control/install/python_moveit2:/opt/ros/humble:/home/darkdemon/work/motor_control/install/python_moveit_interface:/home/darkdemon/work/motor_control/install/dynamixel_workbench:/home/darkdemon/work/motor_control/install/dynamixel_workbench_msgs LD_LIBRARY_PATH=/home/darkdemon/work/motor_control/install/dynamixel_hardware/lib:/home/darkdemon/work/motor_control/install/dynamixel_workbench_toolbox/lib:/home/darkdemon/work/motor_control/install/python_moveit_interface/lib:/home/darkdemon/work/motor_control/install/dynamixel_workbench_msgs/lib:/opt/ros/humble/opt/rviz_ogre_vendor/lib:/opt/ros/humble/lib/x86_64-linux-gnu:/opt/ros/humble/lib:/usr/local/nvidia/lib:/usr/local/nvidia/lib64 /usr/bin/cmake --build /home/darkdemon/work/motor_control/build/small_arm_description -- -j20 -l20
[1.957s] DEBUG:colcon.colcon_core.event_handler.log_command:Invoking command in '/home/darkdemon/work/motor_control/build/small_arm_description': CMAKE_PREFIX_PATH=/home/darkdemon/work/motor_control/install/dynamixel_hardware:/home/darkdemon/work/motor_control/install/dynamixel_workbench_toolbox:/home/darkdemon/work/motor_control/install/small_arm_moveit_cpp:/home/darkdemon/work/motor_control/install/small_arm_moveit_config:/home/darkdemon/work/motor_control/install/small_arm_description:/home/darkdemon/work/motor_control/install/realsense:/home/darkdemon/work/motor_control/install/python_moveit2:/opt/ros/humble:/home/darkdemon/work/motor_control/install/python_moveit_interface:/home/darkdemon/work/motor_control/install/dynamixel_workbench:/home/darkdemon/work/motor_control/install/dynamixel_workbench_msgs LD_LIBRARY_PATH=/home/darkdemon/work/motor_control/install/dynamixel_hardware/lib:/home/darkdemon/work/motor_control/install/dynamixel_workbench_toolbox/lib:/home/darkdemon/work/motor_control/install/python_moveit_interface/lib:/home/darkdemon/work/motor_control/install/dynamixel_workbench_msgs/lib:/opt/ros/humble/opt/rviz_ogre_vendor/lib:/opt/ros/humble/lib/x86_64-linux-gnu:/opt/ros/humble/lib:/usr/local/nvidia/lib:/usr/local/nvidia/lib64 /usr/bin/cmake --install /home/darkdemon/work/motor_control/build/small_arm_description
[1.973s] Level 1:colcon.colcon_core.environment:create_environment_scripts_only(small_arm_description)
[1.974s] Level 1:colcon.colcon_core.environment:checking '/home/darkdemon/work/motor_control/install/small_arm_description' for CMake module files
[1.974s] Level 1:colcon.colcon_core.environment:checking '/home/darkdemon/work/motor_control/install/small_arm_description' for CMake config files
[1.975s] Level 1:colcon.colcon_core.shell:create_environment_hook('small_arm_description', 'cmake_prefix_path')
[1.975s] INFO:colcon.colcon_core.shell:Creating environment hook '/home/darkdemon/work/motor_control/install/small_arm_description/share/small_arm_description/hook/cmake_prefix_path.ps1'
[1.975s] INFO:colcon.colcon_core.shell:Creating environment descriptor '/home/darkdemon/work/motor_control/install/small_arm_description/share/small_arm_description/hook/cmake_prefix_path.dsv'
[1.976s] INFO:colcon.colcon_core.shell:Creating environment hook '/home/darkdemon/work/motor_control/install/small_arm_description/share/small_arm_description/hook/cmake_prefix_path.sh'
[1.982s] Level 1:colcon.colcon_core.environment:checking '/home/darkdemon/work/motor_control/install/small_arm_description/bin'
[1.983s] Level 1:colcon.colcon_core.environment:checking '/home/darkdemon/work/motor_control/install/small_arm_description/lib/pkgconfig/small_arm_description.pc'
[1.983s] DEBUG:colcon.colcon_core.event_handler.log_command:Invoked command in '/home/darkdemon/work/motor_control/build/small_arm_description' returned '0': CMAKE_PREFIX_PATH=/home/darkdemon/work/motor_control/install/dynamixel_hardware:/home/darkdemon/work/motor_control/install/dynamixel_workbench_toolbox:/home/darkdemon/work/motor_control/install/small_arm_moveit_cpp:/home/darkdemon/work/motor_control/install/small_arm_moveit_config:/home/darkdemon/work/motor_control/install/small_arm_description:/home/darkdemon/work/motor_control/install/realsense:/home/darkdemon/work/motor_control/install/python_moveit2:/opt/ros/humble:/home/darkdemon/work/motor_control/install/python_moveit_interface:/home/darkdemon/work/motor_control/install/dynamixel_workbench:/home/darkdemon/work/motor_control/install/dynamixel_workbench_msgs LD_LIBRARY_PATH=/home/darkdemon/work/motor_control/install/dynamixel_hardware/lib:/home/darkdemon/work/motor_control/install/dynamixel_workbench_toolbox/lib:/home/darkdemon/work/motor_control/install/python_moveit_interface/lib:/home/darkdemon/work/motor_control/install/dynamixel_workbench_msgs/lib:/opt/ros/humble/opt/rviz_ogre_vendor/lib:/opt/ros/humble/lib/x86_64-linux-gnu:/opt/ros/humble/lib:/usr/local/nvidia/lib:/usr/local/nvidia/lib64 /usr/bin/cmake --install /home/darkdemon/work/motor_control/build/small_arm_description
[1.983s] Level 1:colcon.colcon_core.environment:checking '/home/darkdemon/work/motor_control/install/small_arm_description/lib/python3.10/site-packages'
[1.983s] Level 1:colcon.colcon_core.environment:checking '/home/darkdemon/work/motor_control/install/small_arm_description/bin'
[1.984s] INFO:colcon.colcon_core.shell:Creating package script '/home/darkdemon/work/motor_control/install/small_arm_description/share/small_arm_description/package.ps1'
[1.984s] INFO:colcon.colcon_core.shell:Creating package descriptor '/home/darkdemon/work/motor_control/install/small_arm_description/share/small_arm_description/package.dsv'
[1.985s] INFO:colcon.colcon_core.shell:Creating package script '/home/darkdemon/work/motor_control/install/small_arm_description/share/small_arm_description/package.sh'
[1.985s] INFO:colcon.colcon_core.shell:Creating package script '/home/darkdemon/work/motor_control/install/small_arm_description/share/small_arm_description/package.bash'
[1.986s] INFO:colcon.colcon_core.shell:Creating package script '/home/darkdemon/work/motor_control/install/small_arm_description/share/small_arm_description/package.zsh'
[1.986s] Level 1:colcon.colcon_core.environment:create_file_with_runtime_dependencies(/home/darkdemon/work/motor_control/install/small_arm_description/share/colcon-core/packages/small_arm_description)
[1.990s] Level 1:colcon.colcon_core.environment:create_environment_scripts_only(small_arm_description)
[1.990s] Level 1:colcon.colcon_core.environment:checking '/home/darkdemon/work/motor_control/install/small_arm_description' for CMake module files
[1.991s] Level 1:colcon.colcon_core.environment:checking '/home/darkdemon/work/motor_control/install/small_arm_description' for CMake config files
[1.991s] Level 1:colcon.colcon_core.shell:create_environment_hook('small_arm_description', 'cmake_prefix_path')
[1.991s] INFO:colcon.colcon_core.shell:Creating environment hook '/home/darkdemon/work/motor_control/install/small_arm_description/share/small_arm_description/hook/cmake_prefix_path.ps1'
[1.992s] INFO:colcon.colcon_core.shell:Creating environment descriptor '/home/darkdemon/work/motor_control/install/small_arm_description/share/small_arm_description/hook/cmake_prefix_path.dsv'
[1.992s] INFO:colcon.colcon_core.shell:Creating environment hook '/home/darkdemon/work/motor_control/install/small_arm_description/share/small_arm_description/hook/cmake_prefix_path.sh'
[1.993s] Level 1:colcon.colcon_core.environment:checking '/home/darkdemon/work/motor_control/install/small_arm_description/bin'
[1.993s] Level 1:colcon.colcon_core.environment:checking '/home/darkdemon/work/motor_control/install/small_arm_description/lib/pkgconfig/small_arm_description.pc'
[1.993s] Level 1:colcon.colcon_core.environment:checking '/home/darkdemon/work/motor_control/install/small_arm_description/lib/python3.10/site-packages'
[1.995s] Level 1:colcon.colcon_core.environment:checking '/home/darkdemon/work/motor_control/install/small_arm_description/bin'
[1.996s] INFO:colcon.colcon_core.shell:Creating package script '/home/darkdemon/work/motor_control/install/small_arm_description/share/small_arm_description/package.ps1'
[1.996s] INFO:colcon.colcon_core.shell:Creating package descriptor '/home/darkdemon/work/motor_control/install/small_arm_description/share/small_arm_description/package.dsv'
[1.998s] INFO:colcon.colcon_core.shell:Creating package script '/home/darkdemon/work/motor_control/install/small_arm_description/share/small_arm_description/package.sh'
[1.999s] INFO:colcon.colcon_core.shell:Creating package script '/home/darkdemon/work/motor_control/install/small_arm_description/share/small_arm_description/package.bash'
[1.999s] INFO:colcon.colcon_core.shell:Creating package script '/home/darkdemon/work/motor_control/install/small_arm_description/share/small_arm_description/package.zsh'
[2.000s] Level 1:colcon.colcon_core.environment:create_file_with_runtime_dependencies(/home/darkdemon/work/motor_control/install/small_arm_description/share/colcon-core/packages/small_arm_description)
[2.000s] INFO:colcon.colcon_ros.task.ament_cmake.build:Building ROS package in '/home/darkdemon/work/motor_control/src/tb4_arm_ros2/small_arm_moveit_config' with build type 'ament_cmake'
[2.000s] INFO:colcon.colcon_cmake.task.cmake.build:Building CMake package in '/home/darkdemon/work/motor_control/src/tb4_arm_ros2/small_arm_moveit_config'
[2.000s] INFO:colcon.colcon_core.shell:Skip shell extension 'powershell' for command environment: Not usable outside of PowerShell
[2.000s] DEBUG:colcon.colcon_core.shell:Skip shell extension 'dsv' for command environment
[2.016s] DEBUG:colcon.colcon_core.event_handler.log_command:Invoking command in '/home/darkdemon/work/motor_control/build/small_arm_moveit_config': CMAKE_PREFIX_PATH=/home/darkdemon/work/motor_control/install/small_arm_description:/home/darkdemon/work/motor_control/install/dynamixel_hardware:/home/darkdemon/work/motor_control/install/dynamixel_workbench_toolbox:/home/darkdemon/work/motor_control/install/small_arm_moveit_cpp:/home/darkdemon/work/motor_control/install/small_arm_moveit_config:/home/darkdemon/work/motor_control/install/realsense:/home/darkdemon/work/motor_control/install/python_moveit2:/opt/ros/humble:/home/darkdemon/work/motor_control/install/python_moveit_interface:/home/darkdemon/work/motor_control/install/dynamixel_workbench:/home/darkdemon/work/motor_control/install/dynamixel_workbench_msgs LD_LIBRARY_PATH=/home/darkdemon/work/motor_control/install/dynamixel_hardware/lib:/home/darkdemon/work/motor_control/install/dynamixel_workbench_toolbox/lib:/home/darkdemon/work/motor_control/install/python_moveit_interface/lib:/home/darkdemon/work/motor_control/install/dynamixel_workbench_msgs/lib:/opt/ros/humble/opt/rviz_ogre_vendor/lib:/opt/ros/humble/lib/x86_64-linux-gnu:/opt/ros/humble/lib:/usr/local/nvidia/lib:/usr/local/nvidia/lib64 /usr/bin/cmake --build /home/darkdemon/work/motor_control/build/small_arm_moveit_config -- -j20 -l20
[2.054s] DEBUG:colcon.colcon_core.event_handler.log_command:Invoked command in '/home/darkdemon/work/motor_control/build/small_arm_moveit_config' returned '0': CMAKE_PREFIX_PATH=/home/darkdemon/work/motor_control/install/small_arm_description:/home/darkdemon/work/motor_control/install/dynamixel_hardware:/home/darkdemon/work/motor_control/install/dynamixel_workbench_toolbox:/home/darkdemon/work/motor_control/install/small_arm_moveit_cpp:/home/darkdemon/work/motor_control/install/small_arm_moveit_config:/home/darkdemon/work/motor_control/install/realsense:/home/darkdemon/work/motor_control/install/python_moveit2:/opt/ros/humble:/home/darkdemon/work/motor_control/install/python_moveit_interface:/home/darkdemon/work/motor_control/install/dynamixel_workbench:/home/darkdemon/work/motor_control/install/dynamixel_workbench_msgs LD_LIBRARY_PATH=/home/darkdemon/work/motor_control/install/dynamixel_hardware/lib:/home/darkdemon/work/motor_control/install/dynamixel_workbench_toolbox/lib:/home/darkdemon/work/motor_control/install/python_moveit_interface/lib:/home/darkdemon/work/motor_control/install/dynamixel_workbench_msgs/lib:/opt/ros/humble/opt/rviz_ogre_vendor/lib:/opt/ros/humble/lib/x86_64-linux-gnu:/opt/ros/humble/lib:/usr/local/nvidia/lib:/usr/local/nvidia/lib64 /usr/bin/cmake --build /home/darkdemon/work/motor_control/build/small_arm_moveit_config -- -j20 -l20
[2.056s] DEBUG:colcon.colcon_core.event_handler.log_command:Invoking command in '/home/darkdemon/work/motor_control/build/small_arm_moveit_config': CMAKE_PREFIX_PATH=/home/darkdemon/work/motor_control/install/small_arm_description:/home/darkdemon/work/motor_control/install/dynamixel_hardware:/home/darkdemon/work/motor_control/install/dynamixel_workbench_toolbox:/home/darkdemon/work/motor_control/install/small_arm_moveit_cpp:/home/darkdemon/work/motor_control/install/small_arm_moveit_config:/home/darkdemon/work/motor_control/install/realsense:/home/darkdemon/work/motor_control/install/python_moveit2:/opt/ros/humble:/home/darkdemon/work/motor_control/install/python_moveit_interface:/home/darkdemon/work/motor_control/install/dynamixel_workbench:/home/darkdemon/work/motor_control/install/dynamixel_workbench_msgs LD_LIBRARY_PATH=/home/darkdemon/work/motor_control/install/dynamixel_hardware/lib:/home/darkdemon/work/motor_control/install/dynamixel_workbench_toolbox/lib:/home/darkdemon/work/motor_control/install/python_moveit_interface/lib:/home/darkdemon/work/motor_control/install/dynamixel_workbench_msgs/lib:/opt/ros/humble/opt/rviz_ogre_vendor/lib:/opt/ros/humble/lib/x86_64-linux-gnu:/opt/ros/humble/lib:/usr/local/nvidia/lib:/usr/local/nvidia/lib64 /usr/bin/cmake --install /home/darkdemon/work/motor_control/build/small_arm_moveit_config
[2.067s] Level 1:colcon.colcon_core.environment:create_environment_scripts_only(small_arm_moveit_config)
[2.068s] Level 1:colcon.colcon_core.environment:checking '/home/darkdemon/work/motor_control/install/small_arm_moveit_config' for CMake module files
[2.069s] DEBUG:colcon.colcon_core.event_handler.log_command:Invoked command in '/home/darkdemon/work/motor_control/build/small_arm_moveit_config' returned '0': CMAKE_PREFIX_PATH=/home/darkdemon/work/motor_control/install/small_arm_description:/home/darkdemon/work/motor_control/install/dynamixel_hardware:/home/darkdemon/work/motor_control/install/dynamixel_workbench_toolbox:/home/darkdemon/work/motor_control/install/small_arm_moveit_cpp:/home/darkdemon/work/motor_control/install/small_arm_moveit_config:/home/darkdemon/work/motor_control/install/realsense:/home/darkdemon/work/motor_control/install/python_moveit2:/opt/ros/humble:/home/darkdemon/work/motor_control/install/python_moveit_interface:/home/darkdemon/work/motor_control/install/dynamixel_workbench:/home/darkdemon/work/motor_control/install/dynamixel_workbench_msgs LD_LIBRARY_PATH=/home/darkdemon/work/motor_control/install/dynamixel_hardware/lib:/home/darkdemon/work/motor_control/install/dynamixel_workbench_toolbox/lib:/home/darkdemon/work/motor_control/install/python_moveit_interface/lib:/home/darkdemon/work/motor_control/install/dynamixel_workbench_msgs/lib:/opt/ros/humble/opt/rviz_ogre_vendor/lib:/opt/ros/humble/lib/x86_64-linux-gnu:/opt/ros/humble/lib:/usr/local/nvidia/lib:/usr/local/nvidia/lib64 /usr/bin/cmake --install /home/darkdemon/work/motor_control/build/small_arm_moveit_config
[2.069s] Level 1:colcon.colcon_core.environment:checking '/home/darkdemon/work/motor_control/install/small_arm_moveit_config' for CMake config files
[2.069s] Level 1:colcon.colcon_core.shell:create_environment_hook('small_arm_moveit_config', 'cmake_prefix_path')
[2.070s] INFO:colcon.colcon_core.shell:Creating environment hook '/home/darkdemon/work/motor_control/install/small_arm_moveit_config/share/small_arm_moveit_config/hook/cmake_prefix_path.ps1'
[2.070s] INFO:colcon.colcon_core.shell:Creating environment descriptor '/home/darkdemon/work/motor_control/install/small_arm_moveit_config/share/small_arm_moveit_config/hook/cmake_prefix_path.dsv'
[2.070s] INFO:colcon.colcon_core.shell:Creating environment hook '/home/darkdemon/work/motor_control/install/small_arm_moveit_config/share/small_arm_moveit_config/hook/cmake_prefix_path.sh'
[2.071s] Level 1:colcon.colcon_core.environment:checking '/home/darkdemon/work/motor_control/install/small_arm_moveit_config/bin'
[2.071s] Level 1:colcon.colcon_core.environment:checking '/home/darkdemon/work/motor_control/install/small_arm_moveit_config/lib/pkgconfig/small_arm_moveit_config.pc'
[2.071s] Level 1:colcon.colcon_core.environment:checking '/home/darkdemon/work/motor_control/install/small_arm_moveit_config/lib/python3.10/site-packages'
[2.071s] Level 1:colcon.colcon_core.environment:checking '/home/darkdemon/work/motor_control/install/small_arm_moveit_config/bin'
[2.071s] INFO:colcon.colcon_core.shell:Creating package script '/home/darkdemon/work/motor_control/install/small_arm_moveit_config/share/small_arm_moveit_config/package.ps1'
[2.072s] INFO:colcon.colcon_core.shell:Creating package descriptor '/home/darkdemon/work/motor_control/install/small_arm_moveit_config/share/small_arm_moveit_config/package.dsv'
[2.072s] INFO:colcon.colcon_core.shell:Creating package script '/home/darkdemon/work/motor_control/install/small_arm_moveit_config/share/small_arm_moveit_config/package.sh'
[2.072s] INFO:colcon.colcon_core.shell:Creating package script '/home/darkdemon/work/motor_control/install/small_arm_moveit_config/share/small_arm_moveit_config/package.bash'
[2.073s] INFO:colcon.colcon_core.shell:Creating package script '/home/darkdemon/work/motor_control/install/small_arm_moveit_config/share/small_arm_moveit_config/package.zsh'
[2.073s] Level 1:colcon.colcon_core.environment:create_file_with_runtime_dependencies(/home/darkdemon/work/motor_control/install/small_arm_moveit_config/share/colcon-core/packages/small_arm_moveit_config)
[2.074s] Level 1:colcon.colcon_core.environment:create_environment_scripts_only(small_arm_moveit_config)
[2.074s] Level 1:colcon.colcon_core.environment:checking '/home/darkdemon/work/motor_control/install/small_arm_moveit_config' for CMake module files
[2.074s] Level 1:colcon.colcon_core.environment:checking '/home/darkdemon/work/motor_control/install/small_arm_moveit_config' for CMake config files
[2.074s] Level 1:colcon.colcon_core.shell:create_environment_hook('small_arm_moveit_config', 'cmake_prefix_path')
[2.075s] INFO:colcon.colcon_core.shell:Creating environment hook '/home/darkdemon/work/motor_control/install/small_arm_moveit_config/share/small_arm_moveit_config/hook/cmake_prefix_path.ps1'
[2.075s] INFO:colcon.colcon_core.shell:Creating environment descriptor '/home/darkdemon/work/motor_control/install/small_arm_moveit_config/share/small_arm_moveit_config/hook/cmake_prefix_path.dsv'
[2.075s] INFO:colcon.colcon_core.shell:Creating environment hook '/home/darkdemon/work/motor_control/install/small_arm_moveit_config/share/small_arm_moveit_config/hook/cmake_prefix_path.sh'
[2.076s] Level 1:colcon.colcon_core.environment:checking '/home/darkdemon/work/motor_control/install/small_arm_moveit_config/bin'
[2.076s] Level 1:colcon.colcon_core.environment:checking '/home/darkdemon/work/motor_control/install/small_arm_moveit_config/lib/pkgconfig/small_arm_moveit_config.pc'
[2.076s] Level 1:colcon.colcon_core.environment:checking '/home/darkdemon/work/motor_control/install/small_arm_moveit_config/lib/python3.10/site-packages'
[2.076s] Level 1:colcon.colcon_core.environment:checking '/home/darkdemon/work/motor_control/install/small_arm_moveit_config/bin'
[2.076s] INFO:colcon.colcon_core.shell:Creating package script '/home/darkdemon/work/motor_control/install/small_arm_moveit_config/share/small_arm_moveit_config/package.ps1'
[2.077s] INFO:colcon.colcon_core.shell:Creating package descriptor '/home/darkdemon/work/motor_control/install/small_arm_moveit_config/share/small_arm_moveit_config/package.dsv'
[2.077s] INFO:colcon.colcon_core.shell:Creating package script '/home/darkdemon/work/motor_control/install/small_arm_moveit_config/share/small_arm_moveit_config/package.sh'
[2.077s] INFO:colcon.colcon_core.shell:Creating package script '/home/darkdemon/work/motor_control/install/small_arm_moveit_config/share/small_arm_moveit_config/package.bash'
[2.078s] INFO:colcon.colcon_core.shell:Creating package script '/home/darkdemon/work/motor_control/install/small_arm_moveit_config/share/small_arm_moveit_config/package.zsh'
[2.078s] Level 1:colcon.colcon_core.environment:create_file_with_runtime_dependencies(/home/darkdemon/work/motor_control/install/small_arm_moveit_config/share/colcon-core/packages/small_arm_moveit_config)
[2.084s] DEBUG:colcon.colcon_core.event_handler.log_command:Invoking command in '/home/darkdemon/work/motor_control/src/tb4_arm_ros2/python_moveit2': PYTHONPATH=/home/darkdemon/work/motor_control/build/python_moveit2/prefix_override:/usr/lib/python3/dist-packages/colcon_core/task/python/colcon_distutils_commands:/home/darkdemon/work/motor_control/install/python_moveit2/lib/python3.10/site-packages:${PYTHONPATH} /usr/bin/python3 -W ignore:setup.py install is deprecated -W ignore:easy_install command is deprecated setup.py egg_info --egg-base ../../../build/python_moveit2 build --build-base /home/darkdemon/work/motor_control/build/python_moveit2/build install --record /home/darkdemon/work/motor_control/build/python_moveit2/install.log --single-version-externally-managed install_data
[2.157s] DEBUG:colcon.colcon_core.event_handler.log_command:Invoking command in '/home/darkdemon/work/motor_control/src/realsense': PYTHONPATH=/home/darkdemon/work/motor_control/build/realsense/prefix_override:/usr/lib/python3/dist-packages/colcon_core/task/python/colcon_distutils_commands:/home/darkdemon/work/motor_control/install/realsense/lib/python3.10/site-packages:${PYTHONPATH} /usr/bin/python3 -W ignore:setup.py install is deprecated -W ignore:easy_install command is deprecated setup.py egg_info --egg-base ../../build/realsense build --build-base /home/darkdemon/work/motor_control/build/realsense/build install --record /home/darkdemon/work/motor_control/build/realsense/install.log --single-version-externally-managed install_data
[2.599s] Level 1:colcon.colcon_core.environment:checking '/home/darkdemon/work/motor_control/install/python_moveit2' for CMake module files
[2.600s] DEBUG:colcon.colcon_core.event_handler.log_command:Invoked command in '/home/darkdemon/work/motor_control/src/tb4_arm_ros2/python_moveit2' returned '0': PYTHONPATH=/home/darkdemon/work/motor_control/build/python_moveit2/prefix_override:/usr/lib/python3/dist-packages/colcon_core/task/python/colcon_distutils_commands:/home/darkdemon/work/motor_control/install/python_moveit2/lib/python3.10/site-packages:${PYTHONPATH} /usr/bin/python3 -W ignore:setup.py install is deprecated -W ignore:easy_install command is deprecated setup.py egg_info --egg-base ../../../build/python_moveit2 build --build-base /home/darkdemon/work/motor_control/build/python_moveit2/build install --record /home/darkdemon/work/motor_control/build/python_moveit2/install.log --single-version-externally-managed install_data
[2.601s] Level 1:colcon.colcon_core.environment:checking '/home/darkdemon/work/motor_control/install/python_moveit2' for CMake config files
[2.601s] Level 1:colcon.colcon_core.environment:checking '/home/darkdemon/work/motor_control/install/python_moveit2/lib'
[2.601s] Level 1:colcon.colcon_core.environment:checking '/home/darkdemon/work/motor_control/install/python_moveit2/bin'
[2.602s] Level 1:colcon.colcon_core.environment:checking '/home/darkdemon/work/motor_control/install/python_moveit2/lib/pkgconfig/python_moveit2.pc'
[2.602s] Level 1:colcon.colcon_core.environment:checking '/home/darkdemon/work/motor_control/install/python_moveit2/lib/python3.10/site-packages'
[2.602s] Level 1:colcon.colcon_core.shell:create_environment_hook('python_moveit2', 'pythonpath')
[2.602s] INFO:colcon.colcon_core.shell:Creating environment hook '/home/darkdemon/work/motor_control/install/python_moveit2/share/python_moveit2/hook/pythonpath.ps1'
[2.603s] INFO:colcon.colcon_core.shell:Creating environment descriptor '/home/darkdemon/work/motor_control/install/python_moveit2/share/python_moveit2/hook/pythonpath.dsv'
[2.603s] INFO:colcon.colcon_core.shell:Creating environment hook '/home/darkdemon/work/motor_control/install/python_moveit2/share/python_moveit2/hook/pythonpath.sh'
[2.604s] Level 1:colcon.colcon_core.environment:checking '/home/darkdemon/work/motor_control/install/python_moveit2/bin'
[2.604s] Level 1:colcon.colcon_core.environment:create_environment_scripts_only(python_moveit2)
[2.605s] INFO:colcon.colcon_core.shell:Creating package script '/home/darkdemon/work/motor_control/install/python_moveit2/share/python_moveit2/package.ps1'
[2.605s] INFO:colcon.colcon_core.shell:Creating package descriptor '/home/darkdemon/work/motor_control/install/python_moveit2/share/python_moveit2/package.dsv'
[2.606s] INFO:colcon.colcon_core.shell:Creating package script '/home/darkdemon/work/motor_control/install/python_moveit2/share/python_moveit2/package.sh'
[2.606s] INFO:colcon.colcon_core.shell:Creating package script '/home/darkdemon/work/motor_control/install/python_moveit2/share/python_moveit2/package.bash'
[2.607s] INFO:colcon.colcon_core.shell:Creating package script '/home/darkdemon/work/motor_control/install/python_moveit2/share/python_moveit2/package.zsh'
[2.607s] Level 1:colcon.colcon_core.environment:create_file_with_runtime_dependencies(/home/darkdemon/work/motor_control/install/python_moveit2/share/colcon-core/packages/python_moveit2)
[2.668s] Level 1:colcon.colcon_core.environment:checking '/home/darkdemon/work/motor_control/install/realsense' for CMake module files
[2.669s] Level 1:colcon.colcon_core.environment:checking '/home/darkdemon/work/motor_control/install/realsense' for CMake config files
[2.672s] DEBUG:colcon.colcon_core.event_handler.log_command:Invoked command in '/home/darkdemon/work/motor_control/src/realsense' returned '0': PYTHONPATH=/home/darkdemon/work/motor_control/build/realsense/prefix_override:/usr/lib/python3/dist-packages/colcon_core/task/python/colcon_distutils_commands:/home/darkdemon/work/motor_control/install/realsense/lib/python3.10/site-packages:${PYTHONPATH} /usr/bin/python3 -W ignore:setup.py install is deprecated -W ignore:easy_install command is deprecated setup.py egg_info --egg-base ../../build/realsense build --build-base /home/darkdemon/work/motor_control/build/realsense/build install --record /home/darkdemon/work/motor_control/build/realsense/install.log --single-version-externally-managed install_data
[2.672s] Level 1:colcon.colcon_core.environment:checking '/home/darkdemon/work/motor_control/install/realsense/lib'
[2.672s] Level 1:colcon.colcon_core.environment:checking '/home/darkdemon/work/motor_control/install/realsense/bin'
[2.673s] Level 1:colcon.colcon_core.environment:checking '/home/darkdemon/work/motor_control/install/realsense/lib/pkgconfig/realsense.pc'
[2.673s] Level 1:colcon.colcon_core.environment:checking '/home/darkdemon/work/motor_control/install/realsense/lib/python3.10/site-packages'
[2.673s] Level 1:colcon.colcon_core.shell:create_environment_hook('realsense', 'pythonpath')
[2.673s] INFO:colcon.colcon_core.shell:Creating environment hook '/home/darkdemon/work/motor_control/install/realsense/share/realsense/hook/pythonpath.ps1'
[2.675s] INFO:colcon.colcon_core.shell:Creating environment descriptor '/home/darkdemon/work/motor_control/install/realsense/share/realsense/hook/pythonpath.dsv'
[2.677s] INFO:colcon.colcon_core.shell:Creating environment hook '/home/darkdemon/work/motor_control/install/realsense/share/realsense/hook/pythonpath.sh'
[2.679s] Level 1:colcon.colcon_core.environment:checking '/home/darkdemon/work/motor_control/install/realsense/bin'
[2.680s] Level 1:colcon.colcon_core.environment:create_environment_scripts_only(realsense)
[2.681s] INFO:colcon.colcon_core.shell:Creating package script '/home/darkdemon/work/motor_control/install/realsense/share/realsense/package.ps1'
[2.683s] INFO:colcon.colcon_core.shell:Creating package descriptor '/home/darkdemon/work/motor_control/install/realsense/share/realsense/package.dsv'
[2.684s] INFO:colcon.colcon_core.shell:Creating package script '/home/darkdemon/work/motor_control/install/realsense/share/realsense/package.sh'
[2.686s] INFO:colcon.colcon_core.shell:Creating package script '/home/darkdemon/work/motor_control/install/realsense/share/realsense/package.bash'
[2.687s] INFO:colcon.colcon_core.shell:Creating package script '/home/darkdemon/work/motor_control/install/realsense/share/realsense/package.zsh'
[2.688s] Level 1:colcon.colcon_core.environment:create_file_with_runtime_dependencies(/home/darkdemon/work/motor_control/install/realsense/share/colcon-core/packages/realsense)
[18.577s] DEBUG:colcon.colcon_core.event_handler.log_command:Invoked command in '/home/darkdemon/work/motor_control/build/small_arm_moveit_cpp' returned '0': CMAKE_PREFIX_PATH=/home/darkdemon/work/motor_control/install/small_arm_moveit_cpp:/home/darkdemon/work/motor_control/install/small_arm_moveit_config:/home/darkdemon/work/motor_control/install/small_arm_description:/home/darkdemon/work/motor_control/install/realsense:/home/darkdemon/work/motor_control/install/python_moveit2:/opt/ros/humble:/home/darkdemon/work/motor_control/install/python_moveit_interface:/home/darkdemon/work/motor_control/install/dynamixel_workbench:/home/darkdemon/work/motor_control/install/dynamixel_hardware:/home/darkdemon/work/motor_control/install/dynamixel_workbench_toolbox:/home/darkdemon/work/motor_control/install/dynamixel_workbench_msgs /usr/bin/cmake --build /home/darkdemon/work/motor_control/build/small_arm_moveit_cpp -- -j20 -l20
[18.578s] DEBUG:colcon.colcon_core.event_handler.log_command:Invoking command in '/home/darkdemon/work/motor_control/build/small_arm_moveit_cpp': CMAKE_PREFIX_PATH=/home/darkdemon/work/motor_control/install/small_arm_moveit_cpp:/home/darkdemon/work/motor_control/install/small_arm_moveit_config:/home/darkdemon/work/motor_control/install/small_arm_description:/home/darkdemon/work/motor_control/install/realsense:/home/darkdemon/work/motor_control/install/python_moveit2:/opt/ros/humble:/home/darkdemon/work/motor_control/install/python_moveit_interface:/home/darkdemon/work/motor_control/install/dynamixel_workbench:/home/darkdemon/work/motor_control/install/dynamixel_hardware:/home/darkdemon/work/motor_control/install/dynamixel_workbench_toolbox:/home/darkdemon/work/motor_control/install/dynamixel_workbench_msgs /usr/bin/cmake --install /home/darkdemon/work/motor_control/build/small_arm_moveit_cpp
[18.646s] Level 1:colcon.colcon_core.environment:create_environment_scripts_only(small_arm_moveit_cpp)
[18.646s] Level 1:colcon.colcon_core.environment:checking '/home/darkdemon/work/motor_control/install/small_arm_moveit_cpp' for CMake module files
[18.647s] Level 1:colcon.colcon_core.environment:checking '/home/darkdemon/work/motor_control/install/small_arm_moveit_cpp' for CMake config files
[18.647s] Level 1:colcon.colcon_core.shell:create_environment_hook('small_arm_moveit_cpp', 'cmake_prefix_path')
[18.647s] INFO:colcon.colcon_core.shell:Creating environment hook '/home/darkdemon/work/motor_control/install/small_arm_moveit_cpp/share/small_arm_moveit_cpp/hook/cmake_prefix_path.ps1'
[18.648s] INFO:colcon.colcon_core.shell:Creating environment descriptor '/home/darkdemon/work/motor_control/install/small_arm_moveit_cpp/share/small_arm_moveit_cpp/hook/cmake_prefix_path.dsv'
[18.649s] INFO:colcon.colcon_core.shell:Creating environment hook '/home/darkdemon/work/motor_control/install/small_arm_moveit_cpp/share/small_arm_moveit_cpp/hook/cmake_prefix_path.sh'
[18.649s] Level 1:colcon.colcon_core.environment:checking '/home/darkdemon/work/motor_control/install/small_arm_moveit_cpp/lib'
[18.653s] Level 1:colcon.colcon_core.environment:checking '/home/darkdemon/work/motor_control/install/small_arm_moveit_cpp/bin'
[18.654s] DEBUG:colcon.colcon_core.event_handler.log_command:Invoked command in '/home/darkdemon/work/motor_control/build/small_arm_moveit_cpp' returned '0': CMAKE_PREFIX_PATH=/home/darkdemon/work/motor_control/install/small_arm_moveit_cpp:/home/darkdemon/work/motor_control/install/small_arm_moveit_config:/home/darkdemon/work/motor_control/install/small_arm_description:/home/darkdemon/work/motor_control/install/realsense:/home/darkdemon/work/motor_control/install/python_moveit2:/opt/ros/humble:/home/darkdemon/work/motor_control/install/python_moveit_interface:/home/darkdemon/work/motor_control/install/dynamixel_workbench:/home/darkdemon/work/motor_control/install/dynamixel_hardware:/home/darkdemon/work/motor_control/install/dynamixel_workbench_toolbox:/home/darkdemon/work/motor_control/install/dynamixel_workbench_msgs /usr/bin/cmake --install /home/darkdemon/work/motor_control/build/small_arm_moveit_cpp
[18.654s] Level 1:colcon.colcon_core.environment:checking '/home/darkdemon/work/motor_control/install/small_arm_moveit_cpp/lib/pkgconfig/small_arm_moveit_cpp.pc'
[18.654s] Level 1:colcon.colcon_core.environment:checking '/home/darkdemon/work/motor_control/install/small_arm_moveit_cpp/lib/python3.10/site-packages'
[18.654s] Level 1:colcon.colcon_core.environment:checking '/home/darkdemon/work/motor_control/install/small_arm_moveit_cpp/bin'
[18.655s] INFO:colcon.colcon_core.shell:Creating package script '/home/darkdemon/work/motor_control/install/small_arm_moveit_cpp/share/small_arm_moveit_cpp/package.ps1'
[18.656s] INFO:colcon.colcon_core.shell:Creating package descriptor '/home/darkdemon/work/motor_control/install/small_arm_moveit_cpp/share/small_arm_moveit_cpp/package.dsv'
[18.656s] INFO:colcon.colcon_core.shell:Creating package script '/home/darkdemon/work/motor_control/install/small_arm_moveit_cpp/share/small_arm_moveit_cpp/package.sh'
[18.657s] INFO:colcon.colcon_core.shell:Creating package script '/home/darkdemon/work/motor_control/install/small_arm_moveit_cpp/share/small_arm_moveit_cpp/package.bash'
[18.657s] INFO:colcon.colcon_core.shell:Creating package script '/home/darkdemon/work/motor_control/install/small_arm_moveit_cpp/share/small_arm_moveit_cpp/package.zsh'
[18.661s] Level 1:colcon.colcon_core.environment:create_file_with_runtime_dependencies(/home/darkdemon/work/motor_control/install/small_arm_moveit_cpp/share/colcon-core/packages/small_arm_moveit_cpp)
[18.662s] Level 1:colcon.colcon_core.environment:create_environment_scripts_only(small_arm_moveit_cpp)
[18.662s] Level 1:colcon.colcon_core.environment:checking '/home/darkdemon/work/motor_control/install/small_arm_moveit_cpp' for CMake module files
[18.663s] Level 1:colcon.colcon_core.environment:checking '/home/darkdemon/work/motor_control/install/small_arm_moveit_cpp' for CMake config files
[18.663s] Level 1:colcon.colcon_core.shell:create_environment_hook('small_arm_moveit_cpp', 'cmake_prefix_path')
[18.664s] INFO:colcon.colcon_core.shell:Creating environment hook '/home/darkdemon/work/motor_control/install/small_arm_moveit_cpp/share/small_arm_moveit_cpp/hook/cmake_prefix_path.ps1'
[18.664s] INFO:colcon.colcon_core.shell:Creating environment descriptor '/home/darkdemon/work/motor_control/install/small_arm_moveit_cpp/share/small_arm_moveit_cpp/hook/cmake_prefix_path.dsv'
[18.665s] INFO:colcon.colcon_core.shell:Creating environment hook '/home/darkdemon/work/motor_control/install/small_arm_moveit_cpp/share/small_arm_moveit_cpp/hook/cmake_prefix_path.sh'
[18.665s] Level 1:colcon.colcon_core.environment:checking '/home/darkdemon/work/motor_control/install/small_arm_moveit_cpp/lib'
[18.665s] Level 1:colcon.colcon_core.environment:checking '/home/darkdemon/work/motor_control/install/small_arm_moveit_cpp/bin'
[18.669s] Level 1:colcon.colcon_core.environment:checking '/home/darkdemon/work/motor_control/install/small_arm_moveit_cpp/lib/pkgconfig/small_arm_moveit_cpp.pc'
[18.669s] Level 1:colcon.colcon_core.environment:checking '/home/darkdemon/work/motor_control/install/small_arm_moveit_cpp/lib/python3.10/site-packages'
[18.669s] Level 1:colcon.colcon_core.environment:checking '/home/darkdemon/work/motor_control/install/small_arm_moveit_cpp/bin'
[18.670s] INFO:colcon.colcon_core.shell:Creating package script '/home/darkdemon/work/motor_control/install/small_arm_moveit_cpp/share/small_arm_moveit_cpp/package.ps1'
[18.670s] INFO:colcon.colcon_core.shell:Creating package descriptor '/home/darkdemon/work/motor_control/install/small_arm_moveit_cpp/share/small_arm_moveit_cpp/package.dsv'
[18.671s] INFO:colcon.colcon_core.shell:Creating package script '/home/darkdemon/work/motor_control/install/small_arm_moveit_cpp/share/small_arm_moveit_cpp/package.sh'
[18.671s] INFO:colcon.colcon_core.shell:Creating package script '/home/darkdemon/work/motor_control/install/small_arm_moveit_cpp/share/small_arm_moveit_cpp/package.bash'
[18.672s] INFO:colcon.colcon_core.shell:Creating package script '/home/darkdemon/work/motor_control/install/small_arm_moveit_cpp/share/small_arm_moveit_cpp/package.zsh'
[18.676s] Level 1:colcon.colcon_core.environment:create_file_with_runtime_dependencies(/home/darkdemon/work/motor_control/install/small_arm_moveit_cpp/share/colcon-core/packages/small_arm_moveit_cpp)
[18.677s] DEBUG:colcon.colcon_parallel_executor.executor.parallel:closing loop
[18.677s] DEBUG:colcon.colcon_parallel_executor.executor.parallel:loop closed
[18.677s] DEBUG:colcon.colcon_parallel_executor.executor.parallel:run_until_complete finished with '0'
[18.677s] DEBUG:colcon.colcon_core.event_reactor:joining thread
[18.689s] INFO:colcon.colcon_core.plugin_system:Skipping extension 'colcon_notification.desktop_notification.notify_send': Could not find 'notify-send'
[18.689s] INFO:colcon.colcon_core.plugin_system:Skipping extension 'colcon_notification.desktop_notification.terminal_notifier': Not used on non-Darwin systems
[18.689s] INFO:colcon.colcon_core.plugin_system:Skipping extension 'colcon_notification.desktop_notification.win32': Not used on non-Windows systems
[18.689s] INFO:colcon.colcon_notification.desktop_notification:Sending desktop notification using 'notify2'
[18.699s] DEBUG:colcon.colcon_notification.desktop_notification.notify2:Failed to initialize notify2: org.freedesktop.DBus.Error.Spawn.ExecFailed: /usr/bin/dbus-launch terminated abnormally without any error message
[18.700s] DEBUG:colcon.colcon_core.event_reactor:joined thread
[18.700s] INFO:colcon.colcon_core.shell:Creating prefix script '/home/darkdemon/work/motor_control/install/local_setup.ps1'
[18.702s] INFO:colcon.colcon_core.shell:Creating prefix util module '/home/darkdemon/work/motor_control/install/_local_setup_util_ps1.py'
[18.704s] INFO:colcon.colcon_core.shell:Creating prefix chain script '/home/darkdemon/work/motor_control/install/setup.ps1'
[18.706s] INFO:colcon.colcon_core.shell:Creating prefix script '/home/darkdemon/work/motor_control/install/local_setup.sh'
[18.706s] INFO:colcon.colcon_core.shell:Creating prefix util module '/home/darkdemon/work/motor_control/install/_local_setup_util_sh.py'
[18.706s] INFO:colcon.colcon_core.shell:Creating prefix chain script '/home/darkdemon/work/motor_control/install/setup.sh'
[18.707s] INFO:colcon.colcon_core.shell:Creating prefix script '/home/darkdemon/work/motor_control/install/local_setup.bash'
[18.708s] INFO:colcon.colcon_core.shell:Creating prefix chain script '/home/darkdemon/work/motor_control/install/setup.bash'
[18.709s] INFO:colcon.colcon_core.shell:Creating prefix script '/home/darkdemon/work/motor_control/install/local_setup.zsh'
[18.709s] INFO:colcon.colcon_core.shell:Creating prefix chain script '/home/darkdemon/work/motor_control/install/setup.zsh'
