[0.072s] DEBUG:colcon:Command line arguments: ['/usr/bin/colcon', 'build']
[0.072s] DEBUG:colcon:Parsed command line arguments: Namespace(log_base=None, log_level=None, verb_name='build', build_base='build', install_base='install', merge_install=False, symlink_install=False, test_result_base=None, continue_on_error=False, executor='parallel', parallel_workers=20, event_handlers=None, ignore_user_meta=False, metas=['./colcon.meta'], base_paths=['.'], packages_ignore=None, packages_ignore_regex=None, paths=None, packages_up_to=None, packages_up_to_regex=None, packages_above=None, packages_above_and_dependencies=None, packages_above_depth=None, packages_select_by_dep=None, packages_skip_by_dep=None, packages_skip_up_to=None, packages_select_build_failed=False, packages_skip_build_finished=False, packages_select_test_failures=False, packages_skip_test_passed=False, packages_select=None, packages_skip=None, packages_select_regex=None, packages_skip_regex=None, packages_start=None, packages_end=None, cmake_args=None, cmake_target=None, cmake_target_skip_unavailable=False, cmake_clean_cache=False, cmake_clean_first=False, cmake_force_configure=False, ament_cmake_args=None, catkin_cmake_args=None, catkin_skip_building_tests=False, verb_parser=<colcon_defaults.argument_parser.defaults.DefaultArgumentsDecorator object at 0x7228c2439a50>, verb_extension=<colcon_core.verb.build.BuildVerb object at 0x7228c24394e0>, main=<bound method BuildVerb.main of <colcon_core.verb.build.BuildVerb object at 0x7228c24394e0>>)
[0.177s] Level 1:colcon.colcon_core.package_discovery:discover_packages(colcon_meta) check parameters
[0.178s] Level 1:colcon.colcon_core.package_discovery:discover_packages(recursive) check parameters
[0.178s] Level 1:colcon.colcon_core.package_discovery:discover_packages(ignore) check parameters
[0.178s] Level 1:colcon.colcon_core.package_discovery:discover_packages(path) check parameters
[0.178s] Level 1:colcon.colcon_core.package_discovery:discover_packages(colcon_meta) discover
[0.178s] Level 1:colcon.colcon_core.package_discovery:discover_packages(recursive) discover
[0.178s] INFO:colcon.colcon_core.package_discovery:Crawling recursively for packages in '/home/darkdemon/work/motor_control'
[0.178s] Level 1:colcon.colcon_core.package_identification:_identify(.) by extensions ['ignore', 'ignore_ament_install']
[0.178s] Level 1:colcon.colcon_core.package_identification:_identify(.) by extension 'ignore'
[0.178s] Level 1:colcon.colcon_core.package_identification:_identify(.) by extension 'ignore_ament_install'
[0.178s] Level 1:colcon.colcon_core.package_identification:_identify(.) by extensions ['colcon_pkg']
[0.178s] Level 1:colcon.colcon_core.package_identification:_identify(.) by extension 'colcon_pkg'
[0.178s] Level 1:colcon.colcon_core.package_identification:_identify(.) by extensions ['colcon_meta']
[0.178s] Level 1:colcon.colcon_core.package_identification:_identify(.) by extension 'colcon_meta'
[0.178s] Level 1:colcon.colcon_core.package_identification:_identify(.) by extensions ['ros']
[0.178s] Level 1:colcon.colcon_core.package_identification:_identify(.) by extension 'ros'
[0.187s] Level 1:colcon.colcon_core.package_identification:_identify(.) by extensions ['cmake', 'python']
[0.187s] Level 1:colcon.colcon_core.package_identification:_identify(.) by extension 'cmake'
[0.187s] Level 1:colcon.colcon_core.package_identification:_identify(.) by extension 'python'
[0.187s] Level 1:colcon.colcon_core.package_identification:_identify(.) by extensions ['python_setup_py']
[0.187s] Level 1:colcon.colcon_core.package_identification:_identify(.) by extension 'python_setup_py'
[0.187s] Level 1:colcon.colcon_core.package_identification:_identify(build) by extensions ['ignore', 'ignore_ament_install']
[0.187s] Level 1:colcon.colcon_core.package_identification:_identify(build) by extension 'ignore'
[0.187s] Level 1:colcon.colcon_core.package_identification:_identify(build) ignored
[0.187s] Level 1:colcon.colcon_core.package_identification:_identify(install) by extensions ['ignore', 'ignore_ament_install']
[0.187s] Level 1:colcon.colcon_core.package_identification:_identify(install) by extension 'ignore'
[0.187s] Level 1:colcon.colcon_core.package_identification:_identify(install) ignored
[0.188s] Level 1:colcon.colcon_core.package_identification:_identify(log) by extensions ['ignore', 'ignore_ament_install']
[0.188s] Level 1:colcon.colcon_core.package_identification:_identify(log) by extension 'ignore'
[0.188s] Level 1:colcon.colcon_core.package_identification:_identify(log) ignored
[0.188s] Level 1:colcon.colcon_core.package_identification:_identify(src) by extensions ['ignore', 'ignore_ament_install']
[0.188s] Level 1:colcon.colcon_core.package_identification:_identify(src) by extension 'ignore'
[0.188s] Level 1:colcon.colcon_core.package_identification:_identify(src) by extension 'ignore_ament_install'
[0.188s] Level 1:colcon.colcon_core.package_identification:_identify(src) by extensions ['colcon_pkg']
[0.188s] Level 1:colcon.colcon_core.package_identification:_identify(src) by extension 'colcon_pkg'
[0.188s] Level 1:colcon.colcon_core.package_identification:_identify(src) by extensions ['colcon_meta']
[0.188s] Level 1:colcon.colcon_core.package_identification:_identify(src) by extension 'colcon_meta'
[0.188s] Level 1:colcon.colcon_core.package_identification:_identify(src) by extensions ['ros']
[0.188s] Level 1:colcon.colcon_core.package_identification:_identify(src) by extension 'ros'
[0.188s] Level 1:colcon.colcon_core.package_identification:_identify(src) by extensions ['cmake', 'python']
[0.188s] Level 1:colcon.colcon_core.package_identification:_identify(src) by extension 'cmake'
[0.188s] Level 1:colcon.colcon_core.package_identification:_identify(src) by extension 'python'
[0.188s] Level 1:colcon.colcon_core.package_identification:_identify(src) by extensions ['python_setup_py']
[0.188s] Level 1:colcon.colcon_core.package_identification:_identify(src) by extension 'python_setup_py'
[0.188s] Level 1:colcon.colcon_core.package_identification:_identify(src/RobotSot) by extensions ['ignore', 'ignore_ament_install']
[0.188s] Level 1:colcon.colcon_core.package_identification:_identify(src/RobotSot) by extension 'ignore'
[0.188s] Level 1:colcon.colcon_core.package_identification:_identify(src/RobotSot) by extension 'ignore_ament_install'
[0.188s] Level 1:colcon.colcon_core.package_identification:_identify(src/RobotSot) by extensions ['colcon_pkg']
[0.188s] Level 1:colcon.colcon_core.package_identification:_identify(src/RobotSot) by extension 'colcon_pkg'
[0.188s] Level 1:colcon.colcon_core.package_identification:_identify(src/RobotSot) by extensions ['colcon_meta']
[0.188s] Level 1:colcon.colcon_core.package_identification:_identify(src/RobotSot) by extension 'colcon_meta'
[0.188s] Level 1:colcon.colcon_core.package_identification:_identify(src/RobotSot) by extensions ['ros']
[0.188s] Level 1:colcon.colcon_core.package_identification:_identify(src/RobotSot) by extension 'ros'
[0.189s] Level 1:colcon.colcon_core.package_identification:_identify(src/RobotSot) by extensions ['cmake', 'python']
[0.189s] Level 1:colcon.colcon_core.package_identification:_identify(src/RobotSot) by extension 'cmake'
[0.189s] Level 1:colcon.colcon_core.package_identification:_identify(src/RobotSot) by extension 'python'
[0.189s] Level 1:colcon.colcon_core.package_identification:_identify(src/RobotSot) by extensions ['python_setup_py']
[0.189s] Level 1:colcon.colcon_core.package_identification:_identify(src/RobotSot) by extension 'python_setup_py'
[0.189s] Level 1:colcon.colcon_core.package_identification:_identify(src/RobotSot/config) by extensions ['ignore', 'ignore_ament_install']
[0.189s] Level 1:colcon.colcon_core.package_identification:_identify(src/RobotSot/config) by extension 'ignore'
[0.189s] Level 1:colcon.colcon_core.package_identification:_identify(src/RobotSot/config) by extension 'ignore_ament_install'
[0.189s] Level 1:colcon.colcon_core.package_identification:_identify(src/RobotSot/config) by extensions ['colcon_pkg']
[0.189s] Level 1:colcon.colcon_core.package_identification:_identify(src/RobotSot/config) by extension 'colcon_pkg'
[0.189s] Level 1:colcon.colcon_core.package_identification:_identify(src/RobotSot/config) by extensions ['colcon_meta']
[0.189s] Level 1:colcon.colcon_core.package_identification:_identify(src/RobotSot/config) by extension 'colcon_meta'
[0.189s] Level 1:colcon.colcon_core.package_identification:_identify(src/RobotSot/config) by extensions ['ros']
[0.189s] Level 1:colcon.colcon_core.package_identification:_identify(src/RobotSot/config) by extension 'ros'
[0.189s] Level 1:colcon.colcon_core.package_identification:_identify(src/RobotSot/config) by extensions ['cmake', 'python']
[0.189s] Level 1:colcon.colcon_core.package_identification:_identify(src/RobotSot/config) by extension 'cmake'
[0.189s] Level 1:colcon.colcon_core.package_identification:_identify(src/RobotSot/config) by extension 'python'
[0.189s] Level 1:colcon.colcon_core.package_identification:_identify(src/RobotSot/config) by extensions ['python_setup_py']
[0.189s] Level 1:colcon.colcon_core.package_identification:_identify(src/RobotSot/config) by extension 'python_setup_py'
[0.189s] Level 1:colcon.colcon_core.package_identification:_identify(src/RobotSot/config/deprecated) by extensions ['ignore', 'ignore_ament_install']
[0.189s] Level 1:colcon.colcon_core.package_identification:_identify(src/RobotSot/config/deprecated) by extension 'ignore'
[0.189s] Level 1:colcon.colcon_core.package_identification:_identify(src/RobotSot/config/deprecated) by extension 'ignore_ament_install'
[0.189s] Level 1:colcon.colcon_core.package_identification:_identify(src/RobotSot/config/deprecated) by extensions ['colcon_pkg']
[0.189s] Level 1:colcon.colcon_core.package_identification:_identify(src/RobotSot/config/deprecated) by extension 'colcon_pkg'
[0.189s] Level 1:colcon.colcon_core.package_identification:_identify(src/RobotSot/config/deprecated) by extensions ['colcon_meta']
[0.189s] Level 1:colcon.colcon_core.package_identification:_identify(src/RobotSot/config/deprecated) by extension 'colcon_meta'
[0.189s] Level 1:colcon.colcon_core.package_identification:_identify(src/RobotSot/config/deprecated) by extensions ['ros']
[0.189s] Level 1:colcon.colcon_core.package_identification:_identify(src/RobotSot/config/deprecated) by extension 'ros'
[0.189s] Level 1:colcon.colcon_core.package_identification:_identify(src/RobotSot/config/deprecated) by extensions ['cmake', 'python']
[0.189s] Level 1:colcon.colcon_core.package_identification:_identify(src/RobotSot/config/deprecated) by extension 'cmake'
[0.189s] Level 1:colcon.colcon_core.package_identification:_identify(src/RobotSot/config/deprecated) by extension 'python'
[0.189s] Level 1:colcon.colcon_core.package_identification:_identify(src/RobotSot/config/deprecated) by extensions ['python_setup_py']
[0.189s] Level 1:colcon.colcon_core.package_identification:_identify(src/RobotSot/config/deprecated) by extension 'python_setup_py'
[0.189s] Level 1:colcon.colcon_core.package_identification:_identify(src/RobotSot/script) by extensions ['ignore', 'ignore_ament_install']
[0.189s] Level 1:colcon.colcon_core.package_identification:_identify(src/RobotSot/script) by extension 'ignore'
[0.189s] Level 1:colcon.colcon_core.package_identification:_identify(src/RobotSot/script) by extension 'ignore_ament_install'
[0.189s] Level 1:colcon.colcon_core.package_identification:_identify(src/RobotSot/script) by extensions ['colcon_pkg']
[0.190s] Level 1:colcon.colcon_core.package_identification:_identify(src/RobotSot/script) by extension 'colcon_pkg'
[0.190s] Level 1:colcon.colcon_core.package_identification:_identify(src/RobotSot/script) by extensions ['colcon_meta']
[0.190s] Level 1:colcon.colcon_core.package_identification:_identify(src/RobotSot/script) by extension 'colcon_meta'
[0.190s] Level 1:colcon.colcon_core.package_identification:_identify(src/RobotSot/script) by extensions ['ros']
[0.190s] Level 1:colcon.colcon_core.package_identification:_identify(src/RobotSot/script) by extension 'ros'
[0.190s] Level 1:colcon.colcon_core.package_identification:_identify(src/RobotSot/script) by extensions ['cmake', 'python']
[0.190s] Level 1:colcon.colcon_core.package_identification:_identify(src/RobotSot/script) by extension 'cmake'
[0.190s] Level 1:colcon.colcon_core.package_identification:_identify(src/RobotSot/script) by extension 'python'
[0.190s] Level 1:colcon.colcon_core.package_identification:_identify(src/RobotSot/script) by extensions ['python_setup_py']
[0.190s] Level 1:colcon.colcon_core.package_identification:_identify(src/RobotSot/script) by extension 'python_setup_py'
[0.190s] Level 1:colcon.colcon_core.package_identification:_identify(src/RobotSot/script/deprecated) by extensions ['ignore', 'ignore_ament_install']
[0.190s] Level 1:colcon.colcon_core.package_identification:_identify(src/RobotSot/script/deprecated) by extension 'ignore'
[0.190s] Level 1:colcon.colcon_core.package_identification:_identify(src/RobotSot/script/deprecated) by extension 'ignore_ament_install'
[0.190s] Level 1:colcon.colcon_core.package_identification:_identify(src/RobotSot/script/deprecated) by extensions ['colcon_pkg']
[0.190s] Level 1:colcon.colcon_core.package_identification:_identify(src/RobotSot/script/deprecated) by extension 'colcon_pkg'
[0.190s] Level 1:colcon.colcon_core.package_identification:_identify(src/RobotSot/script/deprecated) by extensions ['colcon_meta']
[0.190s] Level 1:colcon.colcon_core.package_identification:_identify(src/RobotSot/script/deprecated) by extension 'colcon_meta'
[0.190s] Level 1:colcon.colcon_core.package_identification:_identify(src/RobotSot/script/deprecated) by extensions ['ros']
[0.190s] Level 1:colcon.colcon_core.package_identification:_identify(src/RobotSot/script/deprecated) by extension 'ros'
[0.190s] Level 1:colcon.colcon_core.package_identification:_identify(src/RobotSot/script/deprecated) by extensions ['cmake', 'python']
[0.190s] Level 1:colcon.colcon_core.package_identification:_identify(src/RobotSot/script/deprecated) by extension 'cmake'
[0.190s] Level 1:colcon.colcon_core.package_identification:_identify(src/RobotSot/script/deprecated) by extension 'python'
[0.190s] Level 1:colcon.colcon_core.package_identification:_identify(src/RobotSot/script/deprecated) by extensions ['python_setup_py']
[0.190s] Level 1:colcon.colcon_core.package_identification:_identify(src/RobotSot/script/deprecated) by extension 'python_setup_py'
[0.190s] Level 1:colcon.colcon_core.package_identification:_identify(src/RobotSot/src) by extensions ['ignore', 'ignore_ament_install']
[0.190s] Level 1:colcon.colcon_core.package_identification:_identify(src/RobotSot/src) by extension 'ignore'
[0.190s] Level 1:colcon.colcon_core.package_identification:_identify(src/RobotSot/src) by extension 'ignore_ament_install'
[0.190s] Level 1:colcon.colcon_core.package_identification:_identify(src/RobotSot/src) by extensions ['colcon_pkg']
[0.190s] Level 1:colcon.colcon_core.package_identification:_identify(src/RobotSot/src) by extension 'colcon_pkg'
[0.190s] Level 1:colcon.colcon_core.package_identification:_identify(src/RobotSot/src) by extensions ['colcon_meta']
[0.190s] Level 1:colcon.colcon_core.package_identification:_identify(src/RobotSot/src) by extension 'colcon_meta'
[0.190s] Level 1:colcon.colcon_core.package_identification:_identify(src/RobotSot/src) by extensions ['ros']
[0.190s] Level 1:colcon.colcon_core.package_identification:_identify(src/RobotSot/src) by extension 'ros'
[0.190s] Level 1:colcon.colcon_core.package_identification:_identify(src/RobotSot/src) by extensions ['cmake', 'python']
[0.190s] Level 1:colcon.colcon_core.package_identification:_identify(src/RobotSot/src) by extension 'cmake'
[0.190s] Level 1:colcon.colcon_core.package_identification:_identify(src/RobotSot/src) by extension 'python'
[0.190s] Level 1:colcon.colcon_core.package_identification:_identify(src/RobotSot/src) by extensions ['python_setup_py']
[0.190s] Level 1:colcon.colcon_core.package_identification:_identify(src/RobotSot/src) by extension 'python_setup_py'
[0.190s] Level 1:colcon.colcon_core.package_identification:_identify(src/RobotSot/src/lidar_filter) by extensions ['ignore', 'ignore_ament_install']
[0.190s] Level 1:colcon.colcon_core.package_identification:_identify(src/RobotSot/src/lidar_filter) by extension 'ignore'
[0.191s] Level 1:colcon.colcon_core.package_identification:_identify(src/RobotSot/src/lidar_filter) by extension 'ignore_ament_install'
[0.191s] Level 1:colcon.colcon_core.package_identification:_identify(src/RobotSot/src/lidar_filter) by extensions ['colcon_pkg']
[0.191s] Level 1:colcon.colcon_core.package_identification:_identify(src/RobotSot/src/lidar_filter) by extension 'colcon_pkg'
[0.191s] Level 1:colcon.colcon_core.package_identification:_identify(src/RobotSot/src/lidar_filter) by extensions ['colcon_meta']
[0.191s] Level 1:colcon.colcon_core.package_identification:_identify(src/RobotSot/src/lidar_filter) by extension 'colcon_meta'
[0.191s] Level 1:colcon.colcon_core.package_identification:_identify(src/RobotSot/src/lidar_filter) by extensions ['ros']
[0.191s] Level 1:colcon.colcon_core.package_identification:_identify(src/RobotSot/src/lidar_filter) by extension 'ros'
[0.192s] DEBUG:colcon.colcon_core.package_identification:Package 'src/RobotSot/src/lidar_filter' with type 'ros.ament_python' and name 'lidar_filter'
[0.192s] Level 1:colcon.colcon_core.package_identification:_identify(src/RobotSot/src/map_if) by extensions ['ignore', 'ignore_ament_install']
[0.192s] Level 1:colcon.colcon_core.package_identification:_identify(src/RobotSot/src/map_if) by extension 'ignore'
[0.192s] Level 1:colcon.colcon_core.package_identification:_identify(src/RobotSot/src/map_if) by extension 'ignore_ament_install'
[0.193s] Level 1:colcon.colcon_core.package_identification:_identify(src/RobotSot/src/map_if) by extensions ['colcon_pkg']
[0.193s] Level 1:colcon.colcon_core.package_identification:_identify(src/RobotSot/src/map_if) by extension 'colcon_pkg'
[0.193s] Level 1:colcon.colcon_core.package_identification:_identify(src/RobotSot/src/map_if) by extensions ['colcon_meta']
[0.193s] Level 1:colcon.colcon_core.package_identification:_identify(src/RobotSot/src/map_if) by extension 'colcon_meta'
[0.193s] Level 1:colcon.colcon_core.package_identification:_identify(src/RobotSot/src/map_if) by extensions ['ros']
[0.193s] Level 1:colcon.colcon_core.package_identification:_identify(src/RobotSot/src/map_if) by extension 'ros'
[0.193s] DEBUG:colcon.colcon_core.package_identification:Package 'src/RobotSot/src/map_if' with type 'ros.ament_cmake' and name 'map_if'
[0.193s] Level 1:colcon.colcon_core.package_identification:_identify(src/RobotSot/src/map_tool) by extensions ['ignore', 'ignore_ament_install']
[0.193s] Level 1:colcon.colcon_core.package_identification:_identify(src/RobotSot/src/map_tool) by extension 'ignore'
[0.193s] Level 1:colcon.colcon_core.package_identification:_identify(src/RobotSot/src/map_tool) by extension 'ignore_ament_install'
[0.193s] Level 1:colcon.colcon_core.package_identification:_identify(src/RobotSot/src/map_tool) by extensions ['colcon_pkg']
[0.193s] Level 1:colcon.colcon_core.package_identification:_identify(src/RobotSot/src/map_tool) by extension 'colcon_pkg'
[0.193s] Level 1:colcon.colcon_core.package_identification:_identify(src/RobotSot/src/map_tool) by extensions ['colcon_meta']
[0.193s] Level 1:colcon.colcon_core.package_identification:_identify(src/RobotSot/src/map_tool) by extension 'colcon_meta'
[0.193s] Level 1:colcon.colcon_core.package_identification:_identify(src/RobotSot/src/map_tool) by extensions ['ros']
[0.193s] Level 1:colcon.colcon_core.package_identification:_identify(src/RobotSot/src/map_tool) by extension 'ros'
[0.194s] DEBUG:colcon.colcon_core.package_identification:Package 'src/RobotSot/src/map_tool' with type 'ros.ament_python' and name 'map_tool'
[0.194s] Level 1:colcon.colcon_core.package_identification:_identify(src/RobotSot/src/visual) by extensions ['ignore', 'ignore_ament_install']
[0.194s] Level 1:colcon.colcon_core.package_identification:_identify(src/RobotSot/src/visual) by extension 'ignore'
[0.194s] Level 1:colcon.colcon_core.package_identification:_identify(src/RobotSot/src/visual) by extension 'ignore_ament_install'
[0.194s] Level 1:colcon.colcon_core.package_identification:_identify(src/RobotSot/src/visual) by extensions ['colcon_pkg']
[0.194s] Level 1:colcon.colcon_core.package_identification:_identify(src/RobotSot/src/visual) by extension 'colcon_pkg'
[0.194s] Level 1:colcon.colcon_core.package_identification:_identify(src/RobotSot/src/visual) by extensions ['colcon_meta']
[0.194s] Level 1:colcon.colcon_core.package_identification:_identify(src/RobotSot/src/visual) by extension 'colcon_meta'
[0.194s] Level 1:colcon.colcon_core.package_identification:_identify(src/RobotSot/src/visual) by extensions ['ros']
[0.194s] Level 1:colcon.colcon_core.package_identification:_identify(src/RobotSot/src/visual) by extension 'ros'
[0.194s] DEBUG:colcon.colcon_core.package_identification:Package 'src/RobotSot/src/visual' with type 'ros.ament_python' and name 'visual'
[0.194s] Level 1:colcon.colcon_core.package_identification:_identify(src/dynamixel-workbench) by extensions ['ignore', 'ignore_ament_install']
[0.194s] Level 1:colcon.colcon_core.package_identification:_identify(src/dynamixel-workbench) by extension 'ignore'
[0.194s] Level 1:colcon.colcon_core.package_identification:_identify(src/dynamixel-workbench) by extension 'ignore_ament_install'
[0.194s] Level 1:colcon.colcon_core.package_identification:_identify(src/dynamixel-workbench) by extensions ['colcon_pkg']
[0.194s] Level 1:colcon.colcon_core.package_identification:_identify(src/dynamixel-workbench) by extension 'colcon_pkg'
[0.195s] Level 1:colcon.colcon_core.package_identification:_identify(src/dynamixel-workbench) by extensions ['colcon_meta']
[0.195s] Level 1:colcon.colcon_core.package_identification:_identify(src/dynamixel-workbench) by extension 'colcon_meta'
[0.195s] Level 1:colcon.colcon_core.package_identification:_identify(src/dynamixel-workbench) by extensions ['ros']
[0.195s] Level 1:colcon.colcon_core.package_identification:_identify(src/dynamixel-workbench) by extension 'ros'
[0.195s] Level 1:colcon.colcon_core.package_identification:_identify(src/dynamixel-workbench) by extensions ['cmake', 'python']
[0.195s] Level 1:colcon.colcon_core.package_identification:_identify(src/dynamixel-workbench) by extension 'cmake'
[0.195s] Level 1:colcon.colcon_core.package_identification:_identify(src/dynamixel-workbench) by extension 'python'
[0.195s] Level 1:colcon.colcon_core.package_identification:_identify(src/dynamixel-workbench) by extensions ['python_setup_py']
[0.195s] Level 1:colcon.colcon_core.package_identification:_identify(src/dynamixel-workbench) by extension 'python_setup_py'
[0.195s] Level 1:colcon.colcon_core.package_identification:_identify(src/dynamixel-workbench/dynamixel_workbench) by extensions ['ignore', 'ignore_ament_install']
[0.195s] Level 1:colcon.colcon_core.package_identification:_identify(src/dynamixel-workbench/dynamixel_workbench) by extension 'ignore'
[0.195s] Level 1:colcon.colcon_core.package_identification:_identify(src/dynamixel-workbench/dynamixel_workbench) by extension 'ignore_ament_install'
[0.195s] Level 1:colcon.colcon_core.package_identification:_identify(src/dynamixel-workbench/dynamixel_workbench) by extensions ['colcon_pkg']
[0.195s] Level 1:colcon.colcon_core.package_identification:_identify(src/dynamixel-workbench/dynamixel_workbench) by extension 'colcon_pkg'
[0.195s] Level 1:colcon.colcon_core.package_identification:_identify(src/dynamixel-workbench/dynamixel_workbench) by extensions ['colcon_meta']
[0.195s] Level 1:colcon.colcon_core.package_identification:_identify(src/dynamixel-workbench/dynamixel_workbench) by extension 'colcon_meta'
[0.195s] Level 1:colcon.colcon_core.package_identification:_identify(src/dynamixel-workbench/dynamixel_workbench) by extensions ['ros']
[0.195s] Level 1:colcon.colcon_core.package_identification:_identify(src/dynamixel-workbench/dynamixel_workbench) by extension 'ros'
[0.195s] DEBUG:colcon.colcon_core.package_identification:Package 'src/dynamixel-workbench/dynamixel_workbench' with type 'ros.ament_cmake' and name 'dynamixel_workbench'
[0.195s] Level 1:colcon.colcon_core.package_identification:_identify(src/dynamixel-workbench/dynamixel_workbench_toolbox) by extensions ['ignore', 'ignore_ament_install']
[0.196s] Level 1:colcon.colcon_core.package_identification:_identify(src/dynamixel-workbench/dynamixel_workbench_toolbox) by extension 'ignore'
[0.196s] Level 1:colcon.colcon_core.package_identification:_identify(src/dynamixel-workbench/dynamixel_workbench_toolbox) by extension 'ignore_ament_install'
[0.196s] Level 1:colcon.colcon_core.package_identification:_identify(src/dynamixel-workbench/dynamixel_workbench_toolbox) by extensions ['colcon_pkg']
[0.196s] Level 1:colcon.colcon_core.package_identification:_identify(src/dynamixel-workbench/dynamixel_workbench_toolbox) by extension 'colcon_pkg'
[0.196s] Level 1:colcon.colcon_core.package_identification:_identify(src/dynamixel-workbench/dynamixel_workbench_toolbox) by extensions ['colcon_meta']
[0.196s] Level 1:colcon.colcon_core.package_identification:_identify(src/dynamixel-workbench/dynamixel_workbench_toolbox) by extension 'colcon_meta'
[0.196s] Level 1:colcon.colcon_core.package_identification:_identify(src/dynamixel-workbench/dynamixel_workbench_toolbox) by extensions ['ros']
[0.196s] Level 1:colcon.colcon_core.package_identification:_identify(src/dynamixel-workbench/dynamixel_workbench_toolbox) by extension 'ros'
[0.196s] DEBUG:colcon.colcon_core.package_identification:Package 'src/dynamixel-workbench/dynamixel_workbench_toolbox' with type 'ros.ament_cmake' and name 'dynamixel_workbench_toolbox'
[0.196s] Level 1:colcon.colcon_core.package_identification:_identify(src/dynamixel-workbench-msgs) by extensions ['ignore', 'ignore_ament_install']
[0.196s] Level 1:colcon.colcon_core.package_identification:_identify(src/dynamixel-workbench-msgs) by extension 'ignore'
[0.196s] Level 1:colcon.colcon_core.package_identification:_identify(src/dynamixel-workbench-msgs) by extension 'ignore_ament_install'
[0.196s] Level 1:colcon.colcon_core.package_identification:_identify(src/dynamixel-workbench-msgs) by extensions ['colcon_pkg']
[0.196s] Level 1:colcon.colcon_core.package_identification:_identify(src/dynamixel-workbench-msgs) by extension 'colcon_pkg'
[0.196s] Level 1:colcon.colcon_core.package_identification:_identify(src/dynamixel-workbench-msgs) by extensions ['colcon_meta']
[0.196s] Level 1:colcon.colcon_core.package_identification:_identify(src/dynamixel-workbench-msgs) by extension 'colcon_meta'
[0.196s] Level 1:colcon.colcon_core.package_identification:_identify(src/dynamixel-workbench-msgs) by extensions ['ros']
[0.196s] Level 1:colcon.colcon_core.package_identification:_identify(src/dynamixel-workbench-msgs) by extension 'ros'
[0.196s] Level 1:colcon.colcon_core.package_identification:_identify(src/dynamixel-workbench-msgs) by extensions ['cmake', 'python']
[0.196s] Level 1:colcon.colcon_core.package_identification:_identify(src/dynamixel-workbench-msgs) by extension 'cmake'
[0.196s] Level 1:colcon.colcon_core.package_identification:_identify(src/dynamixel-workbench-msgs) by extension 'python'
[0.197s] Level 1:colcon.colcon_core.package_identification:_identify(src/dynamixel-workbench-msgs) by extensions ['python_setup_py']
[0.197s] Level 1:colcon.colcon_core.package_identification:_identify(src/dynamixel-workbench-msgs) by extension 'python_setup_py'
[0.197s] Level 1:colcon.colcon_core.package_identification:_identify(src/dynamixel-workbench-msgs/dynamixel_workbench_msgs) by extensions ['ignore', 'ignore_ament_install']
[0.197s] Level 1:colcon.colcon_core.package_identification:_identify(src/dynamixel-workbench-msgs/dynamixel_workbench_msgs) by extension 'ignore'
[0.197s] Level 1:colcon.colcon_core.package_identification:_identify(src/dynamixel-workbench-msgs/dynamixel_workbench_msgs) by extension 'ignore_ament_install'
[0.197s] Level 1:colcon.colcon_core.package_identification:_identify(src/dynamixel-workbench-msgs/dynamixel_workbench_msgs) by extensions ['colcon_pkg']
[0.197s] Level 1:colcon.colcon_core.package_identification:_identify(src/dynamixel-workbench-msgs/dynamixel_workbench_msgs) by extension 'colcon_pkg'
[0.197s] Level 1:colcon.colcon_core.package_identification:_identify(src/dynamixel-workbench-msgs/dynamixel_workbench_msgs) by extensions ['colcon_meta']
[0.197s] Level 1:colcon.colcon_core.package_identification:_identify(src/dynamixel-workbench-msgs/dynamixel_workbench_msgs) by extension 'colcon_meta'
[0.197s] Level 1:colcon.colcon_core.package_identification:_identify(src/dynamixel-workbench-msgs/dynamixel_workbench_msgs) by extensions ['ros']
[0.197s] Level 1:colcon.colcon_core.package_identification:_identify(src/dynamixel-workbench-msgs/dynamixel_workbench_msgs) by extension 'ros'
[0.197s] DEBUG:colcon.colcon_core.package_identification:Package 'src/dynamixel-workbench-msgs/dynamixel_workbench_msgs' with type 'ros.ament_cmake' and name 'dynamixel_workbench_msgs'
[0.197s] Level 1:colcon.colcon_core.package_identification:_identify(src/realsense) by extensions ['ignore', 'ignore_ament_install']
[0.197s] Level 1:colcon.colcon_core.package_identification:_identify(src/realsense) by extension 'ignore'
[0.197s] Level 1:colcon.colcon_core.package_identification:_identify(src/realsense) by extension 'ignore_ament_install'
[0.197s] Level 1:colcon.colcon_core.package_identification:_identify(src/realsense) by extensions ['colcon_pkg']
[0.197s] Level 1:colcon.colcon_core.package_identification:_identify(src/realsense) by extension 'colcon_pkg'
[0.198s] Level 1:colcon.colcon_core.package_identification:_identify(src/realsense) by extensions ['colcon_meta']
[0.198s] Level 1:colcon.colcon_core.package_identification:_identify(src/realsense) by extension 'colcon_meta'
[0.198s] Level 1:colcon.colcon_core.package_identification:_identify(src/realsense) by extensions ['ros']
[0.198s] Level 1:colcon.colcon_core.package_identification:_identify(src/realsense) by extension 'ros'
[0.198s] DEBUG:colcon.colcon_core.package_identification:Package 'src/realsense' with type 'ros.ament_python' and name 'realsense'
[0.198s] Level 1:colcon.colcon_core.package_identification:_identify(src/tb4_arm_ros2) by extensions ['ignore', 'ignore_ament_install']
[0.198s] Level 1:colcon.colcon_core.package_identification:_identify(src/tb4_arm_ros2) by extension 'ignore'
[0.198s] Level 1:colcon.colcon_core.package_identification:_identify(src/tb4_arm_ros2) by extension 'ignore_ament_install'
[0.198s] Level 1:colcon.colcon_core.package_identification:_identify(src/tb4_arm_ros2) by extensions ['colcon_pkg']
[0.198s] Level 1:colcon.colcon_core.package_identification:_identify(src/tb4_arm_ros2) by extension 'colcon_pkg'
[0.198s] Level 1:colcon.colcon_core.package_identification:_identify(src/tb4_arm_ros2) by extensions ['colcon_meta']
[0.198s] Level 1:colcon.colcon_core.package_identification:_identify(src/tb4_arm_ros2) by extension 'colcon_meta'
[0.198s] Level 1:colcon.colcon_core.package_identification:_identify(src/tb4_arm_ros2) by extensions ['ros']
[0.198s] Level 1:colcon.colcon_core.package_identification:_identify(src/tb4_arm_ros2) by extension 'ros'
[0.198s] Level 1:colcon.colcon_core.package_identification:_identify(src/tb4_arm_ros2) by extensions ['cmake', 'python']
[0.198s] Level 1:colcon.colcon_core.package_identification:_identify(src/tb4_arm_ros2) by extension 'cmake'
[0.198s] Level 1:colcon.colcon_core.package_identification:_identify(src/tb4_arm_ros2) by extension 'python'
[0.198s] Level 1:colcon.colcon_core.package_identification:_identify(src/tb4_arm_ros2) by extensions ['python_setup_py']
[0.198s] Level 1:colcon.colcon_core.package_identification:_identify(src/tb4_arm_ros2) by extension 'python_setup_py'
[0.198s] Level 1:colcon.colcon_core.package_identification:_identify(src/tb4_arm_ros2/dynamixel_hardware) by extensions ['ignore', 'ignore_ament_install']
[0.198s] Level 1:colcon.colcon_core.package_identification:_identify(src/tb4_arm_ros2/dynamixel_hardware) by extension 'ignore'
[0.198s] Level 1:colcon.colcon_core.package_identification:_identify(src/tb4_arm_ros2/dynamixel_hardware) by extension 'ignore_ament_install'
[0.198s] Level 1:colcon.colcon_core.package_identification:_identify(src/tb4_arm_ros2/dynamixel_hardware) by extensions ['colcon_pkg']
[0.198s] Level 1:colcon.colcon_core.package_identification:_identify(src/tb4_arm_ros2/dynamixel_hardware) by extension 'colcon_pkg'
[0.198s] Level 1:colcon.colcon_core.package_identification:_identify(src/tb4_arm_ros2/dynamixel_hardware) by extensions ['colcon_meta']
[0.198s] Level 1:colcon.colcon_core.package_identification:_identify(src/tb4_arm_ros2/dynamixel_hardware) by extension 'colcon_meta'
[0.198s] Level 1:colcon.colcon_core.package_identification:_identify(src/tb4_arm_ros2/dynamixel_hardware) by extensions ['ros']
[0.198s] Level 1:colcon.colcon_core.package_identification:_identify(src/tb4_arm_ros2/dynamixel_hardware) by extension 'ros'
[0.199s] DEBUG:colcon.colcon_core.package_identification:Package 'src/tb4_arm_ros2/dynamixel_hardware' with type 'ros.ament_cmake' and name 'dynamixel_hardware'
[0.199s] Level 1:colcon.colcon_core.package_identification:_identify(src/tb4_arm_ros2/python_moveit2) by extensions ['ignore', 'ignore_ament_install']
[0.199s] Level 1:colcon.colcon_core.package_identification:_identify(src/tb4_arm_ros2/python_moveit2) by extension 'ignore'
[0.199s] Level 1:colcon.colcon_core.package_identification:_identify(src/tb4_arm_ros2/python_moveit2) by extension 'ignore_ament_install'
[0.199s] Level 1:colcon.colcon_core.package_identification:_identify(src/tb4_arm_ros2/python_moveit2) by extensions ['colcon_pkg']
[0.199s] Level 1:colcon.colcon_core.package_identification:_identify(src/tb4_arm_ros2/python_moveit2) by extension 'colcon_pkg'
[0.199s] Level 1:colcon.colcon_core.package_identification:_identify(src/tb4_arm_ros2/python_moveit2) by extensions ['colcon_meta']
[0.199s] Level 1:colcon.colcon_core.package_identification:_identify(src/tb4_arm_ros2/python_moveit2) by extension 'colcon_meta'
[0.200s] Level 1:colcon.colcon_core.package_identification:_identify(src/tb4_arm_ros2/python_moveit2) by extensions ['ros']
[0.200s] Level 1:colcon.colcon_core.package_identification:_identify(src/tb4_arm_ros2/python_moveit2) by extension 'ros'
[0.200s] DEBUG:colcon.colcon_core.package_identification:Package 'src/tb4_arm_ros2/python_moveit2' with type 'ros.ament_python' and name 'python_moveit2'
[0.200s] Level 1:colcon.colcon_core.package_identification:_identify(src/tb4_arm_ros2/python_moveit_interface) by extensions ['ignore', 'ignore_ament_install']
[0.200s] Level 1:colcon.colcon_core.package_identification:_identify(src/tb4_arm_ros2/python_moveit_interface) by extension 'ignore'
[0.200s] Level 1:colcon.colcon_core.package_identification:_identify(src/tb4_arm_ros2/python_moveit_interface) by extension 'ignore_ament_install'
[0.200s] Level 1:colcon.colcon_core.package_identification:_identify(src/tb4_arm_ros2/python_moveit_interface) by extensions ['colcon_pkg']
[0.200s] Level 1:colcon.colcon_core.package_identification:_identify(src/tb4_arm_ros2/python_moveit_interface) by extension 'colcon_pkg'
[0.200s] Level 1:colcon.colcon_core.package_identification:_identify(src/tb4_arm_ros2/python_moveit_interface) by extensions ['colcon_meta']
[0.200s] Level 1:colcon.colcon_core.package_identification:_identify(src/tb4_arm_ros2/python_moveit_interface) by extension 'colcon_meta'
[0.200s] Level 1:colcon.colcon_core.package_identification:_identify(src/tb4_arm_ros2/python_moveit_interface) by extensions ['ros']
[0.200s] Level 1:colcon.colcon_core.package_identification:_identify(src/tb4_arm_ros2/python_moveit_interface) by extension 'ros'
[0.201s] DEBUG:colcon.colcon_core.package_identification:Package 'src/tb4_arm_ros2/python_moveit_interface' with type 'ros.catkin' and name 'python_moveit_interface'
[0.201s] Level 1:colcon.colcon_core.package_identification:_identify(src/tb4_arm_ros2/small_arm_description) by extensions ['ignore', 'ignore_ament_install']
[0.201s] Level 1:colcon.colcon_core.package_identification:_identify(src/tb4_arm_ros2/small_arm_description) by extension 'ignore'
[0.201s] Level 1:colcon.colcon_core.package_identification:_identify(src/tb4_arm_ros2/small_arm_description) by extension 'ignore_ament_install'
[0.201s] Level 1:colcon.colcon_core.package_identification:_identify(src/tb4_arm_ros2/small_arm_description) by extensions ['colcon_pkg']
[0.201s] Level 1:colcon.colcon_core.package_identification:_identify(src/tb4_arm_ros2/small_arm_description) by extension 'colcon_pkg'
[0.201s] Level 1:colcon.colcon_core.package_identification:_identify(src/tb4_arm_ros2/small_arm_description) by extensions ['colcon_meta']
[0.201s] Level 1:colcon.colcon_core.package_identification:_identify(src/tb4_arm_ros2/small_arm_description) by extension 'colcon_meta'
[0.201s] Level 1:colcon.colcon_core.package_identification:_identify(src/tb4_arm_ros2/small_arm_description) by extensions ['ros']
[0.201s] Level 1:colcon.colcon_core.package_identification:_identify(src/tb4_arm_ros2/small_arm_description) by extension 'ros'
[0.202s] DEBUG:colcon.colcon_core.package_identification:Package 'src/tb4_arm_ros2/small_arm_description' with type 'ros.ament_cmake' and name 'small_arm_description'
[0.202s] Level 1:colcon.colcon_core.package_identification:_identify(src/tb4_arm_ros2/small_arm_moveit_config) by extensions ['ignore', 'ignore_ament_install']
[0.202s] Level 1:colcon.colcon_core.package_identification:_identify(src/tb4_arm_ros2/small_arm_moveit_config) by extension 'ignore'
[0.202s] Level 1:colcon.colcon_core.package_identification:_identify(src/tb4_arm_ros2/small_arm_moveit_config) by extension 'ignore_ament_install'
[0.202s] Level 1:colcon.colcon_core.package_identification:_identify(src/tb4_arm_ros2/small_arm_moveit_config) by extensions ['colcon_pkg']
[0.202s] Level 1:colcon.colcon_core.package_identification:_identify(src/tb4_arm_ros2/small_arm_moveit_config) by extension 'colcon_pkg'
[0.203s] Level 1:colcon.colcon_core.package_identification:_identify(src/tb4_arm_ros2/small_arm_moveit_config) by extensions ['colcon_meta']
[0.203s] Level 1:colcon.colcon_core.package_identification:_identify(src/tb4_arm_ros2/small_arm_moveit_config) by extension 'colcon_meta'
[0.203s] Level 1:colcon.colcon_core.package_identification:_identify(src/tb4_arm_ros2/small_arm_moveit_config) by extensions ['ros']
[0.203s] Level 1:colcon.colcon_core.package_identification:_identify(src/tb4_arm_ros2/small_arm_moveit_config) by extension 'ros'
[0.203s] DEBUG:colcon.colcon_core.package_identification:Package 'src/tb4_arm_ros2/small_arm_moveit_config' with type 'ros.ament_cmake' and name 'small_arm_moveit_config'
[0.203s] Level 1:colcon.colcon_core.package_identification:_identify(src/tb4_arm_ros2/small_arm_moveit_cpp) by extensions ['ignore', 'ignore_ament_install']
[0.203s] Level 1:colcon.colcon_core.package_identification:_identify(src/tb4_arm_ros2/small_arm_moveit_cpp) by extension 'ignore'
[0.203s] Level 1:colcon.colcon_core.package_identification:_identify(src/tb4_arm_ros2/small_arm_moveit_cpp) by extension 'ignore_ament_install'
[0.203s] Level 1:colcon.colcon_core.package_identification:_identify(src/tb4_arm_ros2/small_arm_moveit_cpp) by extensions ['colcon_pkg']
[0.203s] Level 1:colcon.colcon_core.package_identification:_identify(src/tb4_arm_ros2/small_arm_moveit_cpp) by extension 'colcon_pkg'
[0.203s] Level 1:colcon.colcon_core.package_identification:_identify(src/tb4_arm_ros2/small_arm_moveit_cpp) by extensions ['colcon_meta']
[0.203s] Level 1:colcon.colcon_core.package_identification:_identify(src/tb4_arm_ros2/small_arm_moveit_cpp) by extension 'colcon_meta'
[0.203s] Level 1:colcon.colcon_core.package_identification:_identify(src/tb4_arm_ros2/small_arm_moveit_cpp) by extensions ['ros']
[0.203s] Level 1:colcon.colcon_core.package_identification:_identify(src/tb4_arm_ros2/small_arm_moveit_cpp) by extension 'ros'
[0.204s] DEBUG:colcon.colcon_core.package_identification:Package 'src/tb4_arm_ros2/small_arm_moveit_cpp' with type 'ros.ament_cmake' and name 'small_arm_moveit_cpp'
[0.204s] Level 1:colcon.colcon_core.package_discovery:discover_packages(recursive) using defaults
[0.204s] Level 1:colcon.colcon_core.package_discovery:discover_packages(ignore) discover
[0.204s] Level 1:colcon.colcon_core.package_discovery:discover_packages(ignore) using defaults
[0.204s] Level 1:colcon.colcon_core.package_discovery:discover_packages(path) discover
[0.204s] Level 1:colcon.colcon_core.package_discovery:discover_packages(path) using defaults
[0.234s] Level 5:colcon.colcon_core.verb:set package 'dynamixel_workbench_msgs' build argument 'cmake_args' from command line to 'None'
[0.234s] Level 5:colcon.colcon_core.verb:set package 'dynamixel_workbench_msgs' build argument 'cmake_target' from command line to 'None'
[0.234s] Level 5:colcon.colcon_core.verb:set package 'dynamixel_workbench_msgs' build argument 'cmake_target_skip_unavailable' from command line to 'False'
[0.234s] Level 5:colcon.colcon_core.verb:set package 'dynamixel_workbench_msgs' build argument 'cmake_clean_cache' from command line to 'False'
[0.234s] Level 5:colcon.colcon_core.verb:set package 'dynamixel_workbench_msgs' build argument 'cmake_clean_first' from command line to 'False'
[0.234s] Level 5:colcon.colcon_core.verb:set package 'dynamixel_workbench_msgs' build argument 'cmake_force_configure' from command line to 'False'
[0.234s] Level 5:colcon.colcon_core.verb:set package 'dynamixel_workbench_msgs' build argument 'ament_cmake_args' from command line to 'None'
[0.234s] Level 5:colcon.colcon_core.verb:set package 'dynamixel_workbench_msgs' build argument 'catkin_cmake_args' from command line to 'None'
[0.234s] Level 5:colcon.colcon_core.verb:set package 'dynamixel_workbench_msgs' build argument 'catkin_skip_building_tests' from command line to 'False'
[0.234s] DEBUG:colcon.colcon_core.verb:Building package 'dynamixel_workbench_msgs' with the following arguments: {'ament_cmake_args': None, 'build_base': '/home/darkdemon/work/motor_control/build/dynamixel_workbench_msgs', 'catkin_cmake_args': None, 'catkin_skip_building_tests': False, 'cmake_args': None, 'cmake_clean_cache': False, 'cmake_clean_first': False, 'cmake_force_configure': False, 'cmake_target': None, 'cmake_target_skip_unavailable': False, 'install_base': '/home/darkdemon/work/motor_control/install/dynamixel_workbench_msgs', 'merge_install': False, 'path': '/home/darkdemon/work/motor_control/src/dynamixel-workbench-msgs/dynamixel_workbench_msgs', 'symlink_install': False, 'test_result_base': None}
[0.234s] Level 5:colcon.colcon_core.verb:set package 'dynamixel_workbench_toolbox' build argument 'cmake_args' from command line to 'None'
[0.234s] Level 5:colcon.colcon_core.verb:set package 'dynamixel_workbench_toolbox' build argument 'cmake_target' from command line to 'None'
[0.234s] Level 5:colcon.colcon_core.verb:set package 'dynamixel_workbench_toolbox' build argument 'cmake_target_skip_unavailable' from command line to 'False'
[0.234s] Level 5:colcon.colcon_core.verb:set package 'dynamixel_workbench_toolbox' build argument 'cmake_clean_cache' from command line to 'False'
[0.234s] Level 5:colcon.colcon_core.verb:set package 'dynamixel_workbench_toolbox' build argument 'cmake_clean_first' from command line to 'False'
[0.234s] Level 5:colcon.colcon_core.verb:set package 'dynamixel_workbench_toolbox' build argument 'cmake_force_configure' from command line to 'False'
[0.234s] Level 5:colcon.colcon_core.verb:set package 'dynamixel_workbench_toolbox' build argument 'ament_cmake_args' from command line to 'None'
[0.234s] Level 5:colcon.colcon_core.verb:set package 'dynamixel_workbench_toolbox' build argument 'catkin_cmake_args' from command line to 'None'
[0.234s] Level 5:colcon.colcon_core.verb:set package 'dynamixel_workbench_toolbox' build argument 'catkin_skip_building_tests' from command line to 'False'
[0.234s] DEBUG:colcon.colcon_core.verb:Building package 'dynamixel_workbench_toolbox' with the following arguments: {'ament_cmake_args': None, 'build_base': '/home/darkdemon/work/motor_control/build/dynamixel_workbench_toolbox', 'catkin_cmake_args': None, 'catkin_skip_building_tests': False, 'cmake_args': None, 'cmake_clean_cache': False, 'cmake_clean_first': False, 'cmake_force_configure': False, 'cmake_target': None, 'cmake_target_skip_unavailable': False, 'install_base': '/home/darkdemon/work/motor_control/install/dynamixel_workbench_toolbox', 'merge_install': False, 'path': '/home/darkdemon/work/motor_control/src/dynamixel-workbench/dynamixel_workbench_toolbox', 'symlink_install': False, 'test_result_base': None}
[0.235s] Level 5:colcon.colcon_core.verb:set package 'lidar_filter' build argument 'cmake_args' from command line to 'None'
[0.235s] Level 5:colcon.colcon_core.verb:set package 'lidar_filter' build argument 'cmake_target' from command line to 'None'
[0.235s] Level 5:colcon.colcon_core.verb:set package 'lidar_filter' build argument 'cmake_target_skip_unavailable' from command line to 'False'
[0.235s] Level 5:colcon.colcon_core.verb:set package 'lidar_filter' build argument 'cmake_clean_cache' from command line to 'False'
[0.235s] Level 5:colcon.colcon_core.verb:set package 'lidar_filter' build argument 'cmake_clean_first' from command line to 'False'
[0.235s] Level 5:colcon.colcon_core.verb:set package 'lidar_filter' build argument 'cmake_force_configure' from command line to 'False'
[0.235s] Level 5:colcon.colcon_core.verb:set package 'lidar_filter' build argument 'ament_cmake_args' from command line to 'None'
[0.235s] Level 5:colcon.colcon_core.verb:set package 'lidar_filter' build argument 'catkin_cmake_args' from command line to 'None'
[0.235s] Level 5:colcon.colcon_core.verb:set package 'lidar_filter' build argument 'catkin_skip_building_tests' from command line to 'False'
[0.235s] DEBUG:colcon.colcon_core.verb:Building package 'lidar_filter' with the following arguments: {'ament_cmake_args': None, 'build_base': '/home/darkdemon/work/motor_control/build/lidar_filter', 'catkin_cmake_args': None, 'catkin_skip_building_tests': False, 'cmake_args': None, 'cmake_clean_cache': False, 'cmake_clean_first': False, 'cmake_force_configure': False, 'cmake_target': None, 'cmake_target_skip_unavailable': False, 'install_base': '/home/darkdemon/work/motor_control/install/lidar_filter', 'merge_install': False, 'path': '/home/darkdemon/work/motor_control/src/RobotSot/src/lidar_filter', 'symlink_install': False, 'test_result_base': None}
[0.235s] Level 5:colcon.colcon_core.verb:set package 'map_if' build argument 'cmake_args' from command line to 'None'
[0.235s] Level 5:colcon.colcon_core.verb:set package 'map_if' build argument 'cmake_target' from command line to 'None'
[0.235s] Level 5:colcon.colcon_core.verb:set package 'map_if' build argument 'cmake_target_skip_unavailable' from command line to 'False'
[0.235s] Level 5:colcon.colcon_core.verb:set package 'map_if' build argument 'cmake_clean_cache' from command line to 'False'
[0.235s] Level 5:colcon.colcon_core.verb:set package 'map_if' build argument 'cmake_clean_first' from command line to 'False'
[0.235s] Level 5:colcon.colcon_core.verb:set package 'map_if' build argument 'cmake_force_configure' from command line to 'False'
[0.235s] Level 5:colcon.colcon_core.verb:set package 'map_if' build argument 'ament_cmake_args' from command line to 'None'
[0.235s] Level 5:colcon.colcon_core.verb:set package 'map_if' build argument 'catkin_cmake_args' from command line to 'None'
[0.235s] Level 5:colcon.colcon_core.verb:set package 'map_if' build argument 'catkin_skip_building_tests' from command line to 'False'
[0.235s] DEBUG:colcon.colcon_core.verb:Building package 'map_if' with the following arguments: {'ament_cmake_args': None, 'build_base': '/home/darkdemon/work/motor_control/build/map_if', 'catkin_cmake_args': None, 'catkin_skip_building_tests': False, 'cmake_args': None, 'cmake_clean_cache': False, 'cmake_clean_first': False, 'cmake_force_configure': False, 'cmake_target': None, 'cmake_target_skip_unavailable': False, 'install_base': '/home/darkdemon/work/motor_control/install/map_if', 'merge_install': False, 'path': '/home/darkdemon/work/motor_control/src/RobotSot/src/map_if', 'symlink_install': False, 'test_result_base': None}
[0.235s] Level 5:colcon.colcon_core.verb:set package 'map_tool' build argument 'cmake_args' from command line to 'None'
[0.235s] Level 5:colcon.colcon_core.verb:set package 'map_tool' build argument 'cmake_target' from command line to 'None'
[0.235s] Level 5:colcon.colcon_core.verb:set package 'map_tool' build argument 'cmake_target_skip_unavailable' from command line to 'False'
[0.235s] Level 5:colcon.colcon_core.verb:set package 'map_tool' build argument 'cmake_clean_cache' from command line to 'False'
[0.235s] Level 5:colcon.colcon_core.verb:set package 'map_tool' build argument 'cmake_clean_first' from command line to 'False'
[0.235s] Level 5:colcon.colcon_core.verb:set package 'map_tool' build argument 'cmake_force_configure' from command line to 'False'
[0.235s] Level 5:colcon.colcon_core.verb:set package 'map_tool' build argument 'ament_cmake_args' from command line to 'None'
[0.235s] Level 5:colcon.colcon_core.verb:set package 'map_tool' build argument 'catkin_cmake_args' from command line to 'None'
[0.235s] Level 5:colcon.colcon_core.verb:set package 'map_tool' build argument 'catkin_skip_building_tests' from command line to 'False'
[0.235s] DEBUG:colcon.colcon_core.verb:Building package 'map_tool' with the following arguments: {'ament_cmake_args': None, 'build_base': '/home/darkdemon/work/motor_control/build/map_tool', 'catkin_cmake_args': None, 'catkin_skip_building_tests': False, 'cmake_args': None, 'cmake_clean_cache': False, 'cmake_clean_first': False, 'cmake_force_configure': False, 'cmake_target': None, 'cmake_target_skip_unavailable': False, 'install_base': '/home/darkdemon/work/motor_control/install/map_tool', 'merge_install': False, 'path': '/home/darkdemon/work/motor_control/src/RobotSot/src/map_tool', 'symlink_install': False, 'test_result_base': None}
[0.236s] Level 5:colcon.colcon_core.verb:set package 'python_moveit2' build argument 'cmake_args' from command line to 'None'
[0.236s] Level 5:colcon.colcon_core.verb:set package 'python_moveit2' build argument 'cmake_target' from command line to 'None'
[0.236s] Level 5:colcon.colcon_core.verb:set package 'python_moveit2' build argument 'cmake_target_skip_unavailable' from command line to 'False'
[0.236s] Level 5:colcon.colcon_core.verb:set package 'python_moveit2' build argument 'cmake_clean_cache' from command line to 'False'
[0.236s] Level 5:colcon.colcon_core.verb:set package 'python_moveit2' build argument 'cmake_clean_first' from command line to 'False'
[0.236s] Level 5:colcon.colcon_core.verb:set package 'python_moveit2' build argument 'cmake_force_configure' from command line to 'False'
[0.236s] Level 5:colcon.colcon_core.verb:set package 'python_moveit2' build argument 'ament_cmake_args' from command line to 'None'
[0.236s] Level 5:colcon.colcon_core.verb:set package 'python_moveit2' build argument 'catkin_cmake_args' from command line to 'None'
[0.236s] Level 5:colcon.colcon_core.verb:set package 'python_moveit2' build argument 'catkin_skip_building_tests' from command line to 'False'
[0.236s] DEBUG:colcon.colcon_core.verb:Building package 'python_moveit2' with the following arguments: {'ament_cmake_args': None, 'build_base': '/home/darkdemon/work/motor_control/build/python_moveit2', 'catkin_cmake_args': None, 'catkin_skip_building_tests': False, 'cmake_args': None, 'cmake_clean_cache': False, 'cmake_clean_first': False, 'cmake_force_configure': False, 'cmake_target': None, 'cmake_target_skip_unavailable': False, 'install_base': '/home/darkdemon/work/motor_control/install/python_moveit2', 'merge_install': False, 'path': '/home/darkdemon/work/motor_control/src/tb4_arm_ros2/python_moveit2', 'symlink_install': False, 'test_result_base': None}
[0.236s] Level 5:colcon.colcon_core.verb:set package 'python_moveit_interface' build argument 'cmake_args' from command line to 'None'
[0.236s] Level 5:colcon.colcon_core.verb:set package 'python_moveit_interface' build argument 'cmake_target' from command line to 'None'
[0.236s] Level 5:colcon.colcon_core.verb:set package 'python_moveit_interface' build argument 'cmake_target_skip_unavailable' from command line to 'False'
[0.236s] Level 5:colcon.colcon_core.verb:set package 'python_moveit_interface' build argument 'cmake_clean_cache' from command line to 'False'
[0.236s] Level 5:colcon.colcon_core.verb:set package 'python_moveit_interface' build argument 'cmake_clean_first' from command line to 'False'
[0.236s] Level 5:colcon.colcon_core.verb:set package 'python_moveit_interface' build argument 'cmake_force_configure' from command line to 'False'
[0.236s] Level 5:colcon.colcon_core.verb:set package 'python_moveit_interface' build argument 'ament_cmake_args' from command line to 'None'
[0.236s] Level 5:colcon.colcon_core.verb:set package 'python_moveit_interface' build argument 'catkin_cmake_args' from command line to 'None'
[0.236s] Level 5:colcon.colcon_core.verb:set package 'python_moveit_interface' build argument 'catkin_skip_building_tests' from command line to 'False'
[0.236s] DEBUG:colcon.colcon_core.verb:Building package 'python_moveit_interface' with the following arguments: {'ament_cmake_args': None, 'build_base': '/home/darkdemon/work/motor_control/build/python_moveit_interface', 'catkin_cmake_args': None, 'catkin_skip_building_tests': False, 'cmake_args': None, 'cmake_clean_cache': False, 'cmake_clean_first': False, 'cmake_force_configure': False, 'cmake_target': None, 'cmake_target_skip_unavailable': False, 'install_base': '/home/darkdemon/work/motor_control/install/python_moveit_interface', 'merge_install': False, 'path': '/home/darkdemon/work/motor_control/src/tb4_arm_ros2/python_moveit_interface', 'symlink_install': False, 'test_result_base': None}
[0.236s] Level 5:colcon.colcon_core.verb:set package 'realsense' build argument 'cmake_args' from command line to 'None'
[0.236s] Level 5:colcon.colcon_core.verb:set package 'realsense' build argument 'cmake_target' from command line to 'None'
[0.236s] Level 5:colcon.colcon_core.verb:set package 'realsense' build argument 'cmake_target_skip_unavailable' from command line to 'False'
[0.236s] Level 5:colcon.colcon_core.verb:set package 'realsense' build argument 'cmake_clean_cache' from command line to 'False'
[0.236s] Level 5:colcon.colcon_core.verb:set package 'realsense' build argument 'cmake_clean_first' from command line to 'False'
[0.236s] Level 5:colcon.colcon_core.verb:set package 'realsense' build argument 'cmake_force_configure' from command line to 'False'
[0.236s] Level 5:colcon.colcon_core.verb:set package 'realsense' build argument 'ament_cmake_args' from command line to 'None'
[0.236s] Level 5:colcon.colcon_core.verb:set package 'realsense' build argument 'catkin_cmake_args' from command line to 'None'
[0.236s] Level 5:colcon.colcon_core.verb:set package 'realsense' build argument 'catkin_skip_building_tests' from command line to 'False'
[0.236s] DEBUG:colcon.colcon_core.verb:Building package 'realsense' with the following arguments: {'ament_cmake_args': None, 'build_base': '/home/darkdemon/work/motor_control/build/realsense', 'catkin_cmake_args': None, 'catkin_skip_building_tests': False, 'cmake_args': None, 'cmake_clean_cache': False, 'cmake_clean_first': False, 'cmake_force_configure': False, 'cmake_target': None, 'cmake_target_skip_unavailable': False, 'install_base': '/home/darkdemon/work/motor_control/install/realsense', 'merge_install': False, 'path': '/home/darkdemon/work/motor_control/src/realsense', 'symlink_install': False, 'test_result_base': None}
[0.237s] Level 5:colcon.colcon_core.verb:set package 'small_arm_moveit_cpp' build argument 'cmake_args' from command line to 'None'
[0.237s] Level 5:colcon.colcon_core.verb:set package 'small_arm_moveit_cpp' build argument 'cmake_target' from command line to 'None'
[0.237s] Level 5:colcon.colcon_core.verb:set package 'small_arm_moveit_cpp' build argument 'cmake_target_skip_unavailable' from command line to 'False'
[0.237s] Level 5:colcon.colcon_core.verb:set package 'small_arm_moveit_cpp' build argument 'cmake_clean_cache' from command line to 'False'
[0.237s] Level 5:colcon.colcon_core.verb:set package 'small_arm_moveit_cpp' build argument 'cmake_clean_first' from command line to 'False'
[0.237s] Level 5:colcon.colcon_core.verb:set package 'small_arm_moveit_cpp' build argument 'cmake_force_configure' from command line to 'False'
[0.237s] Level 5:colcon.colcon_core.verb:set package 'small_arm_moveit_cpp' build argument 'ament_cmake_args' from command line to 'None'
[0.237s] Level 5:colcon.colcon_core.verb:set package 'small_arm_moveit_cpp' build argument 'catkin_cmake_args' from command line to 'None'
[0.237s] Level 5:colcon.colcon_core.verb:set package 'small_arm_moveit_cpp' build argument 'catkin_skip_building_tests' from command line to 'False'
[0.237s] DEBUG:colcon.colcon_core.verb:Building package 'small_arm_moveit_cpp' with the following arguments: {'ament_cmake_args': None, 'build_base': '/home/darkdemon/work/motor_control/build/small_arm_moveit_cpp', 'catkin_cmake_args': None, 'catkin_skip_building_tests': False, 'cmake_args': None, 'cmake_clean_cache': False, 'cmake_clean_first': False, 'cmake_force_configure': False, 'cmake_target': None, 'cmake_target_skip_unavailable': False, 'install_base': '/home/darkdemon/work/motor_control/install/small_arm_moveit_cpp', 'merge_install': False, 'path': '/home/darkdemon/work/motor_control/src/tb4_arm_ros2/small_arm_moveit_cpp', 'symlink_install': False, 'test_result_base': None}
[0.237s] Level 5:colcon.colcon_core.verb:set package 'visual' build argument 'cmake_args' from command line to 'None'
[0.237s] Level 5:colcon.colcon_core.verb:set package 'visual' build argument 'cmake_target' from command line to 'None'
[0.237s] Level 5:colcon.colcon_core.verb:set package 'visual' build argument 'cmake_target_skip_unavailable' from command line to 'False'
[0.237s] Level 5:colcon.colcon_core.verb:set package 'visual' build argument 'cmake_clean_cache' from command line to 'False'
[0.237s] Level 5:colcon.colcon_core.verb:set package 'visual' build argument 'cmake_clean_first' from command line to 'False'
[0.237s] Level 5:colcon.colcon_core.verb:set package 'visual' build argument 'cmake_force_configure' from command line to 'False'
[0.237s] Level 5:colcon.colcon_core.verb:set package 'visual' build argument 'ament_cmake_args' from command line to 'None'
[0.237s] Level 5:colcon.colcon_core.verb:set package 'visual' build argument 'catkin_cmake_args' from command line to 'None'
[0.237s] Level 5:colcon.colcon_core.verb:set package 'visual' build argument 'catkin_skip_building_tests' from command line to 'False'
[0.237s] DEBUG:colcon.colcon_core.verb:Building package 'visual' with the following arguments: {'ament_cmake_args': None, 'build_base': '/home/darkdemon/work/motor_control/build/visual', 'catkin_cmake_args': None, 'catkin_skip_building_tests': False, 'cmake_args': None, 'cmake_clean_cache': False, 'cmake_clean_first': False, 'cmake_force_configure': False, 'cmake_target': None, 'cmake_target_skip_unavailable': False, 'install_base': '/home/darkdemon/work/motor_control/install/visual', 'merge_install': False, 'path': '/home/darkdemon/work/motor_control/src/RobotSot/src/visual', 'symlink_install': False, 'test_result_base': None}
[0.238s] Level 5:colcon.colcon_core.verb:set package 'dynamixel_hardware' build argument 'cmake_args' from command line to 'None'
[0.238s] Level 5:colcon.colcon_core.verb:set package 'dynamixel_hardware' build argument 'cmake_target' from command line to 'None'
[0.238s] Level 5:colcon.colcon_core.verb:set package 'dynamixel_hardware' build argument 'cmake_target_skip_unavailable' from command line to 'False'
[0.238s] Level 5:colcon.colcon_core.verb:set package 'dynamixel_hardware' build argument 'cmake_clean_cache' from command line to 'False'
[0.238s] Level 5:colcon.colcon_core.verb:set package 'dynamixel_hardware' build argument 'cmake_clean_first' from command line to 'False'
[0.238s] Level 5:colcon.colcon_core.verb:set package 'dynamixel_hardware' build argument 'cmake_force_configure' from command line to 'False'
[0.238s] Level 5:colcon.colcon_core.verb:set package 'dynamixel_hardware' build argument 'ament_cmake_args' from command line to 'None'
[0.238s] Level 5:colcon.colcon_core.verb:set package 'dynamixel_hardware' build argument 'catkin_cmake_args' from command line to 'None'
[0.238s] Level 5:colcon.colcon_core.verb:set package 'dynamixel_hardware' build argument 'catkin_skip_building_tests' from command line to 'False'
[0.238s] DEBUG:colcon.colcon_core.verb:Building package 'dynamixel_hardware' with the following arguments: {'ament_cmake_args': None, 'build_base': '/home/darkdemon/work/motor_control/build/dynamixel_hardware', 'catkin_cmake_args': None, 'catkin_skip_building_tests': False, 'cmake_args': None, 'cmake_clean_cache': False, 'cmake_clean_first': False, 'cmake_force_configure': False, 'cmake_target': None, 'cmake_target_skip_unavailable': False, 'install_base': '/home/darkdemon/work/motor_control/install/dynamixel_hardware', 'merge_install': False, 'path': '/home/darkdemon/work/motor_control/src/tb4_arm_ros2/dynamixel_hardware', 'symlink_install': False, 'test_result_base': None}
[0.238s] Level 5:colcon.colcon_core.verb:set package 'dynamixel_workbench' build argument 'cmake_args' from command line to 'None'
[0.238s] Level 5:colcon.colcon_core.verb:set package 'dynamixel_workbench' build argument 'cmake_target' from command line to 'None'
[0.238s] Level 5:colcon.colcon_core.verb:set package 'dynamixel_workbench' build argument 'cmake_target_skip_unavailable' from command line to 'False'
[0.238s] Level 5:colcon.colcon_core.verb:set package 'dynamixel_workbench' build argument 'cmake_clean_cache' from command line to 'False'
[0.238s] Level 5:colcon.colcon_core.verb:set package 'dynamixel_workbench' build argument 'cmake_clean_first' from command line to 'False'
[0.238s] Level 5:colcon.colcon_core.verb:set package 'dynamixel_workbench' build argument 'cmake_force_configure' from command line to 'False'
[0.238s] Level 5:colcon.colcon_core.verb:set package 'dynamixel_workbench' build argument 'ament_cmake_args' from command line to 'None'
[0.238s] Level 5:colcon.colcon_core.verb:set package 'dynamixel_workbench' build argument 'catkin_cmake_args' from command line to 'None'
[0.238s] Level 5:colcon.colcon_core.verb:set package 'dynamixel_workbench' build argument 'catkin_skip_building_tests' from command line to 'False'
[0.238s] DEBUG:colcon.colcon_core.verb:Building package 'dynamixel_workbench' with the following arguments: {'ament_cmake_args': None, 'build_base': '/home/darkdemon/work/motor_control/build/dynamixel_workbench', 'catkin_cmake_args': None, 'catkin_skip_building_tests': False, 'cmake_args': None, 'cmake_clean_cache': False, 'cmake_clean_first': False, 'cmake_force_configure': False, 'cmake_target': None, 'cmake_target_skip_unavailable': False, 'install_base': '/home/darkdemon/work/motor_control/install/dynamixel_workbench', 'merge_install': False, 'path': '/home/darkdemon/work/motor_control/src/dynamixel-workbench/dynamixel_workbench', 'symlink_install': False, 'test_result_base': None}
[0.238s] Level 5:colcon.colcon_core.verb:set package 'small_arm_description' build argument 'cmake_args' from command line to 'None'
[0.238s] Level 5:colcon.colcon_core.verb:set package 'small_arm_description' build argument 'cmake_target' from command line to 'None'
[0.238s] Level 5:colcon.colcon_core.verb:set package 'small_arm_description' build argument 'cmake_target_skip_unavailable' from command line to 'False'
[0.238s] Level 5:colcon.colcon_core.verb:set package 'small_arm_description' build argument 'cmake_clean_cache' from command line to 'False'
[0.238s] Level 5:colcon.colcon_core.verb:set package 'small_arm_description' build argument 'cmake_clean_first' from command line to 'False'
[0.238s] Level 5:colcon.colcon_core.verb:set package 'small_arm_description' build argument 'cmake_force_configure' from command line to 'False'
[0.238s] Level 5:colcon.colcon_core.verb:set package 'small_arm_description' build argument 'ament_cmake_args' from command line to 'None'
[0.238s] Level 5:colcon.colcon_core.verb:set package 'small_arm_description' build argument 'catkin_cmake_args' from command line to 'None'
[0.238s] Level 5:colcon.colcon_core.verb:set package 'small_arm_description' build argument 'catkin_skip_building_tests' from command line to 'False'
[0.238s] DEBUG:colcon.colcon_core.verb:Building package 'small_arm_description' with the following arguments: {'ament_cmake_args': None, 'build_base': '/home/darkdemon/work/motor_control/build/small_arm_description', 'catkin_cmake_args': None, 'catkin_skip_building_tests': False, 'cmake_args': None, 'cmake_clean_cache': False, 'cmake_clean_first': False, 'cmake_force_configure': False, 'cmake_target': None, 'cmake_target_skip_unavailable': False, 'install_base': '/home/darkdemon/work/motor_control/install/small_arm_description', 'merge_install': False, 'path': '/home/darkdemon/work/motor_control/src/tb4_arm_ros2/small_arm_description', 'symlink_install': False, 'test_result_base': None}
[0.239s] Level 5:colcon.colcon_core.verb:set package 'small_arm_moveit_config' build argument 'cmake_args' from command line to 'None'
[0.239s] Level 5:colcon.colcon_core.verb:set package 'small_arm_moveit_config' build argument 'cmake_target' from command line to 'None'
[0.239s] Level 5:colcon.colcon_core.verb:set package 'small_arm_moveit_config' build argument 'cmake_target_skip_unavailable' from command line to 'False'
[0.239s] Level 5:colcon.colcon_core.verb:set package 'small_arm_moveit_config' build argument 'cmake_clean_cache' from command line to 'False'
[0.239s] Level 5:colcon.colcon_core.verb:set package 'small_arm_moveit_config' build argument 'cmake_clean_first' from command line to 'False'
[0.239s] Level 5:colcon.colcon_core.verb:set package 'small_arm_moveit_config' build argument 'cmake_force_configure' from command line to 'False'
[0.239s] Level 5:colcon.colcon_core.verb:set package 'small_arm_moveit_config' build argument 'ament_cmake_args' from command line to 'None'
[0.239s] Level 5:colcon.colcon_core.verb:set package 'small_arm_moveit_config' build argument 'catkin_cmake_args' from command line to 'None'
[0.239s] Level 5:colcon.colcon_core.verb:set package 'small_arm_moveit_config' build argument 'catkin_skip_building_tests' from command line to 'False'
[0.239s] DEBUG:colcon.colcon_core.verb:Building package 'small_arm_moveit_config' with the following arguments: {'ament_cmake_args': None, 'build_base': '/home/darkdemon/work/motor_control/build/small_arm_moveit_config', 'catkin_cmake_args': None, 'catkin_skip_building_tests': False, 'cmake_args': None, 'cmake_clean_cache': False, 'cmake_clean_first': False, 'cmake_force_configure': False, 'cmake_target': None, 'cmake_target_skip_unavailable': False, 'install_base': '/home/darkdemon/work/motor_control/install/small_arm_moveit_config', 'merge_install': False, 'path': '/home/darkdemon/work/motor_control/src/tb4_arm_ros2/small_arm_moveit_config', 'symlink_install': False, 'test_result_base': None}
[0.239s] INFO:colcon.colcon_core.executor:Executing jobs using 'parallel' executor
[0.240s] DEBUG:colcon.colcon_parallel_executor.executor.parallel:run_until_complete
[0.240s] INFO:colcon.colcon_ros.task.ament_cmake.build:Building ROS package in '/home/darkdemon/work/motor_control/src/dynamixel-workbench/dynamixel_workbench_toolbox' with build type 'ament_cmake'
[0.240s] INFO:colcon.colcon_cmake.task.cmake.build:Building CMake package in '/home/darkdemon/work/motor_control/src/dynamixel-workbench/dynamixel_workbench_toolbox'
[0.242s] INFO:colcon.colcon_core.plugin_system:Skipping extension 'colcon_core.shell.bat': Not used on non-Windows systems
[0.242s] INFO:colcon.colcon_core.shell:Skip shell extension 'powershell' for command environment: Not usable outside of PowerShell
[0.242s] DEBUG:colcon.colcon_core.shell:Skip shell extension 'dsv' for command environment
[0.248s] INFO:colcon.colcon_ros.task.ament_cmake.build:Building ROS package in '/home/darkdemon/work/motor_control/src/dynamixel-workbench-msgs/dynamixel_workbench_msgs' with build type 'ament_cmake'
[0.248s] INFO:colcon.colcon_cmake.task.cmake.build:Building CMake package in '/home/darkdemon/work/motor_control/src/dynamixel-workbench-msgs/dynamixel_workbench_msgs'
[0.248s] INFO:colcon.colcon_core.shell:Skip shell extension 'powershell' for command environment: Not usable outside of PowerShell
[0.248s] DEBUG:colcon.colcon_core.shell:Skip shell extension 'dsv' for command environment
[0.254s] INFO:colcon.colcon_ros.task.ament_python.build:Building ROS package in '/home/darkdemon/work/motor_control/src/RobotSot/src/lidar_filter' with build type 'ament_python'
[0.254s] Level 1:colcon.colcon_core.shell:create_environment_hook('lidar_filter', 'ament_prefix_path')
[0.254s] INFO:colcon.colcon_core.shell:Creating environment hook '/home/darkdemon/work/motor_control/install/lidar_filter/share/lidar_filter/hook/ament_prefix_path.ps1'
[0.255s] INFO:colcon.colcon_core.shell:Creating environment descriptor '/home/darkdemon/work/motor_control/install/lidar_filter/share/lidar_filter/hook/ament_prefix_path.dsv'
[0.256s] INFO:colcon.colcon_core.shell:Creating environment hook '/home/darkdemon/work/motor_control/install/lidar_filter/share/lidar_filter/hook/ament_prefix_path.sh'
[0.256s] INFO:colcon.colcon_core.shell:Skip shell extension 'powershell' for command environment: Not usable outside of PowerShell
[0.256s] DEBUG:colcon.colcon_core.shell:Skip shell extension 'dsv' for command environment
[0.259s] INFO:colcon.colcon_ros.task.ament_cmake.build:Building ROS package in '/home/darkdemon/work/motor_control/src/RobotSot/src/map_if' with build type 'ament_cmake'
[0.259s] INFO:colcon.colcon_cmake.task.cmake.build:Building CMake package in '/home/darkdemon/work/motor_control/src/RobotSot/src/map_if'
[0.259s] INFO:colcon.colcon_core.shell:Skip shell extension 'powershell' for command environment: Not usable outside of PowerShell
[0.259s] DEBUG:colcon.colcon_core.shell:Skip shell extension 'dsv' for command environment
[0.261s] INFO:colcon.colcon_ros.task.ament_python.build:Building ROS package in '/home/darkdemon/work/motor_control/src/RobotSot/src/map_tool' with build type 'ament_python'
[0.262s] Level 1:colcon.colcon_core.shell:create_environment_hook('map_tool', 'ament_prefix_path')
[0.262s] INFO:colcon.colcon_core.shell:Creating environment hook '/home/darkdemon/work/motor_control/install/map_tool/share/map_tool/hook/ament_prefix_path.ps1'
[0.262s] INFO:colcon.colcon_core.shell:Creating environment descriptor '/home/darkdemon/work/motor_control/install/map_tool/share/map_tool/hook/ament_prefix_path.dsv'
[0.262s] INFO:colcon.colcon_core.shell:Creating environment hook '/home/darkdemon/work/motor_control/install/map_tool/share/map_tool/hook/ament_prefix_path.sh'
[0.263s] INFO:colcon.colcon_core.shell:Skip shell extension 'powershell' for command environment: Not usable outside of PowerShell
[0.263s] DEBUG:colcon.colcon_core.shell:Skip shell extension 'dsv' for command environment
[0.266s] INFO:colcon.colcon_ros.task.ament_python.build:Building ROS package in '/home/darkdemon/work/motor_control/src/tb4_arm_ros2/python_moveit2' with build type 'ament_python'
[0.266s] Level 1:colcon.colcon_core.shell:create_environment_hook('python_moveit2', 'ament_prefix_path')
[0.266s] INFO:colcon.colcon_core.shell:Creating environment hook '/home/darkdemon/work/motor_control/install/python_moveit2/share/python_moveit2/hook/ament_prefix_path.ps1'
[0.266s] INFO:colcon.colcon_core.shell:Creating environment descriptor '/home/darkdemon/work/motor_control/install/python_moveit2/share/python_moveit2/hook/ament_prefix_path.dsv'
[0.267s] INFO:colcon.colcon_core.shell:Creating environment hook '/home/darkdemon/work/motor_control/install/python_moveit2/share/python_moveit2/hook/ament_prefix_path.sh'
[0.267s] INFO:colcon.colcon_core.shell:Skip shell extension 'powershell' for command environment: Not usable outside of PowerShell
[0.267s] DEBUG:colcon.colcon_core.shell:Skip shell extension 'dsv' for command environment
[0.270s] INFO:colcon.colcon_ros.task.catkin.build:Building ROS package in '/home/darkdemon/work/motor_control/src/tb4_arm_ros2/python_moveit_interface' with build type 'catkin'
[0.270s] INFO:colcon.colcon_cmake.task.cmake.build:Building CMake package in '/home/darkdemon/work/motor_control/src/tb4_arm_ros2/python_moveit_interface'
[0.270s] INFO:colcon.colcon_core.shell:Skip shell extension 'powershell' for command environment: Not usable outside of PowerShell
[0.270s] DEBUG:colcon.colcon_core.shell:Skip shell extension 'dsv' for command environment
[0.275s] INFO:colcon.colcon_ros.task.ament_python.build:Building ROS package in '/home/darkdemon/work/motor_control/src/realsense' with build type 'ament_python'
[0.275s] Level 1:colcon.colcon_core.shell:create_environment_hook('realsense', 'ament_prefix_path')
[0.276s] INFO:colcon.colcon_core.shell:Creating environment hook '/home/darkdemon/work/motor_control/install/realsense/share/realsense/hook/ament_prefix_path.ps1'
[0.277s] INFO:colcon.colcon_core.shell:Creating environment descriptor '/home/darkdemon/work/motor_control/install/realsense/share/realsense/hook/ament_prefix_path.dsv'
[0.277s] INFO:colcon.colcon_core.shell:Creating environment hook '/home/darkdemon/work/motor_control/install/realsense/share/realsense/hook/ament_prefix_path.sh'
[0.278s] INFO:colcon.colcon_core.shell:Skip shell extension 'powershell' for command environment: Not usable outside of PowerShell
[0.278s] DEBUG:colcon.colcon_core.shell:Skip shell extension 'dsv' for command environment
[0.281s] INFO:colcon.colcon_ros.task.ament_cmake.build:Building ROS package in '/home/darkdemon/work/motor_control/src/tb4_arm_ros2/small_arm_moveit_cpp' with build type 'ament_cmake'
[0.282s] INFO:colcon.colcon_cmake.task.cmake.build:Building CMake package in '/home/darkdemon/work/motor_control/src/tb4_arm_ros2/small_arm_moveit_cpp'
[0.282s] INFO:colcon.colcon_core.shell:Skip shell extension 'powershell' for command environment: Not usable outside of PowerShell
[0.282s] DEBUG:colcon.colcon_core.shell:Skip shell extension 'dsv' for command environment
[0.286s] INFO:colcon.colcon_ros.task.ament_python.build:Building ROS package in '/home/darkdemon/work/motor_control/src/RobotSot/src/visual' with build type 'ament_python'
[0.286s] Level 1:colcon.colcon_core.shell:create_environment_hook('visual', 'ament_prefix_path')
[0.286s] INFO:colcon.colcon_core.shell:Creating environment hook '/home/darkdemon/work/motor_control/install/visual/share/visual/hook/ament_prefix_path.ps1'
[0.287s] INFO:colcon.colcon_core.shell:Creating environment descriptor '/home/darkdemon/work/motor_control/install/visual/share/visual/hook/ament_prefix_path.dsv'
[0.287s] INFO:colcon.colcon_core.shell:Creating environment hook '/home/darkdemon/work/motor_control/install/visual/share/visual/hook/ament_prefix_path.sh'
[0.287s] INFO:colcon.colcon_core.shell:Skip shell extension 'powershell' for command environment: Not usable outside of PowerShell
[0.287s] DEBUG:colcon.colcon_core.shell:Skip shell extension 'dsv' for command environment
[0.295s] DEBUG:colcon.colcon_core.event_handler.log_command:Invoking command in '/home/darkdemon/work/motor_control/build/dynamixel_workbench_toolbox': CMAKE_PREFIX_PATH=/home/darkdemon/work/motor_control/install/small_arm_moveit_cpp:/home/darkdemon/work/motor_control/install/small_arm_moveit_config:/home/darkdemon/work/motor_control/install/small_arm_description:/home/darkdemon/work/motor_control/install/visual:/home/darkdemon/work/motor_control/install/realsense:/home/darkdemon/work/motor_control/install/python_moveit2:/home/darkdemon/work/motor_control/install/map_tool:/home/darkdemon/work/motor_control/install/lidar_filter:/opt/ros/humble:/home/darkdemon/work/motor_control/install/python_moveit_interface:/home/darkdemon/work/motor_control/install/map_if:/home/darkdemon/work/motor_control/install/dynamixel_workbench:/home/darkdemon/work/motor_control/install/dynamixel_hardware:/home/darkdemon/work/motor_control/install/dynamixel_workbench_toolbox:/home/darkdemon/work/motor_control/install/dynamixel_workbench_msgs /usr/bin/cmake --build /home/darkdemon/work/motor_control/build/dynamixel_workbench_toolbox -- -j20 -l20
[0.297s] DEBUG:colcon.colcon_core.event_handler.log_command:Invoking command in '/home/darkdemon/work/motor_control/build/dynamixel_workbench_msgs': CMAKE_PREFIX_PATH=/home/darkdemon/work/motor_control/install/small_arm_moveit_cpp:/home/darkdemon/work/motor_control/install/small_arm_moveit_config:/home/darkdemon/work/motor_control/install/small_arm_description:/home/darkdemon/work/motor_control/install/visual:/home/darkdemon/work/motor_control/install/realsense:/home/darkdemon/work/motor_control/install/python_moveit2:/home/darkdemon/work/motor_control/install/map_tool:/home/darkdemon/work/motor_control/install/lidar_filter:/opt/ros/humble:/home/darkdemon/work/motor_control/install/python_moveit_interface:/home/darkdemon/work/motor_control/install/map_if:/home/darkdemon/work/motor_control/install/dynamixel_workbench:/home/darkdemon/work/motor_control/install/dynamixel_hardware:/home/darkdemon/work/motor_control/install/dynamixel_workbench_toolbox:/home/darkdemon/work/motor_control/install/dynamixel_workbench_msgs /usr/bin/cmake --build /home/darkdemon/work/motor_control/build/dynamixel_workbench_msgs -- -j20 -l20
[0.560s] INFO:colcon.colcon_core.task.python.build:Building Python package in '/home/darkdemon/work/motor_control/src/RobotSot/src/lidar_filter'
[0.560s] INFO:colcon.colcon_core.shell:Skip shell extension 'powershell' for command environment: Not usable outside of PowerShell
[0.561s] DEBUG:colcon.colcon_core.shell:Skip shell extension 'dsv' for command environment
[0.569s] DEBUG:colcon.colcon_core.event_handler.log_command:Invoking command in '/home/darkdemon/work/motor_control/build/map_if': CMAKE_PREFIX_PATH=/home/darkdemon/work/motor_control/install/small_arm_moveit_cpp:/home/darkdemon/work/motor_control/install/small_arm_moveit_config:/home/darkdemon/work/motor_control/install/small_arm_description:/home/darkdemon/work/motor_control/install/visual:/home/darkdemon/work/motor_control/install/realsense:/home/darkdemon/work/motor_control/install/python_moveit2:/home/darkdemon/work/motor_control/install/map_tool:/home/darkdemon/work/motor_control/install/lidar_filter:/opt/ros/humble:/home/darkdemon/work/motor_control/install/python_moveit_interface:/home/darkdemon/work/motor_control/install/map_if:/home/darkdemon/work/motor_control/install/dynamixel_workbench:/home/darkdemon/work/motor_control/install/dynamixel_hardware:/home/darkdemon/work/motor_control/install/dynamixel_workbench_toolbox:/home/darkdemon/work/motor_control/install/dynamixel_workbench_msgs /usr/bin/cmake --build /home/darkdemon/work/motor_control/build/map_if -- -j20 -l20
[0.808s] INFO:colcon.colcon_core.task.python.build:Building Python package in '/home/darkdemon/work/motor_control/src/RobotSot/src/map_tool'
[0.808s] INFO:colcon.colcon_core.shell:Skip shell extension 'powershell' for command environment: Not usable outside of PowerShell
[0.809s] DEBUG:colcon.colcon_core.shell:Skip shell extension 'dsv' for command environment
[1.029s] INFO:colcon.colcon_core.task.python.build:Building Python package in '/home/darkdemon/work/motor_control/src/tb4_arm_ros2/python_moveit2'
[1.029s] INFO:colcon.colcon_core.shell:Skip shell extension 'powershell' for command environment: Not usable outside of PowerShell
[1.029s] DEBUG:colcon.colcon_core.shell:Skip shell extension 'dsv' for command environment
[1.037s] DEBUG:colcon.colcon_core.event_handler.log_command:Invoking command in '/home/darkdemon/work/motor_control/build/python_moveit_interface': /usr/bin/cmake --build /home/darkdemon/work/motor_control/build/python_moveit_interface -- -j20 -l20
[1.261s] INFO:colcon.colcon_core.task.python.build:Building Python package in '/home/darkdemon/work/motor_control/src/realsense'
[1.262s] INFO:colcon.colcon_core.shell:Skip shell extension 'powershell' for command environment: Not usable outside of PowerShell
[1.262s] DEBUG:colcon.colcon_core.shell:Skip shell extension 'dsv' for command environment
[1.269s] DEBUG:colcon.colcon_core.event_handler.log_command:Invoking command in '/home/darkdemon/work/motor_control/build/small_arm_moveit_cpp': CMAKE_PREFIX_PATH=/home/darkdemon/work/motor_control/install/small_arm_moveit_cpp:/home/darkdemon/work/motor_control/install/small_arm_moveit_config:/home/darkdemon/work/motor_control/install/small_arm_description:/home/darkdemon/work/motor_control/install/visual:/home/darkdemon/work/motor_control/install/realsense:/home/darkdemon/work/motor_control/install/python_moveit2:/home/darkdemon/work/motor_control/install/map_tool:/home/darkdemon/work/motor_control/install/lidar_filter:/opt/ros/humble:/home/darkdemon/work/motor_control/install/python_moveit_interface:/home/darkdemon/work/motor_control/install/map_if:/home/darkdemon/work/motor_control/install/dynamixel_workbench:/home/darkdemon/work/motor_control/install/dynamixel_hardware:/home/darkdemon/work/motor_control/install/dynamixel_workbench_toolbox:/home/darkdemon/work/motor_control/install/dynamixel_workbench_msgs /usr/bin/cmake --build /home/darkdemon/work/motor_control/build/small_arm_moveit_cpp -- -j20 -l20
[1.495s] INFO:colcon.colcon_core.task.python.build:Building Python package in '/home/darkdemon/work/motor_control/src/RobotSot/src/visual'
[1.496s] INFO:colcon.colcon_core.shell:Skip shell extension 'powershell' for command environment: Not usable outside of PowerShell
[1.496s] DEBUG:colcon.colcon_core.shell:Skip shell extension 'dsv' for command environment
[1.502s] DEBUG:colcon.colcon_core.event_handler.log_command:Invoked command in '/home/darkdemon/work/motor_control/build/dynamixel_workbench_toolbox' returned '0': CMAKE_PREFIX_PATH=/home/darkdemon/work/motor_control/install/small_arm_moveit_cpp:/home/darkdemon/work/motor_control/install/small_arm_moveit_config:/home/darkdemon/work/motor_control/install/small_arm_description:/home/darkdemon/work/motor_control/install/visual:/home/darkdemon/work/motor_control/install/realsense:/home/darkdemon/work/motor_control/install/python_moveit2:/home/darkdemon/work/motor_control/install/map_tool:/home/darkdemon/work/motor_control/install/lidar_filter:/opt/ros/humble:/home/darkdemon/work/motor_control/install/python_moveit_interface:/home/darkdemon/work/motor_control/install/map_if:/home/darkdemon/work/motor_control/install/dynamixel_workbench:/home/darkdemon/work/motor_control/install/dynamixel_hardware:/home/darkdemon/work/motor_control/install/dynamixel_workbench_toolbox:/home/darkdemon/work/motor_control/install/dynamixel_workbench_msgs /usr/bin/cmake --build /home/darkdemon/work/motor_control/build/dynamixel_workbench_toolbox -- -j20 -l20
[1.513s] DEBUG:colcon.colcon_core.event_handler.log_command:Invoking command in '/home/darkdemon/work/motor_control/build/dynamixel_workbench_toolbox': CMAKE_PREFIX_PATH=/home/darkdemon/work/motor_control/install/small_arm_moveit_cpp:/home/darkdemon/work/motor_control/install/small_arm_moveit_config:/home/darkdemon/work/motor_control/install/small_arm_description:/home/darkdemon/work/motor_control/install/visual:/home/darkdemon/work/motor_control/install/realsense:/home/darkdemon/work/motor_control/install/python_moveit2:/home/darkdemon/work/motor_control/install/map_tool:/home/darkdemon/work/motor_control/install/lidar_filter:/opt/ros/humble:/home/darkdemon/work/motor_control/install/python_moveit_interface:/home/darkdemon/work/motor_control/install/map_if:/home/darkdemon/work/motor_control/install/dynamixel_workbench:/home/darkdemon/work/motor_control/install/dynamixel_hardware:/home/darkdemon/work/motor_control/install/dynamixel_workbench_toolbox:/home/darkdemon/work/motor_control/install/dynamixel_workbench_msgs /usr/bin/cmake --install /home/darkdemon/work/motor_control/build/dynamixel_workbench_toolbox
[1.514s] DEBUG:colcon.colcon_core.event_handler.log_command:Invoked command in '/home/darkdemon/work/motor_control/build/dynamixel_workbench_msgs' returned '0': CMAKE_PREFIX_PATH=/home/darkdemon/work/motor_control/install/small_arm_moveit_cpp:/home/darkdemon/work/motor_control/install/small_arm_moveit_config:/home/darkdemon/work/motor_control/install/small_arm_description:/home/darkdemon/work/motor_control/install/visual:/home/darkdemon/work/motor_control/install/realsense:/home/darkdemon/work/motor_control/install/python_moveit2:/home/darkdemon/work/motor_control/install/map_tool:/home/darkdemon/work/motor_control/install/lidar_filter:/opt/ros/humble:/home/darkdemon/work/motor_control/install/python_moveit_interface:/home/darkdemon/work/motor_control/install/map_if:/home/darkdemon/work/motor_control/install/dynamixel_workbench:/home/darkdemon/work/motor_control/install/dynamixel_hardware:/home/darkdemon/work/motor_control/install/dynamixel_workbench_toolbox:/home/darkdemon/work/motor_control/install/dynamixel_workbench_msgs /usr/bin/cmake --build /home/darkdemon/work/motor_control/build/dynamixel_workbench_msgs -- -j20 -l20
[1.516s] DEBUG:colcon.colcon_core.event_handler.log_command:Invoking command in '/home/darkdemon/work/motor_control/build/dynamixel_workbench_msgs': CMAKE_PREFIX_PATH=/home/darkdemon/work/motor_control/install/small_arm_moveit_cpp:/home/darkdemon/work/motor_control/install/small_arm_moveit_config:/home/darkdemon/work/motor_control/install/small_arm_description:/home/darkdemon/work/motor_control/install/visual:/home/darkdemon/work/motor_control/install/realsense:/home/darkdemon/work/motor_control/install/python_moveit2:/home/darkdemon/work/motor_control/install/map_tool:/home/darkdemon/work/motor_control/install/lidar_filter:/opt/ros/humble:/home/darkdemon/work/motor_control/install/python_moveit_interface:/home/darkdemon/work/motor_control/install/map_if:/home/darkdemon/work/motor_control/install/dynamixel_workbench:/home/darkdemon/work/motor_control/install/dynamixel_hardware:/home/darkdemon/work/motor_control/install/dynamixel_workbench_toolbox:/home/darkdemon/work/motor_control/install/dynamixel_workbench_msgs /usr/bin/cmake --install /home/darkdemon/work/motor_control/build/dynamixel_workbench_msgs
[1.516s] DEBUG:colcon.colcon_core.event_handler.log_command:Invoked command in '/home/darkdemon/work/motor_control/build/map_if' returned '0': CMAKE_PREFIX_PATH=/home/darkdemon/work/motor_control/install/small_arm_moveit_cpp:/home/darkdemon/work/motor_control/install/small_arm_moveit_config:/home/darkdemon/work/motor_control/install/small_arm_description:/home/darkdemon/work/motor_control/install/visual:/home/darkdemon/work/motor_control/install/realsense:/home/darkdemon/work/motor_control/install/python_moveit2:/home/darkdemon/work/motor_control/install/map_tool:/home/darkdemon/work/motor_control/install/lidar_filter:/opt/ros/humble:/home/darkdemon/work/motor_control/install/python_moveit_interface:/home/darkdemon/work/motor_control/install/map_if:/home/darkdemon/work/motor_control/install/dynamixel_workbench:/home/darkdemon/work/motor_control/install/dynamixel_hardware:/home/darkdemon/work/motor_control/install/dynamixel_workbench_toolbox:/home/darkdemon/work/motor_control/install/dynamixel_workbench_msgs /usr/bin/cmake --build /home/darkdemon/work/motor_control/build/map_if -- -j20 -l20
[1.517s] DEBUG:colcon.colcon_core.event_handler.log_command:Invoking command in '/home/darkdemon/work/motor_control/build/map_if': CMAKE_PREFIX_PATH=/home/darkdemon/work/motor_control/install/small_arm_moveit_cpp:/home/darkdemon/work/motor_control/install/small_arm_moveit_config:/home/darkdemon/work/motor_control/install/small_arm_description:/home/darkdemon/work/motor_control/install/visual:/home/darkdemon/work/motor_control/install/realsense:/home/darkdemon/work/motor_control/install/python_moveit2:/home/darkdemon/work/motor_control/install/map_tool:/home/darkdemon/work/motor_control/install/lidar_filter:/opt/ros/humble:/home/darkdemon/work/motor_control/install/python_moveit_interface:/home/darkdemon/work/motor_control/install/map_if:/home/darkdemon/work/motor_control/install/dynamixel_workbench:/home/darkdemon/work/motor_control/install/dynamixel_hardware:/home/darkdemon/work/motor_control/install/dynamixel_workbench_toolbox:/home/darkdemon/work/motor_control/install/dynamixel_workbench_msgs /usr/bin/cmake --install /home/darkdemon/work/motor_control/build/map_if
[1.537s] DEBUG:colcon.colcon_core.event_handler.log_command:Invoked command in '/home/darkdemon/work/motor_control/build/python_moveit_interface' returned '0': /usr/bin/cmake --build /home/darkdemon/work/motor_control/build/python_moveit_interface -- -j20 -l20
[1.553s] Level 1:colcon.colcon_core.environment:create_environment_scripts_only(dynamixel_workbench_toolbox)
[1.566s] DEBUG:colcon.colcon_core.event_handler.log_command:Invoking command in '/home/darkdemon/work/motor_control/build/python_moveit_interface': /usr/bin/cmake --install /home/darkdemon/work/motor_control/build/python_moveit_interface
[1.578s] Level 1:colcon.colcon_core.environment:checking '/home/darkdemon/work/motor_control/install/dynamixel_workbench_toolbox' for CMake module files
[1.581s] Level 1:colcon.colcon_core.environment:checking '/home/darkdemon/work/motor_control/install/dynamixel_workbench_toolbox' for CMake config files
[1.583s] Level 1:colcon.colcon_core.shell:create_environment_hook('dynamixel_workbench_toolbox', 'cmake_prefix_path')
[1.583s] INFO:colcon.colcon_core.shell:Creating environment hook '/home/darkdemon/work/motor_control/install/dynamixel_workbench_toolbox/share/dynamixel_workbench_toolbox/hook/cmake_prefix_path.ps1'
[1.584s] INFO:colcon.colcon_core.shell:Creating environment descriptor '/home/darkdemon/work/motor_control/install/dynamixel_workbench_toolbox/share/dynamixel_workbench_toolbox/hook/cmake_prefix_path.dsv'
[1.584s] INFO:colcon.colcon_core.shell:Creating environment hook '/home/darkdemon/work/motor_control/install/dynamixel_workbench_toolbox/share/dynamixel_workbench_toolbox/hook/cmake_prefix_path.sh'
[1.586s] DEBUG:colcon.colcon_core.event_handler.log_command:Invoked command in '/home/darkdemon/work/motor_control/build/dynamixel_workbench_toolbox' returned '0': CMAKE_PREFIX_PATH=/home/darkdemon/work/motor_control/install/small_arm_moveit_cpp:/home/darkdemon/work/motor_control/install/small_arm_moveit_config:/home/darkdemon/work/motor_control/install/small_arm_description:/home/darkdemon/work/motor_control/install/visual:/home/darkdemon/work/motor_control/install/realsense:/home/darkdemon/work/motor_control/install/python_moveit2:/home/darkdemon/work/motor_control/install/map_tool:/home/darkdemon/work/motor_control/install/lidar_filter:/opt/ros/humble:/home/darkdemon/work/motor_control/install/python_moveit_interface:/home/darkdemon/work/motor_control/install/map_if:/home/darkdemon/work/motor_control/install/dynamixel_workbench:/home/darkdemon/work/motor_control/install/dynamixel_hardware:/home/darkdemon/work/motor_control/install/dynamixel_workbench_toolbox:/home/darkdemon/work/motor_control/install/dynamixel_workbench_msgs /usr/bin/cmake --install /home/darkdemon/work/motor_control/build/dynamixel_workbench_toolbox
[1.587s] Level 1:colcon.colcon_core.environment:checking '/home/darkdemon/work/motor_control/install/dynamixel_workbench_toolbox/lib'
[1.587s] Level 1:colcon.colcon_core.shell:create_environment_hook('dynamixel_workbench_toolbox', 'ld_library_path_lib')
[1.588s] INFO:colcon.colcon_core.shell:Creating environment hook '/home/darkdemon/work/motor_control/install/dynamixel_workbench_toolbox/share/dynamixel_workbench_toolbox/hook/ld_library_path_lib.ps1'
[1.590s] INFO:colcon.colcon_core.shell:Creating environment descriptor '/home/darkdemon/work/motor_control/install/dynamixel_workbench_toolbox/share/dynamixel_workbench_toolbox/hook/ld_library_path_lib.dsv'
[1.592s] INFO:colcon.colcon_core.shell:Creating environment hook '/home/darkdemon/work/motor_control/install/dynamixel_workbench_toolbox/share/dynamixel_workbench_toolbox/hook/ld_library_path_lib.sh'
[1.593s] Level 1:colcon.colcon_core.environment:checking '/home/darkdemon/work/motor_control/install/dynamixel_workbench_toolbox/bin'
[1.593s] Level 1:colcon.colcon_core.environment:checking '/home/darkdemon/work/motor_control/install/dynamixel_workbench_toolbox/lib/pkgconfig/dynamixel_workbench_toolbox.pc'
[1.594s] Level 1:colcon.colcon_core.environment:checking '/home/darkdemon/work/motor_control/install/dynamixel_workbench_toolbox/lib/python3.10/site-packages'
[1.594s] Level 1:colcon.colcon_core.environment:checking '/home/darkdemon/work/motor_control/install/dynamixel_workbench_toolbox/bin'
[1.594s] INFO:colcon.colcon_core.shell:Creating package script '/home/darkdemon/work/motor_control/install/dynamixel_workbench_toolbox/share/dynamixel_workbench_toolbox/package.ps1'
[1.596s] INFO:colcon.colcon_core.shell:Creating package descriptor '/home/darkdemon/work/motor_control/install/dynamixel_workbench_toolbox/share/dynamixel_workbench_toolbox/package.dsv'
[1.598s] INFO:colcon.colcon_core.shell:Creating package script '/home/darkdemon/work/motor_control/install/dynamixel_workbench_toolbox/share/dynamixel_workbench_toolbox/package.sh'
[1.601s] INFO:colcon.colcon_core.shell:Creating package script '/home/darkdemon/work/motor_control/install/dynamixel_workbench_toolbox/share/dynamixel_workbench_toolbox/package.bash'
[1.603s] INFO:colcon.colcon_core.shell:Creating package script '/home/darkdemon/work/motor_control/install/dynamixel_workbench_toolbox/share/dynamixel_workbench_toolbox/package.zsh'
[1.604s] Level 1:colcon.colcon_core.environment:create_file_with_runtime_dependencies(/home/darkdemon/work/motor_control/install/dynamixel_workbench_toolbox/share/colcon-core/packages/dynamixel_workbench_toolbox)
[1.607s] Level 1:colcon.colcon_core.environment:create_environment_scripts_only(dynamixel_workbench_toolbox)
[1.607s] Level 1:colcon.colcon_core.environment:checking '/home/darkdemon/work/motor_control/install/dynamixel_workbench_toolbox' for CMake module files
[1.609s] Level 1:colcon.colcon_core.environment:checking '/home/darkdemon/work/motor_control/install/dynamixel_workbench_toolbox' for CMake config files
[1.609s] Level 1:colcon.colcon_core.shell:create_environment_hook('dynamixel_workbench_toolbox', 'cmake_prefix_path')
[1.609s] INFO:colcon.colcon_core.shell:Creating environment hook '/home/darkdemon/work/motor_control/install/dynamixel_workbench_toolbox/share/dynamixel_workbench_toolbox/hook/cmake_prefix_path.ps1'
[1.610s] INFO:colcon.colcon_core.shell:Creating environment descriptor '/home/darkdemon/work/motor_control/install/dynamixel_workbench_toolbox/share/dynamixel_workbench_toolbox/hook/cmake_prefix_path.dsv'
[1.610s] INFO:colcon.colcon_core.shell:Creating environment hook '/home/darkdemon/work/motor_control/install/dynamixel_workbench_toolbox/share/dynamixel_workbench_toolbox/hook/cmake_prefix_path.sh'
[1.611s] Level 1:colcon.colcon_core.environment:checking '/home/darkdemon/work/motor_control/install/dynamixel_workbench_toolbox/lib'
[1.611s] Level 1:colcon.colcon_core.shell:create_environment_hook('dynamixel_workbench_toolbox', 'ld_library_path_lib')
[1.611s] INFO:colcon.colcon_core.shell:Creating environment hook '/home/darkdemon/work/motor_control/install/dynamixel_workbench_toolbox/share/dynamixel_workbench_toolbox/hook/ld_library_path_lib.ps1'
[1.612s] INFO:colcon.colcon_core.shell:Creating environment descriptor '/home/darkdemon/work/motor_control/install/dynamixel_workbench_toolbox/share/dynamixel_workbench_toolbox/hook/ld_library_path_lib.dsv'
[1.612s] INFO:colcon.colcon_core.shell:Creating environment hook '/home/darkdemon/work/motor_control/install/dynamixel_workbench_toolbox/share/dynamixel_workbench_toolbox/hook/ld_library_path_lib.sh'
[1.613s] Level 1:colcon.colcon_core.environment:checking '/home/darkdemon/work/motor_control/install/dynamixel_workbench_toolbox/bin'
[1.613s] Level 1:colcon.colcon_core.environment:checking '/home/darkdemon/work/motor_control/install/dynamixel_workbench_toolbox/lib/pkgconfig/dynamixel_workbench_toolbox.pc'
[1.613s] Level 1:colcon.colcon_core.environment:checking '/home/darkdemon/work/motor_control/install/dynamixel_workbench_toolbox/lib/python3.10/site-packages'
[1.613s] Level 1:colcon.colcon_core.environment:checking '/home/darkdemon/work/motor_control/install/dynamixel_workbench_toolbox/bin'
[1.614s] INFO:colcon.colcon_core.shell:Creating package script '/home/darkdemon/work/motor_control/install/dynamixel_workbench_toolbox/share/dynamixel_workbench_toolbox/package.ps1'
[1.615s] INFO:colcon.colcon_core.shell:Creating package descriptor '/home/darkdemon/work/motor_control/install/dynamixel_workbench_toolbox/share/dynamixel_workbench_toolbox/package.dsv'
[1.615s] INFO:colcon.colcon_core.shell:Creating package script '/home/darkdemon/work/motor_control/install/dynamixel_workbench_toolbox/share/dynamixel_workbench_toolbox/package.sh'
[1.616s] INFO:colcon.colcon_core.shell:Creating package script '/home/darkdemon/work/motor_control/install/dynamixel_workbench_toolbox/share/dynamixel_workbench_toolbox/package.bash'
[1.616s] INFO:colcon.colcon_core.shell:Creating package script '/home/darkdemon/work/motor_control/install/dynamixel_workbench_toolbox/share/dynamixel_workbench_toolbox/package.zsh'
[1.616s] Level 1:colcon.colcon_core.environment:create_file_with_runtime_dependencies(/home/darkdemon/work/motor_control/install/dynamixel_workbench_toolbox/share/colcon-core/packages/dynamixel_workbench_toolbox)
[1.618s] INFO:colcon.colcon_ros.task.ament_cmake.build:Building ROS package in '/home/darkdemon/work/motor_control/src/tb4_arm_ros2/dynamixel_hardware' with build type 'ament_cmake'
[1.618s] INFO:colcon.colcon_cmake.task.cmake.build:Building CMake package in '/home/darkdemon/work/motor_control/src/tb4_arm_ros2/dynamixel_hardware'
[1.618s] INFO:colcon.colcon_core.shell:Skip shell extension 'powershell' for command environment: Not usable outside of PowerShell
[1.618s] DEBUG:colcon.colcon_core.shell:Skip shell extension 'dsv' for command environment
[1.624s] INFO:colcon.colcon_ros.task.ament_cmake.build:Building ROS package in '/home/darkdemon/work/motor_control/src/dynamixel-workbench/dynamixel_workbench' with build type 'ament_cmake'
[1.624s] INFO:colcon.colcon_cmake.task.cmake.build:Building CMake package in '/home/darkdemon/work/motor_control/src/dynamixel-workbench/dynamixel_workbench'
[1.624s] INFO:colcon.colcon_core.shell:Skip shell extension 'powershell' for command environment: Not usable outside of PowerShell
[1.624s] DEBUG:colcon.colcon_core.shell:Skip shell extension 'dsv' for command environment
[1.629s] Level 1:colcon.colcon_core.environment:create_environment_scripts_only(dynamixel_workbench_msgs)
[1.629s] Level 1:colcon.colcon_core.environment:checking '/home/darkdemon/work/motor_control/install/dynamixel_workbench_msgs' for CMake module files
[1.630s] DEBUG:colcon.colcon_core.event_handler.log_command:Invoked command in '/home/darkdemon/work/motor_control/build/dynamixel_workbench_msgs' returned '0': CMAKE_PREFIX_PATH=/home/darkdemon/work/motor_control/install/small_arm_moveit_cpp:/home/darkdemon/work/motor_control/install/small_arm_moveit_config:/home/darkdemon/work/motor_control/install/small_arm_description:/home/darkdemon/work/motor_control/install/visual:/home/darkdemon/work/motor_control/install/realsense:/home/darkdemon/work/motor_control/install/python_moveit2:/home/darkdemon/work/motor_control/install/map_tool:/home/darkdemon/work/motor_control/install/lidar_filter:/opt/ros/humble:/home/darkdemon/work/motor_control/install/python_moveit_interface:/home/darkdemon/work/motor_control/install/map_if:/home/darkdemon/work/motor_control/install/dynamixel_workbench:/home/darkdemon/work/motor_control/install/dynamixel_hardware:/home/darkdemon/work/motor_control/install/dynamixel_workbench_toolbox:/home/darkdemon/work/motor_control/install/dynamixel_workbench_msgs /usr/bin/cmake --install /home/darkdemon/work/motor_control/build/dynamixel_workbench_msgs
[1.630s] Level 1:colcon.colcon_core.environment:checking '/home/darkdemon/work/motor_control/install/dynamixel_workbench_msgs' for CMake config files
[1.630s] Level 1:colcon.colcon_core.shell:create_environment_hook('dynamixel_workbench_msgs', 'cmake_prefix_path')
[1.631s] INFO:colcon.colcon_core.shell:Creating environment hook '/home/darkdemon/work/motor_control/install/dynamixel_workbench_msgs/share/dynamixel_workbench_msgs/hook/cmake_prefix_path.ps1'
[1.631s] INFO:colcon.colcon_core.shell:Creating environment descriptor '/home/darkdemon/work/motor_control/install/dynamixel_workbench_msgs/share/dynamixel_workbench_msgs/hook/cmake_prefix_path.dsv'
[1.632s] INFO:colcon.colcon_core.shell:Creating environment hook '/home/darkdemon/work/motor_control/install/dynamixel_workbench_msgs/share/dynamixel_workbench_msgs/hook/cmake_prefix_path.sh'
[1.633s] Level 1:colcon.colcon_core.environment:checking '/home/darkdemon/work/motor_control/install/dynamixel_workbench_msgs/lib'
[1.633s] Level 1:colcon.colcon_core.shell:create_environment_hook('dynamixel_workbench_msgs', 'ld_library_path_lib')
[1.633s] INFO:colcon.colcon_core.shell:Creating environment hook '/home/darkdemon/work/motor_control/install/dynamixel_workbench_msgs/share/dynamixel_workbench_msgs/hook/ld_library_path_lib.ps1'
[1.634s] INFO:colcon.colcon_core.shell:Creating environment descriptor '/home/darkdemon/work/motor_control/install/dynamixel_workbench_msgs/share/dynamixel_workbench_msgs/hook/ld_library_path_lib.dsv'
[1.634s] INFO:colcon.colcon_core.shell:Creating environment hook '/home/darkdemon/work/motor_control/install/dynamixel_workbench_msgs/share/dynamixel_workbench_msgs/hook/ld_library_path_lib.sh'
[1.634s] Level 1:colcon.colcon_core.environment:checking '/home/darkdemon/work/motor_control/install/dynamixel_workbench_msgs/bin'
[1.635s] Level 1:colcon.colcon_core.environment:checking '/home/darkdemon/work/motor_control/install/dynamixel_workbench_msgs/lib/pkgconfig/dynamixel_workbench_msgs.pc'
[1.635s] Level 1:colcon.colcon_core.environment:checking '/home/darkdemon/work/motor_control/install/dynamixel_workbench_msgs/lib/python3.10/site-packages'
[1.635s] Level 1:colcon.colcon_core.environment:checking '/home/darkdemon/work/motor_control/install/dynamixel_workbench_msgs/bin'
[1.635s] INFO:colcon.colcon_core.shell:Creating package script '/home/darkdemon/work/motor_control/install/dynamixel_workbench_msgs/share/dynamixel_workbench_msgs/package.ps1'
[1.636s] INFO:colcon.colcon_core.shell:Creating package descriptor '/home/darkdemon/work/motor_control/install/dynamixel_workbench_msgs/share/dynamixel_workbench_msgs/package.dsv'
[1.637s] INFO:colcon.colcon_core.shell:Creating package script '/home/darkdemon/work/motor_control/install/dynamixel_workbench_msgs/share/dynamixel_workbench_msgs/package.sh'
[1.637s] INFO:colcon.colcon_core.shell:Creating package script '/home/darkdemon/work/motor_control/install/dynamixel_workbench_msgs/share/dynamixel_workbench_msgs/package.bash'
[1.638s] INFO:colcon.colcon_core.shell:Creating package script '/home/darkdemon/work/motor_control/install/dynamixel_workbench_msgs/share/dynamixel_workbench_msgs/package.zsh'
[1.638s] Level 1:colcon.colcon_core.environment:create_file_with_runtime_dependencies(/home/darkdemon/work/motor_control/install/dynamixel_workbench_msgs/share/colcon-core/packages/dynamixel_workbench_msgs)
[1.639s] Level 1:colcon.colcon_core.environment:create_environment_scripts_only(dynamixel_workbench_msgs)
[1.639s] Level 1:colcon.colcon_core.environment:checking '/home/darkdemon/work/motor_control/install/dynamixel_workbench_msgs' for CMake module files
[1.640s] Level 1:colcon.colcon_core.environment:checking '/home/darkdemon/work/motor_control/install/dynamixel_workbench_msgs' for CMake config files
[1.640s] Level 1:colcon.colcon_core.shell:create_environment_hook('dynamixel_workbench_msgs', 'cmake_prefix_path')
[1.640s] INFO:colcon.colcon_core.shell:Creating environment hook '/home/darkdemon/work/motor_control/install/dynamixel_workbench_msgs/share/dynamixel_workbench_msgs/hook/cmake_prefix_path.ps1'
[1.641s] INFO:colcon.colcon_core.shell:Creating environment descriptor '/home/darkdemon/work/motor_control/install/dynamixel_workbench_msgs/share/dynamixel_workbench_msgs/hook/cmake_prefix_path.dsv'
[1.641s] INFO:colcon.colcon_core.shell:Creating environment hook '/home/darkdemon/work/motor_control/install/dynamixel_workbench_msgs/share/dynamixel_workbench_msgs/hook/cmake_prefix_path.sh'
[1.641s] Level 1:colcon.colcon_core.environment:checking '/home/darkdemon/work/motor_control/install/dynamixel_workbench_msgs/lib'
[1.642s] Level 1:colcon.colcon_core.shell:create_environment_hook('dynamixel_workbench_msgs', 'ld_library_path_lib')
[1.642s] INFO:colcon.colcon_core.shell:Creating environment hook '/home/darkdemon/work/motor_control/install/dynamixel_workbench_msgs/share/dynamixel_workbench_msgs/hook/ld_library_path_lib.ps1'
[1.642s] INFO:colcon.colcon_core.shell:Creating environment descriptor '/home/darkdemon/work/motor_control/install/dynamixel_workbench_msgs/share/dynamixel_workbench_msgs/hook/ld_library_path_lib.dsv'
[1.642s] INFO:colcon.colcon_core.shell:Creating environment hook '/home/darkdemon/work/motor_control/install/dynamixel_workbench_msgs/share/dynamixel_workbench_msgs/hook/ld_library_path_lib.sh'
[1.642s] Level 1:colcon.colcon_core.environment:checking '/home/darkdemon/work/motor_control/install/dynamixel_workbench_msgs/bin'
[1.643s] Level 1:colcon.colcon_core.environment:checking '/home/darkdemon/work/motor_control/install/dynamixel_workbench_msgs/lib/pkgconfig/dynamixel_workbench_msgs.pc'
[1.643s] Level 1:colcon.colcon_core.environment:checking '/home/darkdemon/work/motor_control/install/dynamixel_workbench_msgs/lib/python3.10/site-packages'
[1.643s] Level 1:colcon.colcon_core.environment:checking '/home/darkdemon/work/motor_control/install/dynamixel_workbench_msgs/bin'
[1.643s] INFO:colcon.colcon_core.shell:Creating package script '/home/darkdemon/work/motor_control/install/dynamixel_workbench_msgs/share/dynamixel_workbench_msgs/package.ps1'
[1.644s] INFO:colcon.colcon_core.shell:Creating package descriptor '/home/darkdemon/work/motor_control/install/dynamixel_workbench_msgs/share/dynamixel_workbench_msgs/package.dsv'
[1.644s] INFO:colcon.colcon_core.shell:Creating package script '/home/darkdemon/work/motor_control/install/dynamixel_workbench_msgs/share/dynamixel_workbench_msgs/package.sh'
[1.645s] INFO:colcon.colcon_core.shell:Creating package script '/home/darkdemon/work/motor_control/install/dynamixel_workbench_msgs/share/dynamixel_workbench_msgs/package.bash'
[1.645s] INFO:colcon.colcon_core.shell:Creating package script '/home/darkdemon/work/motor_control/install/dynamixel_workbench_msgs/share/dynamixel_workbench_msgs/package.zsh'
[1.645s] Level 1:colcon.colcon_core.environment:create_file_with_runtime_dependencies(/home/darkdemon/work/motor_control/install/dynamixel_workbench_msgs/share/colcon-core/packages/dynamixel_workbench_msgs)
[1.646s] Level 1:colcon.colcon_core.environment:create_environment_scripts_only(map_if)
[1.646s] Level 1:colcon.colcon_core.environment:checking '/home/darkdemon/work/motor_control/install/map_if' for CMake module files
[1.647s] DEBUG:colcon.colcon_core.event_handler.log_command:Invoked command in '/home/darkdemon/work/motor_control/build/map_if' returned '0': CMAKE_PREFIX_PATH=/home/darkdemon/work/motor_control/install/small_arm_moveit_cpp:/home/darkdemon/work/motor_control/install/small_arm_moveit_config:/home/darkdemon/work/motor_control/install/small_arm_description:/home/darkdemon/work/motor_control/install/visual:/home/darkdemon/work/motor_control/install/realsense:/home/darkdemon/work/motor_control/install/python_moveit2:/home/darkdemon/work/motor_control/install/map_tool:/home/darkdemon/work/motor_control/install/lidar_filter:/opt/ros/humble:/home/darkdemon/work/motor_control/install/python_moveit_interface:/home/darkdemon/work/motor_control/install/map_if:/home/darkdemon/work/motor_control/install/dynamixel_workbench:/home/darkdemon/work/motor_control/install/dynamixel_hardware:/home/darkdemon/work/motor_control/install/dynamixel_workbench_toolbox:/home/darkdemon/work/motor_control/install/dynamixel_workbench_msgs /usr/bin/cmake --install /home/darkdemon/work/motor_control/build/map_if
[1.648s] Level 1:colcon.colcon_core.environment:checking '/home/darkdemon/work/motor_control/install/map_if' for CMake config files
[1.648s] Level 1:colcon.colcon_core.shell:create_environment_hook('map_if', 'cmake_prefix_path')
[1.648s] INFO:colcon.colcon_core.shell:Creating environment hook '/home/darkdemon/work/motor_control/install/map_if/share/map_if/hook/cmake_prefix_path.ps1'
[1.649s] INFO:colcon.colcon_core.shell:Creating environment descriptor '/home/darkdemon/work/motor_control/install/map_if/share/map_if/hook/cmake_prefix_path.dsv'
[1.649s] INFO:colcon.colcon_core.shell:Creating environment hook '/home/darkdemon/work/motor_control/install/map_if/share/map_if/hook/cmake_prefix_path.sh'
[1.650s] Level 1:colcon.colcon_core.environment:checking '/home/darkdemon/work/motor_control/install/map_if/lib'
[1.650s] Level 1:colcon.colcon_core.shell:create_environment_hook('map_if', 'ld_library_path_lib')
[1.650s] INFO:colcon.colcon_core.shell:Creating environment hook '/home/darkdemon/work/motor_control/install/map_if/share/map_if/hook/ld_library_path_lib.ps1'
[1.651s] INFO:colcon.colcon_core.shell:Creating environment descriptor '/home/darkdemon/work/motor_control/install/map_if/share/map_if/hook/ld_library_path_lib.dsv'
[1.651s] INFO:colcon.colcon_core.shell:Creating environment hook '/home/darkdemon/work/motor_control/install/map_if/share/map_if/hook/ld_library_path_lib.sh'
[1.652s] Level 1:colcon.colcon_core.environment:checking '/home/darkdemon/work/motor_control/install/map_if/bin'
[1.652s] Level 1:colcon.colcon_core.environment:checking '/home/darkdemon/work/motor_control/install/map_if/lib/pkgconfig/map_if.pc'
[1.652s] Level 1:colcon.colcon_core.environment:checking '/home/darkdemon/work/motor_control/install/map_if/lib/python3.10/site-packages'
[1.652s] Level 1:colcon.colcon_core.environment:checking '/home/darkdemon/work/motor_control/install/map_if/bin'
[1.652s] INFO:colcon.colcon_core.shell:Creating package script '/home/darkdemon/work/motor_control/install/map_if/share/map_if/package.ps1'
[1.653s] INFO:colcon.colcon_core.shell:Creating package descriptor '/home/darkdemon/work/motor_control/install/map_if/share/map_if/package.dsv'
[1.653s] INFO:colcon.colcon_core.shell:Creating package script '/home/darkdemon/work/motor_control/install/map_if/share/map_if/package.sh'
[1.653s] INFO:colcon.colcon_core.shell:Creating package script '/home/darkdemon/work/motor_control/install/map_if/share/map_if/package.bash'
[1.653s] INFO:colcon.colcon_core.shell:Creating package script '/home/darkdemon/work/motor_control/install/map_if/share/map_if/package.zsh'
[1.654s] Level 1:colcon.colcon_core.environment:create_file_with_runtime_dependencies(/home/darkdemon/work/motor_control/install/map_if/share/colcon-core/packages/map_if)
[1.654s] Level 1:colcon.colcon_core.environment:create_environment_scripts_only(map_if)
[1.654s] Level 1:colcon.colcon_core.environment:checking '/home/darkdemon/work/motor_control/install/map_if' for CMake module files
[1.655s] Level 1:colcon.colcon_core.environment:checking '/home/darkdemon/work/motor_control/install/map_if' for CMake config files
[1.655s] Level 1:colcon.colcon_core.shell:create_environment_hook('map_if', 'cmake_prefix_path')
[1.655s] INFO:colcon.colcon_core.shell:Creating environment hook '/home/darkdemon/work/motor_control/install/map_if/share/map_if/hook/cmake_prefix_path.ps1'
[1.655s] INFO:colcon.colcon_core.shell:Creating environment descriptor '/home/darkdemon/work/motor_control/install/map_if/share/map_if/hook/cmake_prefix_path.dsv'
[1.656s] INFO:colcon.colcon_core.shell:Creating environment hook '/home/darkdemon/work/motor_control/install/map_if/share/map_if/hook/cmake_prefix_path.sh'
[1.656s] Level 1:colcon.colcon_core.environment:checking '/home/darkdemon/work/motor_control/install/map_if/lib'
[1.656s] Level 1:colcon.colcon_core.shell:create_environment_hook('map_if', 'ld_library_path_lib')
[1.656s] INFO:colcon.colcon_core.shell:Creating environment hook '/home/darkdemon/work/motor_control/install/map_if/share/map_if/hook/ld_library_path_lib.ps1'
[1.656s] INFO:colcon.colcon_core.shell:Creating environment descriptor '/home/darkdemon/work/motor_control/install/map_if/share/map_if/hook/ld_library_path_lib.dsv'
[1.657s] INFO:colcon.colcon_core.shell:Creating environment hook '/home/darkdemon/work/motor_control/install/map_if/share/map_if/hook/ld_library_path_lib.sh'
[1.657s] Level 1:colcon.colcon_core.environment:checking '/home/darkdemon/work/motor_control/install/map_if/bin'
[1.657s] Level 1:colcon.colcon_core.environment:checking '/home/darkdemon/work/motor_control/install/map_if/lib/pkgconfig/map_if.pc'
[1.657s] Level 1:colcon.colcon_core.environment:checking '/home/darkdemon/work/motor_control/install/map_if/lib/python3.10/site-packages'
[1.657s] Level 1:colcon.colcon_core.environment:checking '/home/darkdemon/work/motor_control/install/map_if/bin'
[1.658s] INFO:colcon.colcon_core.shell:Creating package script '/home/darkdemon/work/motor_control/install/map_if/share/map_if/package.ps1'
[1.658s] INFO:colcon.colcon_core.shell:Creating package descriptor '/home/darkdemon/work/motor_control/install/map_if/share/map_if/package.dsv'
[1.658s] INFO:colcon.colcon_core.shell:Creating package script '/home/darkdemon/work/motor_control/install/map_if/share/map_if/package.sh'
[1.659s] INFO:colcon.colcon_core.shell:Creating package script '/home/darkdemon/work/motor_control/install/map_if/share/map_if/package.bash'
[1.659s] INFO:colcon.colcon_core.shell:Creating package script '/home/darkdemon/work/motor_control/install/map_if/share/map_if/package.zsh'
[1.659s] Level 1:colcon.colcon_core.environment:create_file_with_runtime_dependencies(/home/darkdemon/work/motor_control/install/map_if/share/colcon-core/packages/map_if)
[1.660s] Level 1:colcon.colcon_core.shell:create_environment_hook('python_moveit_interface', 'ros_package_path')
[1.660s] INFO:colcon.colcon_core.shell:Creating environment hook '/home/darkdemon/work/motor_control/install/python_moveit_interface/share/python_moveit_interface/hook/ros_package_path.ps1'
[1.661s] DEBUG:colcon.colcon_core.event_handler.log_command:Invoked command in '/home/darkdemon/work/motor_control/build/python_moveit_interface' returned '0': /usr/bin/cmake --install /home/darkdemon/work/motor_control/build/python_moveit_interface
[1.661s] INFO:colcon.colcon_core.shell:Creating environment descriptor '/home/darkdemon/work/motor_control/install/python_moveit_interface/share/python_moveit_interface/hook/ros_package_path.dsv'
[1.661s] INFO:colcon.colcon_core.shell:Creating environment hook '/home/darkdemon/work/motor_control/install/python_moveit_interface/share/python_moveit_interface/hook/ros_package_path.sh'
[1.662s] Level 1:colcon.colcon_ros.task.catkin:checking '/home/darkdemon/work/motor_control/install/python_moveit_interface/local/lib/python3.10/dist-packages'
[1.662s] Level 1:colcon.colcon_core.shell:create_environment_hook('python_moveit_interface', 'catkin_pythonpath')
[1.662s] INFO:colcon.colcon_core.shell:Creating environment hook '/home/darkdemon/work/motor_control/install/python_moveit_interface/share/python_moveit_interface/hook/catkin_pythonpath.ps1'
[1.662s] INFO:colcon.colcon_core.shell:Creating environment descriptor '/home/darkdemon/work/motor_control/install/python_moveit_interface/share/python_moveit_interface/hook/catkin_pythonpath.dsv'
[1.663s] INFO:colcon.colcon_core.shell:Creating environment hook '/home/darkdemon/work/motor_control/install/python_moveit_interface/share/python_moveit_interface/hook/catkin_pythonpath.sh'
[1.663s] Level 1:colcon.colcon_core.shell:create_environment_hook('python_moveit_interface', 'pkg_config_path')
[1.663s] INFO:colcon.colcon_core.shell:Creating environment hook '/home/darkdemon/work/motor_control/install/python_moveit_interface/share/python_moveit_interface/hook/pkg_config_path.ps1'
[1.663s] INFO:colcon.colcon_core.shell:Creating environment descriptor '/home/darkdemon/work/motor_control/install/python_moveit_interface/share/python_moveit_interface/hook/pkg_config_path.dsv'
[1.663s] INFO:colcon.colcon_core.shell:Creating environment hook '/home/darkdemon/work/motor_control/install/python_moveit_interface/share/python_moveit_interface/hook/pkg_config_path.sh'
[1.667s] Level 1:colcon.colcon_core.shell:create_environment_hook('python_moveit_interface', 'pkg_config_path_multiarch')
[1.667s] INFO:colcon.colcon_core.shell:Creating environment hook '/home/darkdemon/work/motor_control/install/python_moveit_interface/share/python_moveit_interface/hook/pkg_config_path_multiarch.ps1'
[1.668s] INFO:colcon.colcon_core.shell:Creating environment descriptor '/home/darkdemon/work/motor_control/install/python_moveit_interface/share/python_moveit_interface/hook/pkg_config_path_multiarch.dsv'
[1.668s] INFO:colcon.colcon_core.shell:Creating environment hook '/home/darkdemon/work/motor_control/install/python_moveit_interface/share/python_moveit_interface/hook/pkg_config_path_multiarch.sh'
[1.670s] Level 1:colcon.colcon_core.environment:create_environment_scripts_only(python_moveit_interface)
[1.670s] Level 1:colcon.colcon_core.environment:checking '/home/darkdemon/work/motor_control/install/python_moveit_interface' for CMake module files
[1.671s] Level 1:colcon.colcon_core.environment:checking '/home/darkdemon/work/motor_control/install/python_moveit_interface' for CMake config files
[1.671s] Level 1:colcon.colcon_core.shell:create_environment_hook('python_moveit_interface', 'cmake_prefix_path')
[1.672s] INFO:colcon.colcon_core.shell:Creating environment hook '/home/darkdemon/work/motor_control/install/python_moveit_interface/share/python_moveit_interface/hook/cmake_prefix_path.ps1'
[1.672s] INFO:colcon.colcon_core.shell:Creating environment descriptor '/home/darkdemon/work/motor_control/install/python_moveit_interface/share/python_moveit_interface/hook/cmake_prefix_path.dsv'
[1.673s] INFO:colcon.colcon_core.shell:Creating environment hook '/home/darkdemon/work/motor_control/install/python_moveit_interface/share/python_moveit_interface/hook/cmake_prefix_path.sh'
[1.673s] Level 1:colcon.colcon_core.environment:checking '/home/darkdemon/work/motor_control/install/python_moveit_interface/lib'
[1.674s] Level 1:colcon.colcon_core.shell:create_environment_hook('python_moveit_interface', 'ld_library_path_lib')
[1.674s] INFO:colcon.colcon_core.shell:Creating environment hook '/home/darkdemon/work/motor_control/install/python_moveit_interface/share/python_moveit_interface/hook/ld_library_path_lib.ps1'
[1.674s] INFO:colcon.colcon_core.shell:Creating environment descriptor '/home/darkdemon/work/motor_control/install/python_moveit_interface/share/python_moveit_interface/hook/ld_library_path_lib.dsv'
[1.675s] INFO:colcon.colcon_core.shell:Creating environment hook '/home/darkdemon/work/motor_control/install/python_moveit_interface/share/python_moveit_interface/hook/ld_library_path_lib.sh'
[1.675s] Level 1:colcon.colcon_core.environment:checking '/home/darkdemon/work/motor_control/install/python_moveit_interface/bin'
[1.675s] Level 1:colcon.colcon_core.environment:checking '/home/darkdemon/work/motor_control/install/python_moveit_interface/lib/pkgconfig/python_moveit_interface.pc'
[1.675s] Level 1:colcon.colcon_core.environment:checking '/home/darkdemon/work/motor_control/install/python_moveit_interface/lib/python3.10/site-packages'
[1.675s] Level 1:colcon.colcon_core.environment:checking '/home/darkdemon/work/motor_control/install/python_moveit_interface/bin'
[1.676s] INFO:colcon.colcon_core.shell:Creating package script '/home/darkdemon/work/motor_control/install/python_moveit_interface/share/python_moveit_interface/package.ps1'
[1.676s] INFO:colcon.colcon_core.shell:Creating package descriptor '/home/darkdemon/work/motor_control/install/python_moveit_interface/share/python_moveit_interface/package.dsv'
[1.677s] INFO:colcon.colcon_core.shell:Creating package script '/home/darkdemon/work/motor_control/install/python_moveit_interface/share/python_moveit_interface/package.sh'
[1.677s] INFO:colcon.colcon_core.shell:Creating package script '/home/darkdemon/work/motor_control/install/python_moveit_interface/share/python_moveit_interface/package.bash'
[1.677s] INFO:colcon.colcon_core.shell:Creating package script '/home/darkdemon/work/motor_control/install/python_moveit_interface/share/python_moveit_interface/package.zsh'
[1.677s] Level 1:colcon.colcon_core.environment:create_file_with_runtime_dependencies(/home/darkdemon/work/motor_control/install/python_moveit_interface/share/colcon-core/packages/python_moveit_interface)
[1.683s] DEBUG:colcon.colcon_core.event_handler.log_command:Invoking command in '/home/darkdemon/work/motor_control/build/dynamixel_hardware': CMAKE_PREFIX_PATH=/home/darkdemon/work/motor_control/install/dynamixel_workbench_toolbox:/home/darkdemon/work/motor_control/install/small_arm_moveit_cpp:/home/darkdemon/work/motor_control/install/small_arm_moveit_config:/home/darkdemon/work/motor_control/install/small_arm_description:/home/darkdemon/work/motor_control/install/visual:/home/darkdemon/work/motor_control/install/realsense:/home/darkdemon/work/motor_control/install/python_moveit2:/home/darkdemon/work/motor_control/install/map_tool:/home/darkdemon/work/motor_control/install/lidar_filter:/opt/ros/humble:/home/darkdemon/work/motor_control/install/python_moveit_interface:/home/darkdemon/work/motor_control/install/map_if:/home/darkdemon/work/motor_control/install/dynamixel_workbench:/home/darkdemon/work/motor_control/install/dynamixel_hardware:/home/darkdemon/work/motor_control/install/dynamixel_workbench_msgs LD_LIBRARY_PATH=/home/darkdemon/work/motor_control/install/dynamixel_workbench_toolbox/lib:/home/darkdemon/work/motor_control/install/python_moveit_interface/lib:/home/darkdemon/work/motor_control/install/map_if/lib:/home/darkdemon/work/motor_control/install/dynamixel_hardware/lib:/home/darkdemon/work/motor_control/install/dynamixel_workbench_msgs/lib:/opt/ros/humble/opt/rviz_ogre_vendor/lib:/opt/ros/humble/lib/x86_64-linux-gnu:/opt/ros/humble/lib:/usr/local/nvidia/lib:/usr/local/nvidia/lib64 /usr/bin/cmake --build /home/darkdemon/work/motor_control/build/dynamixel_hardware -- -j20 -l20
[1.686s] DEBUG:colcon.colcon_core.event_handler.log_command:Invoking command in '/home/darkdemon/work/motor_control/build/dynamixel_workbench': CMAKE_PREFIX_PATH=/home/darkdemon/work/motor_control/install/dynamixel_workbench_toolbox:/home/darkdemon/work/motor_control/install/small_arm_moveit_cpp:/home/darkdemon/work/motor_control/install/small_arm_moveit_config:/home/darkdemon/work/motor_control/install/small_arm_description:/home/darkdemon/work/motor_control/install/visual:/home/darkdemon/work/motor_control/install/realsense:/home/darkdemon/work/motor_control/install/python_moveit2:/home/darkdemon/work/motor_control/install/map_tool:/home/darkdemon/work/motor_control/install/lidar_filter:/opt/ros/humble:/home/darkdemon/work/motor_control/install/python_moveit_interface:/home/darkdemon/work/motor_control/install/map_if:/home/darkdemon/work/motor_control/install/dynamixel_workbench:/home/darkdemon/work/motor_control/install/dynamixel_hardware:/home/darkdemon/work/motor_control/install/dynamixel_workbench_msgs LD_LIBRARY_PATH=/home/darkdemon/work/motor_control/install/dynamixel_workbench_toolbox/lib:/home/darkdemon/work/motor_control/install/python_moveit_interface/lib:/home/darkdemon/work/motor_control/install/map_if/lib:/home/darkdemon/work/motor_control/install/dynamixel_hardware/lib:/home/darkdemon/work/motor_control/install/dynamixel_workbench_msgs/lib:/opt/ros/humble/opt/rviz_ogre_vendor/lib:/opt/ros/humble/lib/x86_64-linux-gnu:/opt/ros/humble/lib:/usr/local/nvidia/lib:/usr/local/nvidia/lib64 /usr/bin/cmake --build /home/darkdemon/work/motor_control/build/dynamixel_workbench -- -j20 -l20
[1.727s] DEBUG:colcon.colcon_core.event_handler.log_command:Invoked command in '/home/darkdemon/work/motor_control/build/dynamixel_workbench' returned '0': CMAKE_PREFIX_PATH=/home/darkdemon/work/motor_control/install/dynamixel_workbench_toolbox:/home/darkdemon/work/motor_control/install/small_arm_moveit_cpp:/home/darkdemon/work/motor_control/install/small_arm_moveit_config:/home/darkdemon/work/motor_control/install/small_arm_description:/home/darkdemon/work/motor_control/install/visual:/home/darkdemon/work/motor_control/install/realsense:/home/darkdemon/work/motor_control/install/python_moveit2:/home/darkdemon/work/motor_control/install/map_tool:/home/darkdemon/work/motor_control/install/lidar_filter:/opt/ros/humble:/home/darkdemon/work/motor_control/install/python_moveit_interface:/home/darkdemon/work/motor_control/install/map_if:/home/darkdemon/work/motor_control/install/dynamixel_workbench:/home/darkdemon/work/motor_control/install/dynamixel_hardware:/home/darkdemon/work/motor_control/install/dynamixel_workbench_msgs LD_LIBRARY_PATH=/home/darkdemon/work/motor_control/install/dynamixel_workbench_toolbox/lib:/home/darkdemon/work/motor_control/install/python_moveit_interface/lib:/home/darkdemon/work/motor_control/install/map_if/lib:/home/darkdemon/work/motor_control/install/dynamixel_hardware/lib:/home/darkdemon/work/motor_control/install/dynamixel_workbench_msgs/lib:/opt/ros/humble/opt/rviz_ogre_vendor/lib:/opt/ros/humble/lib/x86_64-linux-gnu:/opt/ros/humble/lib:/usr/local/nvidia/lib:/usr/local/nvidia/lib64 /usr/bin/cmake --build /home/darkdemon/work/motor_control/build/dynamixel_workbench -- -j20 -l20
[1.729s] DEBUG:colcon.colcon_core.event_handler.log_command:Invoking command in '/home/darkdemon/work/motor_control/build/dynamixel_workbench': CMAKE_PREFIX_PATH=/home/darkdemon/work/motor_control/install/dynamixel_workbench_toolbox:/home/darkdemon/work/motor_control/install/small_arm_moveit_cpp:/home/darkdemon/work/motor_control/install/small_arm_moveit_config:/home/darkdemon/work/motor_control/install/small_arm_description:/home/darkdemon/work/motor_control/install/visual:/home/darkdemon/work/motor_control/install/realsense:/home/darkdemon/work/motor_control/install/python_moveit2:/home/darkdemon/work/motor_control/install/map_tool:/home/darkdemon/work/motor_control/install/lidar_filter:/opt/ros/humble:/home/darkdemon/work/motor_control/install/python_moveit_interface:/home/darkdemon/work/motor_control/install/map_if:/home/darkdemon/work/motor_control/install/dynamixel_workbench:/home/darkdemon/work/motor_control/install/dynamixel_hardware:/home/darkdemon/work/motor_control/install/dynamixel_workbench_msgs LD_LIBRARY_PATH=/home/darkdemon/work/motor_control/install/dynamixel_workbench_toolbox/lib:/home/darkdemon/work/motor_control/install/python_moveit_interface/lib:/home/darkdemon/work/motor_control/install/map_if/lib:/home/darkdemon/work/motor_control/install/dynamixel_hardware/lib:/home/darkdemon/work/motor_control/install/dynamixel_workbench_msgs/lib:/opt/ros/humble/opt/rviz_ogre_vendor/lib:/opt/ros/humble/lib/x86_64-linux-gnu:/opt/ros/humble/lib:/usr/local/nvidia/lib:/usr/local/nvidia/lib64 /usr/bin/cmake --install /home/darkdemon/work/motor_control/build/dynamixel_workbench
[1.738s] Level 1:colcon.colcon_core.environment:create_environment_scripts_only(dynamixel_workbench)
[1.739s] Level 1:colcon.colcon_core.environment:checking '/home/darkdemon/work/motor_control/install/dynamixel_workbench' for CMake module files
[1.740s] DEBUG:colcon.colcon_core.event_handler.log_command:Invoked command in '/home/darkdemon/work/motor_control/build/dynamixel_workbench' returned '0': CMAKE_PREFIX_PATH=/home/darkdemon/work/motor_control/install/dynamixel_workbench_toolbox:/home/darkdemon/work/motor_control/install/small_arm_moveit_cpp:/home/darkdemon/work/motor_control/install/small_arm_moveit_config:/home/darkdemon/work/motor_control/install/small_arm_description:/home/darkdemon/work/motor_control/install/visual:/home/darkdemon/work/motor_control/install/realsense:/home/darkdemon/work/motor_control/install/python_moveit2:/home/darkdemon/work/motor_control/install/map_tool:/home/darkdemon/work/motor_control/install/lidar_filter:/opt/ros/humble:/home/darkdemon/work/motor_control/install/python_moveit_interface:/home/darkdemon/work/motor_control/install/map_if:/home/darkdemon/work/motor_control/install/dynamixel_workbench:/home/darkdemon/work/motor_control/install/dynamixel_hardware:/home/darkdemon/work/motor_control/install/dynamixel_workbench_msgs LD_LIBRARY_PATH=/home/darkdemon/work/motor_control/install/dynamixel_workbench_toolbox/lib:/home/darkdemon/work/motor_control/install/python_moveit_interface/lib:/home/darkdemon/work/motor_control/install/map_if/lib:/home/darkdemon/work/motor_control/install/dynamixel_hardware/lib:/home/darkdemon/work/motor_control/install/dynamixel_workbench_msgs/lib:/opt/ros/humble/opt/rviz_ogre_vendor/lib:/opt/ros/humble/lib/x86_64-linux-gnu:/opt/ros/humble/lib:/usr/local/nvidia/lib:/usr/local/nvidia/lib64 /usr/bin/cmake --install /home/darkdemon/work/motor_control/build/dynamixel_workbench
[1.740s] Level 1:colcon.colcon_core.environment:checking '/home/darkdemon/work/motor_control/install/dynamixel_workbench' for CMake config files
[1.740s] Level 1:colcon.colcon_core.shell:create_environment_hook('dynamixel_workbench', 'cmake_prefix_path')
[1.741s] INFO:colcon.colcon_core.shell:Creating environment hook '/home/darkdemon/work/motor_control/install/dynamixel_workbench/share/dynamixel_workbench/hook/cmake_prefix_path.ps1'
[1.741s] INFO:colcon.colcon_core.shell:Creating environment descriptor '/home/darkdemon/work/motor_control/install/dynamixel_workbench/share/dynamixel_workbench/hook/cmake_prefix_path.dsv'
[1.742s] INFO:colcon.colcon_core.shell:Creating environment hook '/home/darkdemon/work/motor_control/install/dynamixel_workbench/share/dynamixel_workbench/hook/cmake_prefix_path.sh'
[1.743s] Level 1:colcon.colcon_core.environment:checking '/home/darkdemon/work/motor_control/install/dynamixel_workbench/bin'
[1.743s] Level 1:colcon.colcon_core.environment:checking '/home/darkdemon/work/motor_control/install/dynamixel_workbench/lib/pkgconfig/dynamixel_workbench.pc'
[1.743s] Level 1:colcon.colcon_core.environment:checking '/home/darkdemon/work/motor_control/install/dynamixel_workbench/lib/python3.10/site-packages'
[1.743s] Level 1:colcon.colcon_core.environment:checking '/home/darkdemon/work/motor_control/install/dynamixel_workbench/bin'
[1.744s] INFO:colcon.colcon_core.shell:Creating package script '/home/darkdemon/work/motor_control/install/dynamixel_workbench/share/dynamixel_workbench/package.ps1'
[1.744s] INFO:colcon.colcon_core.shell:Creating package descriptor '/home/darkdemon/work/motor_control/install/dynamixel_workbench/share/dynamixel_workbench/package.dsv'
[1.745s] INFO:colcon.colcon_core.shell:Creating package script '/home/darkdemon/work/motor_control/install/dynamixel_workbench/share/dynamixel_workbench/package.sh'
[1.745s] INFO:colcon.colcon_core.shell:Creating package script '/home/darkdemon/work/motor_control/install/dynamixel_workbench/share/dynamixel_workbench/package.bash'
[1.745s] INFO:colcon.colcon_core.shell:Creating package script '/home/darkdemon/work/motor_control/install/dynamixel_workbench/share/dynamixel_workbench/package.zsh'
[1.745s] Level 1:colcon.colcon_core.environment:create_file_with_runtime_dependencies(/home/darkdemon/work/motor_control/install/dynamixel_workbench/share/colcon-core/packages/dynamixel_workbench)
[1.746s] Level 1:colcon.colcon_core.environment:create_environment_scripts_only(dynamixel_workbench)
[1.746s] Level 1:colcon.colcon_core.environment:checking '/home/darkdemon/work/motor_control/install/dynamixel_workbench' for CMake module files
[1.746s] Level 1:colcon.colcon_core.environment:checking '/home/darkdemon/work/motor_control/install/dynamixel_workbench' for CMake config files
[1.747s] Level 1:colcon.colcon_core.shell:create_environment_hook('dynamixel_workbench', 'cmake_prefix_path')
[1.747s] INFO:colcon.colcon_core.shell:Creating environment hook '/home/darkdemon/work/motor_control/install/dynamixel_workbench/share/dynamixel_workbench/hook/cmake_prefix_path.ps1'
[1.748s] INFO:colcon.colcon_core.shell:Creating environment descriptor '/home/darkdemon/work/motor_control/install/dynamixel_workbench/share/dynamixel_workbench/hook/cmake_prefix_path.dsv'
[1.748s] INFO:colcon.colcon_core.shell:Creating environment hook '/home/darkdemon/work/motor_control/install/dynamixel_workbench/share/dynamixel_workbench/hook/cmake_prefix_path.sh'
[1.749s] Level 1:colcon.colcon_core.environment:checking '/home/darkdemon/work/motor_control/install/dynamixel_workbench/bin'
[1.749s] Level 1:colcon.colcon_core.environment:checking '/home/darkdemon/work/motor_control/install/dynamixel_workbench/lib/pkgconfig/dynamixel_workbench.pc'
[1.749s] Level 1:colcon.colcon_core.environment:checking '/home/darkdemon/work/motor_control/install/dynamixel_workbench/lib/python3.10/site-packages'
[1.749s] Level 1:colcon.colcon_core.environment:checking '/home/darkdemon/work/motor_control/install/dynamixel_workbench/bin'
[1.750s] INFO:colcon.colcon_core.shell:Creating package script '/home/darkdemon/work/motor_control/install/dynamixel_workbench/share/dynamixel_workbench/package.ps1'
[1.751s] INFO:colcon.colcon_core.shell:Creating package descriptor '/home/darkdemon/work/motor_control/install/dynamixel_workbench/share/dynamixel_workbench/package.dsv'
[1.751s] INFO:colcon.colcon_core.shell:Creating package script '/home/darkdemon/work/motor_control/install/dynamixel_workbench/share/dynamixel_workbench/package.sh'
[1.752s] INFO:colcon.colcon_core.shell:Creating package script '/home/darkdemon/work/motor_control/install/dynamixel_workbench/share/dynamixel_workbench/package.bash'
[1.752s] INFO:colcon.colcon_core.shell:Creating package script '/home/darkdemon/work/motor_control/install/dynamixel_workbench/share/dynamixel_workbench/package.zsh'
[1.753s] Level 1:colcon.colcon_core.environment:create_file_with_runtime_dependencies(/home/darkdemon/work/motor_control/install/dynamixel_workbench/share/colcon-core/packages/dynamixel_workbench)
[1.755s] DEBUG:colcon.colcon_core.event_handler.log_command:Invoked command in '/home/darkdemon/work/motor_control/build/dynamixel_hardware' returned '0': CMAKE_PREFIX_PATH=/home/darkdemon/work/motor_control/install/dynamixel_workbench_toolbox:/home/darkdemon/work/motor_control/install/small_arm_moveit_cpp:/home/darkdemon/work/motor_control/install/small_arm_moveit_config:/home/darkdemon/work/motor_control/install/small_arm_description:/home/darkdemon/work/motor_control/install/visual:/home/darkdemon/work/motor_control/install/realsense:/home/darkdemon/work/motor_control/install/python_moveit2:/home/darkdemon/work/motor_control/install/map_tool:/home/darkdemon/work/motor_control/install/lidar_filter:/opt/ros/humble:/home/darkdemon/work/motor_control/install/python_moveit_interface:/home/darkdemon/work/motor_control/install/map_if:/home/darkdemon/work/motor_control/install/dynamixel_workbench:/home/darkdemon/work/motor_control/install/dynamixel_hardware:/home/darkdemon/work/motor_control/install/dynamixel_workbench_msgs LD_LIBRARY_PATH=/home/darkdemon/work/motor_control/install/dynamixel_workbench_toolbox/lib:/home/darkdemon/work/motor_control/install/python_moveit_interface/lib:/home/darkdemon/work/motor_control/install/map_if/lib:/home/darkdemon/work/motor_control/install/dynamixel_hardware/lib:/home/darkdemon/work/motor_control/install/dynamixel_workbench_msgs/lib:/opt/ros/humble/opt/rviz_ogre_vendor/lib:/opt/ros/humble/lib/x86_64-linux-gnu:/opt/ros/humble/lib:/usr/local/nvidia/lib:/usr/local/nvidia/lib64 /usr/bin/cmake --build /home/darkdemon/work/motor_control/build/dynamixel_hardware -- -j20 -l20
[1.757s] DEBUG:colcon.colcon_core.event_handler.log_command:Invoking command in '/home/darkdemon/work/motor_control/build/dynamixel_hardware': CMAKE_PREFIX_PATH=/home/darkdemon/work/motor_control/install/dynamixel_workbench_toolbox:/home/darkdemon/work/motor_control/install/small_arm_moveit_cpp:/home/darkdemon/work/motor_control/install/small_arm_moveit_config:/home/darkdemon/work/motor_control/install/small_arm_description:/home/darkdemon/work/motor_control/install/visual:/home/darkdemon/work/motor_control/install/realsense:/home/darkdemon/work/motor_control/install/python_moveit2:/home/darkdemon/work/motor_control/install/map_tool:/home/darkdemon/work/motor_control/install/lidar_filter:/opt/ros/humble:/home/darkdemon/work/motor_control/install/python_moveit_interface:/home/darkdemon/work/motor_control/install/map_if:/home/darkdemon/work/motor_control/install/dynamixel_workbench:/home/darkdemon/work/motor_control/install/dynamixel_hardware:/home/darkdemon/work/motor_control/install/dynamixel_workbench_msgs LD_LIBRARY_PATH=/home/darkdemon/work/motor_control/install/dynamixel_workbench_toolbox/lib:/home/darkdemon/work/motor_control/install/python_moveit_interface/lib:/home/darkdemon/work/motor_control/install/map_if/lib:/home/darkdemon/work/motor_control/install/dynamixel_hardware/lib:/home/darkdemon/work/motor_control/install/dynamixel_workbench_msgs/lib:/opt/ros/humble/opt/rviz_ogre_vendor/lib:/opt/ros/humble/lib/x86_64-linux-gnu:/opt/ros/humble/lib:/usr/local/nvidia/lib:/usr/local/nvidia/lib64 /usr/bin/cmake --install /home/darkdemon/work/motor_control/build/dynamixel_hardware
[1.769s] Level 1:colcon.colcon_core.environment:create_environment_scripts_only(dynamixel_hardware)
[1.769s] Level 1:colcon.colcon_core.environment:checking '/home/darkdemon/work/motor_control/install/dynamixel_hardware' for CMake module files
[1.770s] DEBUG:colcon.colcon_core.event_handler.log_command:Invoked command in '/home/darkdemon/work/motor_control/build/dynamixel_hardware' returned '0': CMAKE_PREFIX_PATH=/home/darkdemon/work/motor_control/install/dynamixel_workbench_toolbox:/home/darkdemon/work/motor_control/install/small_arm_moveit_cpp:/home/darkdemon/work/motor_control/install/small_arm_moveit_config:/home/darkdemon/work/motor_control/install/small_arm_description:/home/darkdemon/work/motor_control/install/visual:/home/darkdemon/work/motor_control/install/realsense:/home/darkdemon/work/motor_control/install/python_moveit2:/home/darkdemon/work/motor_control/install/map_tool:/home/darkdemon/work/motor_control/install/lidar_filter:/opt/ros/humble:/home/darkdemon/work/motor_control/install/python_moveit_interface:/home/darkdemon/work/motor_control/install/map_if:/home/darkdemon/work/motor_control/install/dynamixel_workbench:/home/darkdemon/work/motor_control/install/dynamixel_hardware:/home/darkdemon/work/motor_control/install/dynamixel_workbench_msgs LD_LIBRARY_PATH=/home/darkdemon/work/motor_control/install/dynamixel_workbench_toolbox/lib:/home/darkdemon/work/motor_control/install/python_moveit_interface/lib:/home/darkdemon/work/motor_control/install/map_if/lib:/home/darkdemon/work/motor_control/install/dynamixel_hardware/lib:/home/darkdemon/work/motor_control/install/dynamixel_workbench_msgs/lib:/opt/ros/humble/opt/rviz_ogre_vendor/lib:/opt/ros/humble/lib/x86_64-linux-gnu:/opt/ros/humble/lib:/usr/local/nvidia/lib:/usr/local/nvidia/lib64 /usr/bin/cmake --install /home/darkdemon/work/motor_control/build/dynamixel_hardware
[1.770s] Level 1:colcon.colcon_core.environment:checking '/home/darkdemon/work/motor_control/install/dynamixel_hardware' for CMake config files
[1.770s] Level 1:colcon.colcon_core.shell:create_environment_hook('dynamixel_hardware', 'cmake_prefix_path')
[1.771s] INFO:colcon.colcon_core.shell:Creating environment hook '/home/darkdemon/work/motor_control/install/dynamixel_hardware/share/dynamixel_hardware/hook/cmake_prefix_path.ps1'
[1.772s] INFO:colcon.colcon_core.shell:Creating environment descriptor '/home/darkdemon/work/motor_control/install/dynamixel_hardware/share/dynamixel_hardware/hook/cmake_prefix_path.dsv'
[1.772s] INFO:colcon.colcon_core.shell:Creating environment hook '/home/darkdemon/work/motor_control/install/dynamixel_hardware/share/dynamixel_hardware/hook/cmake_prefix_path.sh'
[1.773s] Level 1:colcon.colcon_core.environment:checking '/home/darkdemon/work/motor_control/install/dynamixel_hardware/lib'
[1.773s] Level 1:colcon.colcon_core.shell:create_environment_hook('dynamixel_hardware', 'ld_library_path_lib')
[1.773s] INFO:colcon.colcon_core.shell:Creating environment hook '/home/darkdemon/work/motor_control/install/dynamixel_hardware/share/dynamixel_hardware/hook/ld_library_path_lib.ps1'
[1.774s] INFO:colcon.colcon_core.shell:Creating environment descriptor '/home/darkdemon/work/motor_control/install/dynamixel_hardware/share/dynamixel_hardware/hook/ld_library_path_lib.dsv'
[1.774s] INFO:colcon.colcon_core.shell:Creating environment hook '/home/darkdemon/work/motor_control/install/dynamixel_hardware/share/dynamixel_hardware/hook/ld_library_path_lib.sh'
[1.775s] Level 1:colcon.colcon_core.environment:checking '/home/darkdemon/work/motor_control/install/dynamixel_hardware/bin'
[1.775s] Level 1:colcon.colcon_core.environment:checking '/home/darkdemon/work/motor_control/install/dynamixel_hardware/lib/pkgconfig/dynamixel_hardware.pc'
[1.775s] Level 1:colcon.colcon_core.environment:checking '/home/darkdemon/work/motor_control/install/dynamixel_hardware/lib/python3.10/site-packages'
[1.775s] Level 1:colcon.colcon_core.environment:checking '/home/darkdemon/work/motor_control/install/dynamixel_hardware/bin'
[1.776s] INFO:colcon.colcon_core.shell:Creating package script '/home/darkdemon/work/motor_control/install/dynamixel_hardware/share/dynamixel_hardware/package.ps1'
[1.776s] INFO:colcon.colcon_core.shell:Creating package descriptor '/home/darkdemon/work/motor_control/install/dynamixel_hardware/share/dynamixel_hardware/package.dsv'
[1.777s] INFO:colcon.colcon_core.shell:Creating package script '/home/darkdemon/work/motor_control/install/dynamixel_hardware/share/dynamixel_hardware/package.sh'
[1.777s] INFO:colcon.colcon_core.shell:Creating package script '/home/darkdemon/work/motor_control/install/dynamixel_hardware/share/dynamixel_hardware/package.bash'
[1.778s] INFO:colcon.colcon_core.shell:Creating package script '/home/darkdemon/work/motor_control/install/dynamixel_hardware/share/dynamixel_hardware/package.zsh'
[1.778s] Level 1:colcon.colcon_core.environment:create_file_with_runtime_dependencies(/home/darkdemon/work/motor_control/install/dynamixel_hardware/share/colcon-core/packages/dynamixel_hardware)
[1.779s] Level 1:colcon.colcon_core.environment:create_environment_scripts_only(dynamixel_hardware)
[1.779s] Level 1:colcon.colcon_core.environment:checking '/home/darkdemon/work/motor_control/install/dynamixel_hardware' for CMake module files
[1.779s] Level 1:colcon.colcon_core.environment:checking '/home/darkdemon/work/motor_control/install/dynamixel_hardware' for CMake config files
[1.780s] Level 1:colcon.colcon_core.shell:create_environment_hook('dynamixel_hardware', 'cmake_prefix_path')
[1.780s] INFO:colcon.colcon_core.shell:Creating environment hook '/home/darkdemon/work/motor_control/install/dynamixel_hardware/share/dynamixel_hardware/hook/cmake_prefix_path.ps1'
[1.781s] INFO:colcon.colcon_core.shell:Creating environment descriptor '/home/darkdemon/work/motor_control/install/dynamixel_hardware/share/dynamixel_hardware/hook/cmake_prefix_path.dsv'
[1.781s] INFO:colcon.colcon_core.shell:Creating environment hook '/home/darkdemon/work/motor_control/install/dynamixel_hardware/share/dynamixel_hardware/hook/cmake_prefix_path.sh'
[1.782s] Level 1:colcon.colcon_core.environment:checking '/home/darkdemon/work/motor_control/install/dynamixel_hardware/lib'
[1.782s] Level 1:colcon.colcon_core.shell:create_environment_hook('dynamixel_hardware', 'ld_library_path_lib')
[1.782s] INFO:colcon.colcon_core.shell:Creating environment hook '/home/darkdemon/work/motor_control/install/dynamixel_hardware/share/dynamixel_hardware/hook/ld_library_path_lib.ps1'
[1.783s] INFO:colcon.colcon_core.shell:Creating environment descriptor '/home/darkdemon/work/motor_control/install/dynamixel_hardware/share/dynamixel_hardware/hook/ld_library_path_lib.dsv'
[1.783s] INFO:colcon.colcon_core.shell:Creating environment hook '/home/darkdemon/work/motor_control/install/dynamixel_hardware/share/dynamixel_hardware/hook/ld_library_path_lib.sh'
[1.784s] Level 1:colcon.colcon_core.environment:checking '/home/darkdemon/work/motor_control/install/dynamixel_hardware/bin'
[1.784s] Level 1:colcon.colcon_core.environment:checking '/home/darkdemon/work/motor_control/install/dynamixel_hardware/lib/pkgconfig/dynamixel_hardware.pc'
[1.784s] Level 1:colcon.colcon_core.environment:checking '/home/darkdemon/work/motor_control/install/dynamixel_hardware/lib/python3.10/site-packages'
[1.784s] Level 1:colcon.colcon_core.environment:checking '/home/darkdemon/work/motor_control/install/dynamixel_hardware/bin'
[1.785s] INFO:colcon.colcon_core.shell:Creating package script '/home/darkdemon/work/motor_control/install/dynamixel_hardware/share/dynamixel_hardware/package.ps1'
[1.785s] INFO:colcon.colcon_core.shell:Creating package descriptor '/home/darkdemon/work/motor_control/install/dynamixel_hardware/share/dynamixel_hardware/package.dsv'
[1.786s] INFO:colcon.colcon_core.shell:Creating package script '/home/darkdemon/work/motor_control/install/dynamixel_hardware/share/dynamixel_hardware/package.sh'
[1.787s] INFO:colcon.colcon_core.shell:Creating package script '/home/darkdemon/work/motor_control/install/dynamixel_hardware/share/dynamixel_hardware/package.bash'
[1.787s] INFO:colcon.colcon_core.shell:Creating package script '/home/darkdemon/work/motor_control/install/dynamixel_hardware/share/dynamixel_hardware/package.zsh'
[1.788s] Level 1:colcon.colcon_core.environment:create_file_with_runtime_dependencies(/home/darkdemon/work/motor_control/install/dynamixel_hardware/share/colcon-core/packages/dynamixel_hardware)
[1.789s] INFO:colcon.colcon_ros.task.ament_cmake.build:Building ROS package in '/home/darkdemon/work/motor_control/src/tb4_arm_ros2/small_arm_description' with build type 'ament_cmake'
[1.789s] INFO:colcon.colcon_cmake.task.cmake.build:Building CMake package in '/home/darkdemon/work/motor_control/src/tb4_arm_ros2/small_arm_description'
[1.789s] INFO:colcon.colcon_core.shell:Skip shell extension 'powershell' for command environment: Not usable outside of PowerShell
[1.789s] DEBUG:colcon.colcon_core.shell:Skip shell extension 'dsv' for command environment
[1.805s] DEBUG:colcon.colcon_core.event_handler.log_command:Invoking command in '/home/darkdemon/work/motor_control/build/small_arm_description': CMAKE_PREFIX_PATH=/home/darkdemon/work/motor_control/install/dynamixel_hardware:/home/darkdemon/work/motor_control/install/dynamixel_workbench_toolbox:/home/darkdemon/work/motor_control/install/small_arm_moveit_cpp:/home/darkdemon/work/motor_control/install/small_arm_moveit_config:/home/darkdemon/work/motor_control/install/small_arm_description:/home/darkdemon/work/motor_control/install/visual:/home/darkdemon/work/motor_control/install/realsense:/home/darkdemon/work/motor_control/install/python_moveit2:/home/darkdemon/work/motor_control/install/map_tool:/home/darkdemon/work/motor_control/install/lidar_filter:/opt/ros/humble:/home/darkdemon/work/motor_control/install/python_moveit_interface:/home/darkdemon/work/motor_control/install/map_if:/home/darkdemon/work/motor_control/install/dynamixel_workbench:/home/darkdemon/work/motor_control/install/dynamixel_workbench_msgs LD_LIBRARY_PATH=/home/darkdemon/work/motor_control/install/dynamixel_hardware/lib:/home/darkdemon/work/motor_control/install/dynamixel_workbench_toolbox/lib:/home/darkdemon/work/motor_control/install/python_moveit_interface/lib:/home/darkdemon/work/motor_control/install/map_if/lib:/home/darkdemon/work/motor_control/install/dynamixel_workbench_msgs/lib:/opt/ros/humble/opt/rviz_ogre_vendor/lib:/opt/ros/humble/lib/x86_64-linux-gnu:/opt/ros/humble/lib:/usr/local/nvidia/lib:/usr/local/nvidia/lib64 /usr/bin/cmake --build /home/darkdemon/work/motor_control/build/small_arm_description -- -j20 -l20
[1.851s] DEBUG:colcon.colcon_core.event_handler.log_command:Invoked command in '/home/darkdemon/work/motor_control/build/small_arm_description' returned '0': CMAKE_PREFIX_PATH=/home/darkdemon/work/motor_control/install/dynamixel_hardware:/home/darkdemon/work/motor_control/install/dynamixel_workbench_toolbox:/home/darkdemon/work/motor_control/install/small_arm_moveit_cpp:/home/darkdemon/work/motor_control/install/small_arm_moveit_config:/home/darkdemon/work/motor_control/install/small_arm_description:/home/darkdemon/work/motor_control/install/visual:/home/darkdemon/work/motor_control/install/realsense:/home/darkdemon/work/motor_control/install/python_moveit2:/home/darkdemon/work/motor_control/install/map_tool:/home/darkdemon/work/motor_control/install/lidar_filter:/opt/ros/humble:/home/darkdemon/work/motor_control/install/python_moveit_interface:/home/darkdemon/work/motor_control/install/map_if:/home/darkdemon/work/motor_control/install/dynamixel_workbench:/home/darkdemon/work/motor_control/install/dynamixel_workbench_msgs LD_LIBRARY_PATH=/home/darkdemon/work/motor_control/install/dynamixel_hardware/lib:/home/darkdemon/work/motor_control/install/dynamixel_workbench_toolbox/lib:/home/darkdemon/work/motor_control/install/python_moveit_interface/lib:/home/darkdemon/work/motor_control/install/map_if/lib:/home/darkdemon/work/motor_control/install/dynamixel_workbench_msgs/lib:/opt/ros/humble/opt/rviz_ogre_vendor/lib:/opt/ros/humble/lib/x86_64-linux-gnu:/opt/ros/humble/lib:/usr/local/nvidia/lib:/usr/local/nvidia/lib64 /usr/bin/cmake --build /home/darkdemon/work/motor_control/build/small_arm_description -- -j20 -l20
[1.853s] DEBUG:colcon.colcon_core.event_handler.log_command:Invoking command in '/home/darkdemon/work/motor_control/build/small_arm_description': CMAKE_PREFIX_PATH=/home/darkdemon/work/motor_control/install/dynamixel_hardware:/home/darkdemon/work/motor_control/install/dynamixel_workbench_toolbox:/home/darkdemon/work/motor_control/install/small_arm_moveit_cpp:/home/darkdemon/work/motor_control/install/small_arm_moveit_config:/home/darkdemon/work/motor_control/install/small_arm_description:/home/darkdemon/work/motor_control/install/visual:/home/darkdemon/work/motor_control/install/realsense:/home/darkdemon/work/motor_control/install/python_moveit2:/home/darkdemon/work/motor_control/install/map_tool:/home/darkdemon/work/motor_control/install/lidar_filter:/opt/ros/humble:/home/darkdemon/work/motor_control/install/python_moveit_interface:/home/darkdemon/work/motor_control/install/map_if:/home/darkdemon/work/motor_control/install/dynamixel_workbench:/home/darkdemon/work/motor_control/install/dynamixel_workbench_msgs LD_LIBRARY_PATH=/home/darkdemon/work/motor_control/install/dynamixel_hardware/lib:/home/darkdemon/work/motor_control/install/dynamixel_workbench_toolbox/lib:/home/darkdemon/work/motor_control/install/python_moveit_interface/lib:/home/darkdemon/work/motor_control/install/map_if/lib:/home/darkdemon/work/motor_control/install/dynamixel_workbench_msgs/lib:/opt/ros/humble/opt/rviz_ogre_vendor/lib:/opt/ros/humble/lib/x86_64-linux-gnu:/opt/ros/humble/lib:/usr/local/nvidia/lib:/usr/local/nvidia/lib64 /usr/bin/cmake --install /home/darkdemon/work/motor_control/build/small_arm_description
[1.862s] Level 1:colcon.colcon_core.environment:create_environment_scripts_only(small_arm_description)
[1.863s] Level 1:colcon.colcon_core.environment:checking '/home/darkdemon/work/motor_control/install/small_arm_description' for CMake module files
[1.864s] DEBUG:colcon.colcon_core.event_handler.log_command:Invoked command in '/home/darkdemon/work/motor_control/build/small_arm_description' returned '0': CMAKE_PREFIX_PATH=/home/darkdemon/work/motor_control/install/dynamixel_hardware:/home/darkdemon/work/motor_control/install/dynamixel_workbench_toolbox:/home/darkdemon/work/motor_control/install/small_arm_moveit_cpp:/home/darkdemon/work/motor_control/install/small_arm_moveit_config:/home/darkdemon/work/motor_control/install/small_arm_description:/home/darkdemon/work/motor_control/install/visual:/home/darkdemon/work/motor_control/install/realsense:/home/darkdemon/work/motor_control/install/python_moveit2:/home/darkdemon/work/motor_control/install/map_tool:/home/darkdemon/work/motor_control/install/lidar_filter:/opt/ros/humble:/home/darkdemon/work/motor_control/install/python_moveit_interface:/home/darkdemon/work/motor_control/install/map_if:/home/darkdemon/work/motor_control/install/dynamixel_workbench:/home/darkdemon/work/motor_control/install/dynamixel_workbench_msgs LD_LIBRARY_PATH=/home/darkdemon/work/motor_control/install/dynamixel_hardware/lib:/home/darkdemon/work/motor_control/install/dynamixel_workbench_toolbox/lib:/home/darkdemon/work/motor_control/install/python_moveit_interface/lib:/home/darkdemon/work/motor_control/install/map_if/lib:/home/darkdemon/work/motor_control/install/dynamixel_workbench_msgs/lib:/opt/ros/humble/opt/rviz_ogre_vendor/lib:/opt/ros/humble/lib/x86_64-linux-gnu:/opt/ros/humble/lib:/usr/local/nvidia/lib:/usr/local/nvidia/lib64 /usr/bin/cmake --install /home/darkdemon/work/motor_control/build/small_arm_description
[1.864s] Level 1:colcon.colcon_core.environment:checking '/home/darkdemon/work/motor_control/install/small_arm_description' for CMake config files
[1.865s] Level 1:colcon.colcon_core.shell:create_environment_hook('small_arm_description', 'cmake_prefix_path')
[1.865s] INFO:colcon.colcon_core.shell:Creating environment hook '/home/darkdemon/work/motor_control/install/small_arm_description/share/small_arm_description/hook/cmake_prefix_path.ps1'
[1.866s] INFO:colcon.colcon_core.shell:Creating environment descriptor '/home/darkdemon/work/motor_control/install/small_arm_description/share/small_arm_description/hook/cmake_prefix_path.dsv'
[1.866s] INFO:colcon.colcon_core.shell:Creating environment hook '/home/darkdemon/work/motor_control/install/small_arm_description/share/small_arm_description/hook/cmake_prefix_path.sh'
[1.867s] Level 1:colcon.colcon_core.environment:checking '/home/darkdemon/work/motor_control/install/small_arm_description/bin'
[1.867s] Level 1:colcon.colcon_core.environment:checking '/home/darkdemon/work/motor_control/install/small_arm_description/lib/pkgconfig/small_arm_description.pc'
[1.867s] Level 1:colcon.colcon_core.environment:checking '/home/darkdemon/work/motor_control/install/small_arm_description/lib/python3.10/site-packages'
[1.867s] Level 1:colcon.colcon_core.environment:checking '/home/darkdemon/work/motor_control/install/small_arm_description/bin'
[1.867s] INFO:colcon.colcon_core.shell:Creating package script '/home/darkdemon/work/motor_control/install/small_arm_description/share/small_arm_description/package.ps1'
[1.868s] INFO:colcon.colcon_core.shell:Creating package descriptor '/home/darkdemon/work/motor_control/install/small_arm_description/share/small_arm_description/package.dsv'
[1.869s] INFO:colcon.colcon_core.shell:Creating package script '/home/darkdemon/work/motor_control/install/small_arm_description/share/small_arm_description/package.sh'
[1.869s] INFO:colcon.colcon_core.shell:Creating package script '/home/darkdemon/work/motor_control/install/small_arm_description/share/small_arm_description/package.bash'
[1.870s] INFO:colcon.colcon_core.shell:Creating package script '/home/darkdemon/work/motor_control/install/small_arm_description/share/small_arm_description/package.zsh'
[1.870s] Level 1:colcon.colcon_core.environment:create_file_with_runtime_dependencies(/home/darkdemon/work/motor_control/install/small_arm_description/share/colcon-core/packages/small_arm_description)
[1.871s] Level 1:colcon.colcon_core.environment:create_environment_scripts_only(small_arm_description)
[1.871s] Level 1:colcon.colcon_core.environment:checking '/home/darkdemon/work/motor_control/install/small_arm_description' for CMake module files
[1.872s] Level 1:colcon.colcon_core.environment:checking '/home/darkdemon/work/motor_control/install/small_arm_description' for CMake config files
[1.872s] Level 1:colcon.colcon_core.shell:create_environment_hook('small_arm_description', 'cmake_prefix_path')
[1.872s] INFO:colcon.colcon_core.shell:Creating environment hook '/home/darkdemon/work/motor_control/install/small_arm_description/share/small_arm_description/hook/cmake_prefix_path.ps1'
[1.873s] INFO:colcon.colcon_core.shell:Creating environment descriptor '/home/darkdemon/work/motor_control/install/small_arm_description/share/small_arm_description/hook/cmake_prefix_path.dsv'
[1.874s] INFO:colcon.colcon_core.shell:Creating environment hook '/home/darkdemon/work/motor_control/install/small_arm_description/share/small_arm_description/hook/cmake_prefix_path.sh'
[1.874s] Level 1:colcon.colcon_core.environment:checking '/home/darkdemon/work/motor_control/install/small_arm_description/bin'
[1.874s] Level 1:colcon.colcon_core.environment:checking '/home/darkdemon/work/motor_control/install/small_arm_description/lib/pkgconfig/small_arm_description.pc'
[1.875s] Level 1:colcon.colcon_core.environment:checking '/home/darkdemon/work/motor_control/install/small_arm_description/lib/python3.10/site-packages'
[1.875s] Level 1:colcon.colcon_core.environment:checking '/home/darkdemon/work/motor_control/install/small_arm_description/bin'
[1.875s] INFO:colcon.colcon_core.shell:Creating package script '/home/darkdemon/work/motor_control/install/small_arm_description/share/small_arm_description/package.ps1'
[1.876s] INFO:colcon.colcon_core.shell:Creating package descriptor '/home/darkdemon/work/motor_control/install/small_arm_description/share/small_arm_description/package.dsv'
[1.877s] INFO:colcon.colcon_core.shell:Creating package script '/home/darkdemon/work/motor_control/install/small_arm_description/share/small_arm_description/package.sh'
[1.877s] INFO:colcon.colcon_core.shell:Creating package script '/home/darkdemon/work/motor_control/install/small_arm_description/share/small_arm_description/package.bash'
[1.878s] INFO:colcon.colcon_core.shell:Creating package script '/home/darkdemon/work/motor_control/install/small_arm_description/share/small_arm_description/package.zsh'
[1.878s] Level 1:colcon.colcon_core.environment:create_file_with_runtime_dependencies(/home/darkdemon/work/motor_control/install/small_arm_description/share/colcon-core/packages/small_arm_description)
[1.879s] INFO:colcon.colcon_ros.task.ament_cmake.build:Building ROS package in '/home/darkdemon/work/motor_control/src/tb4_arm_ros2/small_arm_moveit_config' with build type 'ament_cmake'
[1.880s] INFO:colcon.colcon_cmake.task.cmake.build:Building CMake package in '/home/darkdemon/work/motor_control/src/tb4_arm_ros2/small_arm_moveit_config'
[1.880s] INFO:colcon.colcon_core.shell:Skip shell extension 'powershell' for command environment: Not usable outside of PowerShell
[1.880s] DEBUG:colcon.colcon_core.shell:Skip shell extension 'dsv' for command environment
[1.895s] DEBUG:colcon.colcon_core.event_handler.log_command:Invoking command in '/home/darkdemon/work/motor_control/build/small_arm_moveit_config': CMAKE_PREFIX_PATH=/home/darkdemon/work/motor_control/install/small_arm_description:/home/darkdemon/work/motor_control/install/dynamixel_hardware:/home/darkdemon/work/motor_control/install/dynamixel_workbench_toolbox:/home/darkdemon/work/motor_control/install/small_arm_moveit_cpp:/home/darkdemon/work/motor_control/install/small_arm_moveit_config:/home/darkdemon/work/motor_control/install/visual:/home/darkdemon/work/motor_control/install/realsense:/home/darkdemon/work/motor_control/install/python_moveit2:/home/darkdemon/work/motor_control/install/map_tool:/home/darkdemon/work/motor_control/install/lidar_filter:/opt/ros/humble:/home/darkdemon/work/motor_control/install/python_moveit_interface:/home/darkdemon/work/motor_control/install/map_if:/home/darkdemon/work/motor_control/install/dynamixel_workbench:/home/darkdemon/work/motor_control/install/dynamixel_workbench_msgs LD_LIBRARY_PATH=/home/darkdemon/work/motor_control/install/dynamixel_hardware/lib:/home/darkdemon/work/motor_control/install/dynamixel_workbench_toolbox/lib:/home/darkdemon/work/motor_control/install/python_moveit_interface/lib:/home/darkdemon/work/motor_control/install/map_if/lib:/home/darkdemon/work/motor_control/install/dynamixel_workbench_msgs/lib:/opt/ros/humble/opt/rviz_ogre_vendor/lib:/opt/ros/humble/lib/x86_64-linux-gnu:/opt/ros/humble/lib:/usr/local/nvidia/lib:/usr/local/nvidia/lib64 /usr/bin/cmake --build /home/darkdemon/work/motor_control/build/small_arm_moveit_config -- -j20 -l20
[1.939s] DEBUG:colcon.colcon_core.event_handler.log_command:Invoked command in '/home/darkdemon/work/motor_control/build/small_arm_moveit_config' returned '0': CMAKE_PREFIX_PATH=/home/darkdemon/work/motor_control/install/small_arm_description:/home/darkdemon/work/motor_control/install/dynamixel_hardware:/home/darkdemon/work/motor_control/install/dynamixel_workbench_toolbox:/home/darkdemon/work/motor_control/install/small_arm_moveit_cpp:/home/darkdemon/work/motor_control/install/small_arm_moveit_config:/home/darkdemon/work/motor_control/install/visual:/home/darkdemon/work/motor_control/install/realsense:/home/darkdemon/work/motor_control/install/python_moveit2:/home/darkdemon/work/motor_control/install/map_tool:/home/darkdemon/work/motor_control/install/lidar_filter:/opt/ros/humble:/home/darkdemon/work/motor_control/install/python_moveit_interface:/home/darkdemon/work/motor_control/install/map_if:/home/darkdemon/work/motor_control/install/dynamixel_workbench:/home/darkdemon/work/motor_control/install/dynamixel_workbench_msgs LD_LIBRARY_PATH=/home/darkdemon/work/motor_control/install/dynamixel_hardware/lib:/home/darkdemon/work/motor_control/install/dynamixel_workbench_toolbox/lib:/home/darkdemon/work/motor_control/install/python_moveit_interface/lib:/home/darkdemon/work/motor_control/install/map_if/lib:/home/darkdemon/work/motor_control/install/dynamixel_workbench_msgs/lib:/opt/ros/humble/opt/rviz_ogre_vendor/lib:/opt/ros/humble/lib/x86_64-linux-gnu:/opt/ros/humble/lib:/usr/local/nvidia/lib:/usr/local/nvidia/lib64 /usr/bin/cmake --build /home/darkdemon/work/motor_control/build/small_arm_moveit_config -- -j20 -l20
[1.941s] DEBUG:colcon.colcon_core.event_handler.log_command:Invoking command in '/home/darkdemon/work/motor_control/build/small_arm_moveit_config': CMAKE_PREFIX_PATH=/home/darkdemon/work/motor_control/install/small_arm_description:/home/darkdemon/work/motor_control/install/dynamixel_hardware:/home/darkdemon/work/motor_control/install/dynamixel_workbench_toolbox:/home/darkdemon/work/motor_control/install/small_arm_moveit_cpp:/home/darkdemon/work/motor_control/install/small_arm_moveit_config:/home/darkdemon/work/motor_control/install/visual:/home/darkdemon/work/motor_control/install/realsense:/home/darkdemon/work/motor_control/install/python_moveit2:/home/darkdemon/work/motor_control/install/map_tool:/home/darkdemon/work/motor_control/install/lidar_filter:/opt/ros/humble:/home/darkdemon/work/motor_control/install/python_moveit_interface:/home/darkdemon/work/motor_control/install/map_if:/home/darkdemon/work/motor_control/install/dynamixel_workbench:/home/darkdemon/work/motor_control/install/dynamixel_workbench_msgs LD_LIBRARY_PATH=/home/darkdemon/work/motor_control/install/dynamixel_hardware/lib:/home/darkdemon/work/motor_control/install/dynamixel_workbench_toolbox/lib:/home/darkdemon/work/motor_control/install/python_moveit_interface/lib:/home/darkdemon/work/motor_control/install/map_if/lib:/home/darkdemon/work/motor_control/install/dynamixel_workbench_msgs/lib:/opt/ros/humble/opt/rviz_ogre_vendor/lib:/opt/ros/humble/lib/x86_64-linux-gnu:/opt/ros/humble/lib:/usr/local/nvidia/lib:/usr/local/nvidia/lib64 /usr/bin/cmake --install /home/darkdemon/work/motor_control/build/small_arm_moveit_config
[1.956s] Level 1:colcon.colcon_core.environment:create_environment_scripts_only(small_arm_moveit_config)
[1.957s] Level 1:colcon.colcon_core.environment:checking '/home/darkdemon/work/motor_control/install/small_arm_moveit_config' for CMake module files
[1.958s] Level 1:colcon.colcon_core.environment:checking '/home/darkdemon/work/motor_control/install/small_arm_moveit_config' for CMake config files
[1.959s] DEBUG:colcon.colcon_core.event_handler.log_command:Invoking command in '/home/darkdemon/work/motor_control/src/realsense': PYTHONPATH=/home/darkdemon/work/motor_control/build/realsense/prefix_override:/usr/lib/python3/dist-packages/colcon_core/task/python/colcon_distutils_commands:/home/darkdemon/work/motor_control/install/realsense/lib/python3.10/site-packages:${PYTHONPATH} /usr/bin/python3 -W ignore:setup.py install is deprecated -W ignore:easy_install command is deprecated setup.py egg_info --egg-base ../../build/realsense build --build-base /home/darkdemon/work/motor_control/build/realsense/build install --record /home/darkdemon/work/motor_control/build/realsense/install.log --single-version-externally-managed install_data
[1.960s] DEBUG:colcon.colcon_core.event_handler.log_command:Invoked command in '/home/darkdemon/work/motor_control/build/small_arm_moveit_config' returned '0': CMAKE_PREFIX_PATH=/home/darkdemon/work/motor_control/install/small_arm_description:/home/darkdemon/work/motor_control/install/dynamixel_hardware:/home/darkdemon/work/motor_control/install/dynamixel_workbench_toolbox:/home/darkdemon/work/motor_control/install/small_arm_moveit_cpp:/home/darkdemon/work/motor_control/install/small_arm_moveit_config:/home/darkdemon/work/motor_control/install/visual:/home/darkdemon/work/motor_control/install/realsense:/home/darkdemon/work/motor_control/install/python_moveit2:/home/darkdemon/work/motor_control/install/map_tool:/home/darkdemon/work/motor_control/install/lidar_filter:/opt/ros/humble:/home/darkdemon/work/motor_control/install/python_moveit_interface:/home/darkdemon/work/motor_control/install/map_if:/home/darkdemon/work/motor_control/install/dynamixel_workbench:/home/darkdemon/work/motor_control/install/dynamixel_workbench_msgs LD_LIBRARY_PATH=/home/darkdemon/work/motor_control/install/dynamixel_hardware/lib:/home/darkdemon/work/motor_control/install/dynamixel_workbench_toolbox/lib:/home/darkdemon/work/motor_control/install/python_moveit_interface/lib:/home/darkdemon/work/motor_control/install/map_if/lib:/home/darkdemon/work/motor_control/install/dynamixel_workbench_msgs/lib:/opt/ros/humble/opt/rviz_ogre_vendor/lib:/opt/ros/humble/lib/x86_64-linux-gnu:/opt/ros/humble/lib:/usr/local/nvidia/lib:/usr/local/nvidia/lib64 /usr/bin/cmake --install /home/darkdemon/work/motor_control/build/small_arm_moveit_config
[1.960s] Level 1:colcon.colcon_core.shell:create_environment_hook('small_arm_moveit_config', 'cmake_prefix_path')
[1.961s] INFO:colcon.colcon_core.shell:Creating environment hook '/home/darkdemon/work/motor_control/install/small_arm_moveit_config/share/small_arm_moveit_config/hook/cmake_prefix_path.ps1'
[1.961s] INFO:colcon.colcon_core.shell:Creating environment descriptor '/home/darkdemon/work/motor_control/install/small_arm_moveit_config/share/small_arm_moveit_config/hook/cmake_prefix_path.dsv'
[1.962s] INFO:colcon.colcon_core.shell:Creating environment hook '/home/darkdemon/work/motor_control/install/small_arm_moveit_config/share/small_arm_moveit_config/hook/cmake_prefix_path.sh'
[1.963s] Level 1:colcon.colcon_core.environment:checking '/home/darkdemon/work/motor_control/install/small_arm_moveit_config/bin'
[1.963s] Level 1:colcon.colcon_core.environment:checking '/home/darkdemon/work/motor_control/install/small_arm_moveit_config/lib/pkgconfig/small_arm_moveit_config.pc'
[1.963s] Level 1:colcon.colcon_core.environment:checking '/home/darkdemon/work/motor_control/install/small_arm_moveit_config/lib/python3.10/site-packages'
[1.963s] Level 1:colcon.colcon_core.environment:checking '/home/darkdemon/work/motor_control/install/small_arm_moveit_config/bin'
[1.963s] INFO:colcon.colcon_core.shell:Creating package script '/home/darkdemon/work/motor_control/install/small_arm_moveit_config/share/small_arm_moveit_config/package.ps1'
[1.964s] INFO:colcon.colcon_core.shell:Creating package descriptor '/home/darkdemon/work/motor_control/install/small_arm_moveit_config/share/small_arm_moveit_config/package.dsv'
[1.964s] INFO:colcon.colcon_core.shell:Creating package script '/home/darkdemon/work/motor_control/install/small_arm_moveit_config/share/small_arm_moveit_config/package.sh'
[1.965s] INFO:colcon.colcon_core.shell:Creating package script '/home/darkdemon/work/motor_control/install/small_arm_moveit_config/share/small_arm_moveit_config/package.bash'
[1.965s] INFO:colcon.colcon_core.shell:Creating package script '/home/darkdemon/work/motor_control/install/small_arm_moveit_config/share/small_arm_moveit_config/package.zsh'
[1.965s] Level 1:colcon.colcon_core.environment:create_file_with_runtime_dependencies(/home/darkdemon/work/motor_control/install/small_arm_moveit_config/share/colcon-core/packages/small_arm_moveit_config)
[1.965s] Level 1:colcon.colcon_core.environment:create_environment_scripts_only(small_arm_moveit_config)
[1.966s] Level 1:colcon.colcon_core.environment:checking '/home/darkdemon/work/motor_control/install/small_arm_moveit_config' for CMake module files
[1.966s] Level 1:colcon.colcon_core.environment:checking '/home/darkdemon/work/motor_control/install/small_arm_moveit_config' for CMake config files
[1.967s] Level 1:colcon.colcon_core.shell:create_environment_hook('small_arm_moveit_config', 'cmake_prefix_path')
[1.967s] INFO:colcon.colcon_core.shell:Creating environment hook '/home/darkdemon/work/motor_control/install/small_arm_moveit_config/share/small_arm_moveit_config/hook/cmake_prefix_path.ps1'
[1.968s] INFO:colcon.colcon_core.shell:Creating environment descriptor '/home/darkdemon/work/motor_control/install/small_arm_moveit_config/share/small_arm_moveit_config/hook/cmake_prefix_path.dsv'
[1.968s] INFO:colcon.colcon_core.shell:Creating environment hook '/home/darkdemon/work/motor_control/install/small_arm_moveit_config/share/small_arm_moveit_config/hook/cmake_prefix_path.sh'
[1.969s] Level 1:colcon.colcon_core.environment:checking '/home/darkdemon/work/motor_control/install/small_arm_moveit_config/bin'
[1.969s] Level 1:colcon.colcon_core.environment:checking '/home/darkdemon/work/motor_control/install/small_arm_moveit_config/lib/pkgconfig/small_arm_moveit_config.pc'
[1.969s] Level 1:colcon.colcon_core.environment:checking '/home/darkdemon/work/motor_control/install/small_arm_moveit_config/lib/python3.10/site-packages'
[1.969s] Level 1:colcon.colcon_core.environment:checking '/home/darkdemon/work/motor_control/install/small_arm_moveit_config/bin'
[1.969s] INFO:colcon.colcon_core.shell:Creating package script '/home/darkdemon/work/motor_control/install/small_arm_moveit_config/share/small_arm_moveit_config/package.ps1'
[1.970s] INFO:colcon.colcon_core.shell:Creating package descriptor '/home/darkdemon/work/motor_control/install/small_arm_moveit_config/share/small_arm_moveit_config/package.dsv'
[1.970s] INFO:colcon.colcon_core.shell:Creating package script '/home/darkdemon/work/motor_control/install/small_arm_moveit_config/share/small_arm_moveit_config/package.sh'
[1.970s] INFO:colcon.colcon_core.shell:Creating package script '/home/darkdemon/work/motor_control/install/small_arm_moveit_config/share/small_arm_moveit_config/package.bash'
[1.971s] INFO:colcon.colcon_core.shell:Creating package script '/home/darkdemon/work/motor_control/install/small_arm_moveit_config/share/small_arm_moveit_config/package.zsh'
[1.971s] Level 1:colcon.colcon_core.environment:create_file_with_runtime_dependencies(/home/darkdemon/work/motor_control/install/small_arm_moveit_config/share/colcon-core/packages/small_arm_moveit_config)
[2.017s] DEBUG:colcon.colcon_core.event_handler.log_command:Invoking command in '/home/darkdemon/work/motor_control/src/RobotSot/src/visual': PYTHONPATH=/home/darkdemon/work/motor_control/build/visual/prefix_override:/usr/lib/python3/dist-packages/colcon_core/task/python/colcon_distutils_commands:/home/darkdemon/work/motor_control/install/visual/lib/python3.10/site-packages:${PYTHONPATH} /usr/bin/python3 -W ignore:setup.py install is deprecated -W ignore:easy_install command is deprecated setup.py egg_info --egg-base ../../../../build/visual build --build-base /home/darkdemon/work/motor_control/build/visual/build install --record /home/darkdemon/work/motor_control/build/visual/install.log --single-version-externally-managed install_data
[2.026s] DEBUG:colcon.colcon_core.event_handler.log_command:Invoking command in '/home/darkdemon/work/motor_control/src/tb4_arm_ros2/python_moveit2': PYTHONPATH=/home/darkdemon/work/motor_control/build/python_moveit2/prefix_override:/usr/lib/python3/dist-packages/colcon_core/task/python/colcon_distutils_commands:/home/darkdemon/work/motor_control/install/python_moveit2/lib/python3.10/site-packages:${PYTHONPATH} /usr/bin/python3 -W ignore:setup.py install is deprecated -W ignore:easy_install command is deprecated setup.py egg_info --egg-base ../../../build/python_moveit2 build --build-base /home/darkdemon/work/motor_control/build/python_moveit2/build install --record /home/darkdemon/work/motor_control/build/python_moveit2/install.log --single-version-externally-managed install_data
[2.075s] DEBUG:colcon.colcon_core.event_handler.log_command:Invoking command in '/home/darkdemon/work/motor_control/src/RobotSot/src/lidar_filter': PYTHONPATH=/home/darkdemon/work/motor_control/build/lidar_filter/prefix_override:/usr/lib/python3/dist-packages/colcon_core/task/python/colcon_distutils_commands:/home/darkdemon/work/motor_control/install/lidar_filter/lib/python3.10/site-packages:${PYTHONPATH} /usr/bin/python3 -W ignore:setup.py install is deprecated -W ignore:easy_install command is deprecated setup.py egg_info --egg-base ../../../../build/lidar_filter build --build-base /home/darkdemon/work/motor_control/build/lidar_filter/build install --record /home/darkdemon/work/motor_control/build/lidar_filter/install.log --single-version-externally-managed install_data
[2.099s] DEBUG:colcon.colcon_core.event_handler.log_command:Invoking command in '/home/darkdemon/work/motor_control/src/RobotSot/src/map_tool': PYTHONPATH=/home/darkdemon/work/motor_control/build/map_tool/prefix_override:/usr/lib/python3/dist-packages/colcon_core/task/python/colcon_distutils_commands:/home/darkdemon/work/motor_control/install/map_tool/lib/python3.10/site-packages:${PYTHONPATH} /usr/bin/python3 -W ignore:setup.py install is deprecated -W ignore:easy_install command is deprecated setup.py egg_info --egg-base ../../../../build/map_tool build --build-base /home/darkdemon/work/motor_control/build/map_tool/build install --record /home/darkdemon/work/motor_control/build/map_tool/install.log --single-version-externally-managed install_data
[2.266s] Level 1:colcon.colcon_core.environment:checking '/home/darkdemon/work/motor_control/install/realsense' for CMake module files
[2.267s] DEBUG:colcon.colcon_core.event_handler.log_command:Invoked command in '/home/darkdemon/work/motor_control/src/realsense' returned '0': PYTHONPATH=/home/darkdemon/work/motor_control/build/realsense/prefix_override:/usr/lib/python3/dist-packages/colcon_core/task/python/colcon_distutils_commands:/home/darkdemon/work/motor_control/install/realsense/lib/python3.10/site-packages:${PYTHONPATH} /usr/bin/python3 -W ignore:setup.py install is deprecated -W ignore:easy_install command is deprecated setup.py egg_info --egg-base ../../build/realsense build --build-base /home/darkdemon/work/motor_control/build/realsense/build install --record /home/darkdemon/work/motor_control/build/realsense/install.log --single-version-externally-managed install_data
[2.267s] Level 1:colcon.colcon_core.environment:checking '/home/darkdemon/work/motor_control/install/realsense' for CMake config files
[2.268s] Level 1:colcon.colcon_core.environment:checking '/home/darkdemon/work/motor_control/install/realsense/lib'
[2.268s] Level 1:colcon.colcon_core.environment:checking '/home/darkdemon/work/motor_control/install/realsense/bin'
[2.268s] Level 1:colcon.colcon_core.environment:checking '/home/darkdemon/work/motor_control/install/realsense/lib/pkgconfig/realsense.pc'
[2.268s] Level 1:colcon.colcon_core.environment:checking '/home/darkdemon/work/motor_control/install/realsense/lib/python3.10/site-packages'
[2.268s] Level 1:colcon.colcon_core.shell:create_environment_hook('realsense', 'pythonpath')
[2.268s] INFO:colcon.colcon_core.shell:Creating environment hook '/home/darkdemon/work/motor_control/install/realsense/share/realsense/hook/pythonpath.ps1'
[2.269s] INFO:colcon.colcon_core.shell:Creating environment descriptor '/home/darkdemon/work/motor_control/install/realsense/share/realsense/hook/pythonpath.dsv'
[2.269s] INFO:colcon.colcon_core.shell:Creating environment hook '/home/darkdemon/work/motor_control/install/realsense/share/realsense/hook/pythonpath.sh'
[2.270s] Level 1:colcon.colcon_core.environment:checking '/home/darkdemon/work/motor_control/install/realsense/bin'
[2.270s] Level 1:colcon.colcon_core.environment:create_environment_scripts_only(realsense)
[2.270s] INFO:colcon.colcon_core.shell:Creating package script '/home/darkdemon/work/motor_control/install/realsense/share/realsense/package.ps1'
[2.271s] INFO:colcon.colcon_core.shell:Creating package descriptor '/home/darkdemon/work/motor_control/install/realsense/share/realsense/package.dsv'
[2.271s] INFO:colcon.colcon_core.shell:Creating package script '/home/darkdemon/work/motor_control/install/realsense/share/realsense/package.sh'
[2.272s] INFO:colcon.colcon_core.shell:Creating package script '/home/darkdemon/work/motor_control/install/realsense/share/realsense/package.bash'
[2.272s] INFO:colcon.colcon_core.shell:Creating package script '/home/darkdemon/work/motor_control/install/realsense/share/realsense/package.zsh'
[2.272s] Level 1:colcon.colcon_core.environment:create_file_with_runtime_dependencies(/home/darkdemon/work/motor_control/install/realsense/share/colcon-core/packages/realsense)
[2.299s] Level 1:colcon.colcon_core.environment:checking '/home/darkdemon/work/motor_control/install/visual' for CMake module files
[2.300s] DEBUG:colcon.colcon_core.event_handler.log_command:Invoked command in '/home/darkdemon/work/motor_control/src/RobotSot/src/visual' returned '0': PYTHONPATH=/home/darkdemon/work/motor_control/build/visual/prefix_override:/usr/lib/python3/dist-packages/colcon_core/task/python/colcon_distutils_commands:/home/darkdemon/work/motor_control/install/visual/lib/python3.10/site-packages:${PYTHONPATH} /usr/bin/python3 -W ignore:setup.py install is deprecated -W ignore:easy_install command is deprecated setup.py egg_info --egg-base ../../../../build/visual build --build-base /home/darkdemon/work/motor_control/build/visual/build install --record /home/darkdemon/work/motor_control/build/visual/install.log --single-version-externally-managed install_data
[2.300s] Level 1:colcon.colcon_core.environment:checking '/home/darkdemon/work/motor_control/install/visual' for CMake config files
[2.301s] Level 1:colcon.colcon_core.environment:checking '/home/darkdemon/work/motor_control/install/visual/lib'
[2.301s] Level 1:colcon.colcon_core.environment:checking '/home/darkdemon/work/motor_control/install/visual/bin'
[2.302s] Level 1:colcon.colcon_core.environment:checking '/home/darkdemon/work/motor_control/install/visual/lib/pkgconfig/visual.pc'
[2.302s] Level 1:colcon.colcon_core.environment:checking '/home/darkdemon/work/motor_control/install/visual/lib/python3.10/site-packages'
[2.302s] Level 1:colcon.colcon_core.shell:create_environment_hook('visual', 'pythonpath')
[2.302s] INFO:colcon.colcon_core.shell:Creating environment hook '/home/darkdemon/work/motor_control/install/visual/share/visual/hook/pythonpath.ps1'
[2.303s] INFO:colcon.colcon_core.shell:Creating environment descriptor '/home/darkdemon/work/motor_control/install/visual/share/visual/hook/pythonpath.dsv'
[2.304s] INFO:colcon.colcon_core.shell:Creating environment hook '/home/darkdemon/work/motor_control/install/visual/share/visual/hook/pythonpath.sh'
[2.305s] Level 1:colcon.colcon_core.environment:checking '/home/darkdemon/work/motor_control/install/visual/bin'
[2.305s] Level 1:colcon.colcon_core.environment:create_environment_scripts_only(visual)
[2.305s] INFO:colcon.colcon_core.shell:Creating package script '/home/darkdemon/work/motor_control/install/visual/share/visual/package.ps1'
[2.306s] INFO:colcon.colcon_core.shell:Creating package descriptor '/home/darkdemon/work/motor_control/install/visual/share/visual/package.dsv'
[2.307s] INFO:colcon.colcon_core.shell:Creating package script '/home/darkdemon/work/motor_control/install/visual/share/visual/package.sh'
[2.308s] INFO:colcon.colcon_core.shell:Creating package script '/home/darkdemon/work/motor_control/install/visual/share/visual/package.bash'
[2.308s] INFO:colcon.colcon_core.shell:Creating package script '/home/darkdemon/work/motor_control/install/visual/share/visual/package.zsh'
[2.308s] Level 1:colcon.colcon_core.environment:create_file_with_runtime_dependencies(/home/darkdemon/work/motor_control/install/visual/share/colcon-core/packages/visual)
[2.363s] Level 1:colcon.colcon_core.environment:checking '/home/darkdemon/work/motor_control/install/python_moveit2' for CMake module files
[2.363s] DEBUG:colcon.colcon_core.event_handler.log_command:Invoked command in '/home/darkdemon/work/motor_control/src/tb4_arm_ros2/python_moveit2' returned '0': PYTHONPATH=/home/darkdemon/work/motor_control/build/python_moveit2/prefix_override:/usr/lib/python3/dist-packages/colcon_core/task/python/colcon_distutils_commands:/home/darkdemon/work/motor_control/install/python_moveit2/lib/python3.10/site-packages:${PYTHONPATH} /usr/bin/python3 -W ignore:setup.py install is deprecated -W ignore:easy_install command is deprecated setup.py egg_info --egg-base ../../../build/python_moveit2 build --build-base /home/darkdemon/work/motor_control/build/python_moveit2/build install --record /home/darkdemon/work/motor_control/build/python_moveit2/install.log --single-version-externally-managed install_data
[2.364s] Level 1:colcon.colcon_core.environment:checking '/home/darkdemon/work/motor_control/install/python_moveit2' for CMake config files
[2.364s] Level 1:colcon.colcon_core.environment:checking '/home/darkdemon/work/motor_control/install/python_moveit2/lib'
[2.364s] Level 1:colcon.colcon_core.environment:checking '/home/darkdemon/work/motor_control/install/python_moveit2/bin'
[2.364s] Level 1:colcon.colcon_core.environment:checking '/home/darkdemon/work/motor_control/install/python_moveit2/lib/pkgconfig/python_moveit2.pc'
[2.365s] Level 1:colcon.colcon_core.environment:checking '/home/darkdemon/work/motor_control/install/python_moveit2/lib/python3.10/site-packages'
[2.365s] Level 1:colcon.colcon_core.shell:create_environment_hook('python_moveit2', 'pythonpath')
[2.365s] INFO:colcon.colcon_core.shell:Creating environment hook '/home/darkdemon/work/motor_control/install/python_moveit2/share/python_moveit2/hook/pythonpath.ps1'
[2.366s] INFO:colcon.colcon_core.shell:Creating environment descriptor '/home/darkdemon/work/motor_control/install/python_moveit2/share/python_moveit2/hook/pythonpath.dsv'
[2.366s] INFO:colcon.colcon_core.shell:Creating environment hook '/home/darkdemon/work/motor_control/install/python_moveit2/share/python_moveit2/hook/pythonpath.sh'
[2.367s] Level 1:colcon.colcon_core.environment:checking '/home/darkdemon/work/motor_control/install/python_moveit2/bin'
[2.367s] Level 1:colcon.colcon_core.environment:create_environment_scripts_only(python_moveit2)
[2.367s] INFO:colcon.colcon_core.shell:Creating package script '/home/darkdemon/work/motor_control/install/python_moveit2/share/python_moveit2/package.ps1'
[2.368s] INFO:colcon.colcon_core.shell:Creating package descriptor '/home/darkdemon/work/motor_control/install/python_moveit2/share/python_moveit2/package.dsv'
[2.368s] INFO:colcon.colcon_core.shell:Creating package script '/home/darkdemon/work/motor_control/install/python_moveit2/share/python_moveit2/package.sh'
[2.369s] INFO:colcon.colcon_core.shell:Creating package script '/home/darkdemon/work/motor_control/install/python_moveit2/share/python_moveit2/package.bash'
[2.369s] INFO:colcon.colcon_core.shell:Creating package script '/home/darkdemon/work/motor_control/install/python_moveit2/share/python_moveit2/package.zsh'
[2.369s] Level 1:colcon.colcon_core.environment:create_file_with_runtime_dependencies(/home/darkdemon/work/motor_control/install/python_moveit2/share/colcon-core/packages/python_moveit2)
[2.408s] Level 1:colcon.colcon_core.environment:checking '/home/darkdemon/work/motor_control/install/map_tool' for CMake module files
[2.409s] DEBUG:colcon.colcon_core.event_handler.log_command:Invoked command in '/home/darkdemon/work/motor_control/src/RobotSot/src/map_tool' returned '0': PYTHONPATH=/home/darkdemon/work/motor_control/build/map_tool/prefix_override:/usr/lib/python3/dist-packages/colcon_core/task/python/colcon_distutils_commands:/home/darkdemon/work/motor_control/install/map_tool/lib/python3.10/site-packages:${PYTHONPATH} /usr/bin/python3 -W ignore:setup.py install is deprecated -W ignore:easy_install command is deprecated setup.py egg_info --egg-base ../../../../build/map_tool build --build-base /home/darkdemon/work/motor_control/build/map_tool/build install --record /home/darkdemon/work/motor_control/build/map_tool/install.log --single-version-externally-managed install_data
[2.410s] Level 1:colcon.colcon_core.environment:checking '/home/darkdemon/work/motor_control/install/map_tool' for CMake config files
[2.410s] Level 1:colcon.colcon_core.environment:checking '/home/darkdemon/work/motor_control/install/map_tool/lib'
[2.410s] Level 1:colcon.colcon_core.environment:checking '/home/darkdemon/work/motor_control/install/map_tool/bin'
[2.410s] Level 1:colcon.colcon_core.environment:checking '/home/darkdemon/work/motor_control/install/map_tool/lib/pkgconfig/map_tool.pc'
[2.411s] Level 1:colcon.colcon_core.environment:checking '/home/darkdemon/work/motor_control/install/map_tool/lib/python3.10/site-packages'
[2.411s] Level 1:colcon.colcon_core.shell:create_environment_hook('map_tool', 'pythonpath')
[2.411s] INFO:colcon.colcon_core.shell:Creating environment hook '/home/darkdemon/work/motor_control/install/map_tool/share/map_tool/hook/pythonpath.ps1'
[2.412s] INFO:colcon.colcon_core.shell:Creating environment descriptor '/home/darkdemon/work/motor_control/install/map_tool/share/map_tool/hook/pythonpath.dsv'
[2.413s] INFO:colcon.colcon_core.shell:Creating environment hook '/home/darkdemon/work/motor_control/install/map_tool/share/map_tool/hook/pythonpath.sh'
[2.414s] Level 1:colcon.colcon_core.environment:checking '/home/darkdemon/work/motor_control/install/map_tool/bin'
[2.414s] Level 1:colcon.colcon_core.environment:create_environment_scripts_only(map_tool)
[2.414s] INFO:colcon.colcon_core.shell:Creating package script '/home/darkdemon/work/motor_control/install/map_tool/share/map_tool/package.ps1'
[2.415s] INFO:colcon.colcon_core.shell:Creating package descriptor '/home/darkdemon/work/motor_control/install/map_tool/share/map_tool/package.dsv'
[2.416s] INFO:colcon.colcon_core.shell:Creating package script '/home/darkdemon/work/motor_control/install/map_tool/share/map_tool/package.sh'
[2.416s] INFO:colcon.colcon_core.shell:Creating package script '/home/darkdemon/work/motor_control/install/map_tool/share/map_tool/package.bash'
[2.417s] INFO:colcon.colcon_core.shell:Creating package script '/home/darkdemon/work/motor_control/install/map_tool/share/map_tool/package.zsh'
[2.417s] Level 1:colcon.colcon_core.environment:create_file_with_runtime_dependencies(/home/darkdemon/work/motor_control/install/map_tool/share/colcon-core/packages/map_tool)
[2.433s] Level 1:colcon.colcon_core.environment:checking '/home/darkdemon/work/motor_control/install/lidar_filter' for CMake module files
[2.434s] DEBUG:colcon.colcon_core.event_handler.log_command:Invoked command in '/home/darkdemon/work/motor_control/src/RobotSot/src/lidar_filter' returned '0': PYTHONPATH=/home/darkdemon/work/motor_control/build/lidar_filter/prefix_override:/usr/lib/python3/dist-packages/colcon_core/task/python/colcon_distutils_commands:/home/darkdemon/work/motor_control/install/lidar_filter/lib/python3.10/site-packages:${PYTHONPATH} /usr/bin/python3 -W ignore:setup.py install is deprecated -W ignore:easy_install command is deprecated setup.py egg_info --egg-base ../../../../build/lidar_filter build --build-base /home/darkdemon/work/motor_control/build/lidar_filter/build install --record /home/darkdemon/work/motor_control/build/lidar_filter/install.log --single-version-externally-managed install_data
[2.434s] Level 1:colcon.colcon_core.environment:checking '/home/darkdemon/work/motor_control/install/lidar_filter' for CMake config files
[2.435s] Level 1:colcon.colcon_core.environment:checking '/home/darkdemon/work/motor_control/install/lidar_filter/lib'
[2.435s] Level 1:colcon.colcon_core.environment:checking '/home/darkdemon/work/motor_control/install/lidar_filter/bin'
[2.435s] Level 1:colcon.colcon_core.environment:checking '/home/darkdemon/work/motor_control/install/lidar_filter/lib/pkgconfig/lidar_filter.pc'
[2.436s] Level 1:colcon.colcon_core.environment:checking '/home/darkdemon/work/motor_control/install/lidar_filter/lib/python3.10/site-packages'
[2.436s] Level 1:colcon.colcon_core.shell:create_environment_hook('lidar_filter', 'pythonpath')
[2.436s] INFO:colcon.colcon_core.shell:Creating environment hook '/home/darkdemon/work/motor_control/install/lidar_filter/share/lidar_filter/hook/pythonpath.ps1'
[2.437s] INFO:colcon.colcon_core.shell:Creating environment descriptor '/home/darkdemon/work/motor_control/install/lidar_filter/share/lidar_filter/hook/pythonpath.dsv'
[2.437s] INFO:colcon.colcon_core.shell:Creating environment hook '/home/darkdemon/work/motor_control/install/lidar_filter/share/lidar_filter/hook/pythonpath.sh'
[2.438s] Level 1:colcon.colcon_core.environment:checking '/home/darkdemon/work/motor_control/install/lidar_filter/bin'
[2.438s] Level 1:colcon.colcon_core.environment:create_environment_scripts_only(lidar_filter)
[2.438s] INFO:colcon.colcon_core.shell:Creating package script '/home/darkdemon/work/motor_control/install/lidar_filter/share/lidar_filter/package.ps1'
[2.439s] INFO:colcon.colcon_core.shell:Creating package descriptor '/home/darkdemon/work/motor_control/install/lidar_filter/share/lidar_filter/package.dsv'
[2.439s] INFO:colcon.colcon_core.shell:Creating package script '/home/darkdemon/work/motor_control/install/lidar_filter/share/lidar_filter/package.sh'
[2.440s] INFO:colcon.colcon_core.shell:Creating package script '/home/darkdemon/work/motor_control/install/lidar_filter/share/lidar_filter/package.bash'
[2.440s] INFO:colcon.colcon_core.shell:Creating package script '/home/darkdemon/work/motor_control/install/lidar_filter/share/lidar_filter/package.zsh'
[2.440s] Level 1:colcon.colcon_core.environment:create_file_with_runtime_dependencies(/home/darkdemon/work/motor_control/install/lidar_filter/share/colcon-core/packages/lidar_filter)
[9.745s] DEBUG:colcon.colcon_core.event_handler.log_command:Invoked command in '/home/darkdemon/work/motor_control/build/small_arm_moveit_cpp' returned '0': CMAKE_PREFIX_PATH=/home/darkdemon/work/motor_control/install/small_arm_moveit_cpp:/home/darkdemon/work/motor_control/install/small_arm_moveit_config:/home/darkdemon/work/motor_control/install/small_arm_description:/home/darkdemon/work/motor_control/install/visual:/home/darkdemon/work/motor_control/install/realsense:/home/darkdemon/work/motor_control/install/python_moveit2:/home/darkdemon/work/motor_control/install/map_tool:/home/darkdemon/work/motor_control/install/lidar_filter:/opt/ros/humble:/home/darkdemon/work/motor_control/install/python_moveit_interface:/home/darkdemon/work/motor_control/install/map_if:/home/darkdemon/work/motor_control/install/dynamixel_workbench:/home/darkdemon/work/motor_control/install/dynamixel_hardware:/home/darkdemon/work/motor_control/install/dynamixel_workbench_toolbox:/home/darkdemon/work/motor_control/install/dynamixel_workbench_msgs /usr/bin/cmake --build /home/darkdemon/work/motor_control/build/small_arm_moveit_cpp -- -j20 -l20
[9.746s] DEBUG:colcon.colcon_core.event_handler.log_command:Invoking command in '/home/darkdemon/work/motor_control/build/small_arm_moveit_cpp': CMAKE_PREFIX_PATH=/home/darkdemon/work/motor_control/install/small_arm_moveit_cpp:/home/darkdemon/work/motor_control/install/small_arm_moveit_config:/home/darkdemon/work/motor_control/install/small_arm_description:/home/darkdemon/work/motor_control/install/visual:/home/darkdemon/work/motor_control/install/realsense:/home/darkdemon/work/motor_control/install/python_moveit2:/home/darkdemon/work/motor_control/install/map_tool:/home/darkdemon/work/motor_control/install/lidar_filter:/opt/ros/humble:/home/darkdemon/work/motor_control/install/python_moveit_interface:/home/darkdemon/work/motor_control/install/map_if:/home/darkdemon/work/motor_control/install/dynamixel_workbench:/home/darkdemon/work/motor_control/install/dynamixel_hardware:/home/darkdemon/work/motor_control/install/dynamixel_workbench_toolbox:/home/darkdemon/work/motor_control/install/dynamixel_workbench_msgs /usr/bin/cmake --install /home/darkdemon/work/motor_control/build/small_arm_moveit_cpp
[9.760s] Level 1:colcon.colcon_core.environment:create_environment_scripts_only(small_arm_moveit_cpp)
[9.760s] Level 1:colcon.colcon_core.environment:checking '/home/darkdemon/work/motor_control/install/small_arm_moveit_cpp' for CMake module files
[9.760s] DEBUG:colcon.colcon_core.event_handler.log_command:Invoked command in '/home/darkdemon/work/motor_control/build/small_arm_moveit_cpp' returned '0': CMAKE_PREFIX_PATH=/home/darkdemon/work/motor_control/install/small_arm_moveit_cpp:/home/darkdemon/work/motor_control/install/small_arm_moveit_config:/home/darkdemon/work/motor_control/install/small_arm_description:/home/darkdemon/work/motor_control/install/visual:/home/darkdemon/work/motor_control/install/realsense:/home/darkdemon/work/motor_control/install/python_moveit2:/home/darkdemon/work/motor_control/install/map_tool:/home/darkdemon/work/motor_control/install/lidar_filter:/opt/ros/humble:/home/darkdemon/work/motor_control/install/python_moveit_interface:/home/darkdemon/work/motor_control/install/map_if:/home/darkdemon/work/motor_control/install/dynamixel_workbench:/home/darkdemon/work/motor_control/install/dynamixel_hardware:/home/darkdemon/work/motor_control/install/dynamixel_workbench_toolbox:/home/darkdemon/work/motor_control/install/dynamixel_workbench_msgs /usr/bin/cmake --install /home/darkdemon/work/motor_control/build/small_arm_moveit_cpp
[9.761s] Level 1:colcon.colcon_core.environment:checking '/home/darkdemon/work/motor_control/install/small_arm_moveit_cpp' for CMake config files
[9.761s] Level 1:colcon.colcon_core.shell:create_environment_hook('small_arm_moveit_cpp', 'cmake_prefix_path')
[9.761s] INFO:colcon.colcon_core.shell:Creating environment hook '/home/darkdemon/work/motor_control/install/small_arm_moveit_cpp/share/small_arm_moveit_cpp/hook/cmake_prefix_path.ps1'
[9.762s] INFO:colcon.colcon_core.shell:Creating environment descriptor '/home/darkdemon/work/motor_control/install/small_arm_moveit_cpp/share/small_arm_moveit_cpp/hook/cmake_prefix_path.dsv'
[9.762s] INFO:colcon.colcon_core.shell:Creating environment hook '/home/darkdemon/work/motor_control/install/small_arm_moveit_cpp/share/small_arm_moveit_cpp/hook/cmake_prefix_path.sh'
[9.763s] Level 1:colcon.colcon_core.environment:checking '/home/darkdemon/work/motor_control/install/small_arm_moveit_cpp/lib'
[9.763s] Level 1:colcon.colcon_core.environment:checking '/home/darkdemon/work/motor_control/install/small_arm_moveit_cpp/bin'
[9.763s] Level 1:colcon.colcon_core.environment:checking '/home/darkdemon/work/motor_control/install/small_arm_moveit_cpp/lib/pkgconfig/small_arm_moveit_cpp.pc'
[9.763s] Level 1:colcon.colcon_core.environment:checking '/home/darkdemon/work/motor_control/install/small_arm_moveit_cpp/lib/python3.10/site-packages'
[9.764s] Level 1:colcon.colcon_core.environment:checking '/home/darkdemon/work/motor_control/install/small_arm_moveit_cpp/bin'
[9.764s] INFO:colcon.colcon_core.shell:Creating package script '/home/darkdemon/work/motor_control/install/small_arm_moveit_cpp/share/small_arm_moveit_cpp/package.ps1'
[9.765s] INFO:colcon.colcon_core.shell:Creating package descriptor '/home/darkdemon/work/motor_control/install/small_arm_moveit_cpp/share/small_arm_moveit_cpp/package.dsv'
[9.765s] INFO:colcon.colcon_core.shell:Creating package script '/home/darkdemon/work/motor_control/install/small_arm_moveit_cpp/share/small_arm_moveit_cpp/package.sh'
[9.766s] INFO:colcon.colcon_core.shell:Creating package script '/home/darkdemon/work/motor_control/install/small_arm_moveit_cpp/share/small_arm_moveit_cpp/package.bash'
[9.766s] INFO:colcon.colcon_core.shell:Creating package script '/home/darkdemon/work/motor_control/install/small_arm_moveit_cpp/share/small_arm_moveit_cpp/package.zsh'
[9.767s] Level 1:colcon.colcon_core.environment:create_file_with_runtime_dependencies(/home/darkdemon/work/motor_control/install/small_arm_moveit_cpp/share/colcon-core/packages/small_arm_moveit_cpp)
[9.767s] Level 1:colcon.colcon_core.environment:create_environment_scripts_only(small_arm_moveit_cpp)
[9.768s] Level 1:colcon.colcon_core.environment:checking '/home/darkdemon/work/motor_control/install/small_arm_moveit_cpp' for CMake module files
[9.768s] Level 1:colcon.colcon_core.environment:checking '/home/darkdemon/work/motor_control/install/small_arm_moveit_cpp' for CMake config files
[9.768s] Level 1:colcon.colcon_core.shell:create_environment_hook('small_arm_moveit_cpp', 'cmake_prefix_path')
[9.768s] INFO:colcon.colcon_core.shell:Creating environment hook '/home/darkdemon/work/motor_control/install/small_arm_moveit_cpp/share/small_arm_moveit_cpp/hook/cmake_prefix_path.ps1'
[9.769s] INFO:colcon.colcon_core.shell:Creating environment descriptor '/home/darkdemon/work/motor_control/install/small_arm_moveit_cpp/share/small_arm_moveit_cpp/hook/cmake_prefix_path.dsv'
[9.769s] INFO:colcon.colcon_core.shell:Creating environment hook '/home/darkdemon/work/motor_control/install/small_arm_moveit_cpp/share/small_arm_moveit_cpp/hook/cmake_prefix_path.sh'
[9.769s] Level 1:colcon.colcon_core.environment:checking '/home/darkdemon/work/motor_control/install/small_arm_moveit_cpp/lib'
[9.769s] Level 1:colcon.colcon_core.environment:checking '/home/darkdemon/work/motor_control/install/small_arm_moveit_cpp/bin'
[9.769s] Level 1:colcon.colcon_core.environment:checking '/home/darkdemon/work/motor_control/install/small_arm_moveit_cpp/lib/pkgconfig/small_arm_moveit_cpp.pc'
[9.770s] Level 1:colcon.colcon_core.environment:checking '/home/darkdemon/work/motor_control/install/small_arm_moveit_cpp/lib/python3.10/site-packages'
[9.770s] Level 1:colcon.colcon_core.environment:checking '/home/darkdemon/work/motor_control/install/small_arm_moveit_cpp/bin'
[9.770s] INFO:colcon.colcon_core.shell:Creating package script '/home/darkdemon/work/motor_control/install/small_arm_moveit_cpp/share/small_arm_moveit_cpp/package.ps1'
[9.770s] INFO:colcon.colcon_core.shell:Creating package descriptor '/home/darkdemon/work/motor_control/install/small_arm_moveit_cpp/share/small_arm_moveit_cpp/package.dsv'
[9.771s] INFO:colcon.colcon_core.shell:Creating package script '/home/darkdemon/work/motor_control/install/small_arm_moveit_cpp/share/small_arm_moveit_cpp/package.sh'
[9.771s] INFO:colcon.colcon_core.shell:Creating package script '/home/darkdemon/work/motor_control/install/small_arm_moveit_cpp/share/small_arm_moveit_cpp/package.bash'
[9.771s] INFO:colcon.colcon_core.shell:Creating package script '/home/darkdemon/work/motor_control/install/small_arm_moveit_cpp/share/small_arm_moveit_cpp/package.zsh'
[9.771s] Level 1:colcon.colcon_core.environment:create_file_with_runtime_dependencies(/home/darkdemon/work/motor_control/install/small_arm_moveit_cpp/share/colcon-core/packages/small_arm_moveit_cpp)
[9.772s] DEBUG:colcon.colcon_parallel_executor.executor.parallel:closing loop
[9.772s] DEBUG:colcon.colcon_parallel_executor.executor.parallel:loop closed
[9.772s] DEBUG:colcon.colcon_parallel_executor.executor.parallel:run_until_complete finished with '0'
[9.772s] DEBUG:colcon.colcon_core.event_reactor:joining thread
[9.778s] INFO:colcon.colcon_core.plugin_system:Skipping extension 'colcon_notification.desktop_notification.notify_send': Could not find 'notify-send'
[9.778s] INFO:colcon.colcon_core.plugin_system:Skipping extension 'colcon_notification.desktop_notification.terminal_notifier': Not used on non-Darwin systems
[9.778s] INFO:colcon.colcon_core.plugin_system:Skipping extension 'colcon_notification.desktop_notification.win32': Not used on non-Windows systems
[9.778s] INFO:colcon.colcon_notification.desktop_notification:Sending desktop notification using 'notify2'
[9.780s] DEBUG:colcon.colcon_notification.desktop_notification.notify2:Failed to initialize notify2: org.freedesktop.DBus.Error.Spawn.ExecFailed: /usr/bin/dbus-launch terminated abnormally without any error message
[9.781s] DEBUG:colcon.colcon_core.event_reactor:joined thread
[9.781s] INFO:colcon.colcon_core.shell:Creating prefix script '/home/darkdemon/work/motor_control/install/local_setup.ps1'
[9.782s] INFO:colcon.colcon_core.shell:Creating prefix util module '/home/darkdemon/work/motor_control/install/_local_setup_util_ps1.py'
[9.783s] INFO:colcon.colcon_core.shell:Creating prefix chain script '/home/darkdemon/work/motor_control/install/setup.ps1'
[9.785s] INFO:colcon.colcon_core.shell:Creating prefix script '/home/darkdemon/work/motor_control/install/local_setup.sh'
[9.785s] INFO:colcon.colcon_core.shell:Creating prefix util module '/home/darkdemon/work/motor_control/install/_local_setup_util_sh.py'
[9.786s] INFO:colcon.colcon_core.shell:Creating prefix chain script '/home/darkdemon/work/motor_control/install/setup.sh'
[9.787s] INFO:colcon.colcon_core.shell:Creating prefix script '/home/darkdemon/work/motor_control/install/local_setup.bash'
[9.788s] INFO:colcon.colcon_core.shell:Creating prefix chain script '/home/darkdemon/work/motor_control/install/setup.bash'
[9.789s] INFO:colcon.colcon_core.shell:Creating prefix script '/home/darkdemon/work/motor_control/install/local_setup.zsh'
[9.789s] INFO:colcon.colcon_core.shell:Creating prefix chain script '/home/darkdemon/work/motor_control/install/setup.zsh'
