[0.158s] DEBUG:colcon:Command line arguments: ['/usr/bin/colcon', 'build']
[0.158s] DEBUG:colcon:Parsed command line arguments: Namespace(log_base=None, log_level=None, verb_name='build', build_base='build', install_base='install', merge_install=False, symlink_install=False, test_result_base=None, continue_on_error=False, executor='parallel', parallel_workers=20, event_handlers=None, ignore_user_meta=False, metas=['./colcon.meta'], base_paths=['.'], packages_ignore=None, packages_ignore_regex=None, paths=None, packages_up_to=None, packages_up_to_regex=None, packages_above=None, packages_above_and_dependencies=None, packages_above_depth=None, packages_select_by_dep=None, packages_skip_by_dep=None, packages_skip_up_to=None, packages_select_build_failed=False, packages_skip_build_finished=False, packages_select_test_failures=False, packages_skip_test_passed=False, packages_select=None, packages_skip=None, packages_select_regex=None, packages_skip_regex=None, packages_start=None, packages_end=None, cmake_args=None, cmake_target=None, cmake_target_skip_unavailable=False, cmake_clean_cache=False, cmake_clean_first=False, cmake_force_configure=False, ament_cmake_args=None, catkin_cmake_args=None, catkin_skip_building_tests=False, mixin_files=None, mixin=None, verb_parser=<colcon_mixin.mixin.mixin_argument.MixinArgumentDecorator object at 0x742a829cbe20>, verb_extension=<colcon_core.verb.build.BuildVerb object at 0x742a829cb790>, main=<bound method BuildVerb.main of <colcon_core.verb.build.BuildVerb object at 0x742a829cb790>>, mixin_verb=('build',))
[0.319s] Level 1:colcon.colcon_core.package_discovery:discover_packages(colcon_meta) check parameters
[0.319s] Level 1:colcon.colcon_core.package_discovery:discover_packages(recursive) check parameters
[0.319s] Level 1:colcon.colcon_core.package_discovery:discover_packages(ignore) check parameters
[0.319s] Level 1:colcon.colcon_core.package_discovery:discover_packages(path) check parameters
[0.319s] Level 1:colcon.colcon_core.package_discovery:discover_packages(colcon_meta) discover
[0.319s] Level 1:colcon.colcon_core.package_discovery:discover_packages(recursive) discover
[0.319s] INFO:colcon.colcon_core.package_discovery:Crawling recursively for packages in '/home/darkdemon/work/motor_control'
[0.319s] Level 1:colcon.colcon_core.package_identification:_identify(.) by extensions ['ignore', 'ignore_ament_install']
[0.319s] Level 1:colcon.colcon_core.package_identification:_identify(.) by extension 'ignore'
[0.320s] Level 1:colcon.colcon_core.package_identification:_identify(.) by extension 'ignore_ament_install'
[0.320s] Level 1:colcon.colcon_core.package_identification:_identify(.) by extensions ['colcon_pkg']
[0.320s] Level 1:colcon.colcon_core.package_identification:_identify(.) by extension 'colcon_pkg'
[0.320s] Level 1:colcon.colcon_core.package_identification:_identify(.) by extensions ['colcon_meta']
[0.320s] Level 1:colcon.colcon_core.package_identification:_identify(.) by extension 'colcon_meta'
[0.320s] Level 1:colcon.colcon_core.package_identification:_identify(.) by extensions ['ros']
[0.320s] Level 1:colcon.colcon_core.package_identification:_identify(.) by extension 'ros'
[0.332s] Level 1:colcon.colcon_core.package_identification:_identify(.) by extensions ['cmake', 'python']
[0.332s] Level 1:colcon.colcon_core.package_identification:_identify(.) by extension 'cmake'
[0.333s] Level 1:colcon.colcon_core.package_identification:_identify(.) by extension 'python'
[0.333s] Level 1:colcon.colcon_core.package_identification:_identify(.) by extensions ['python_setup_py']
[0.333s] Level 1:colcon.colcon_core.package_identification:_identify(.) by extension 'python_setup_py'
[0.333s] Level 1:colcon.colcon_core.package_identification:_identify(build) by extensions ['ignore', 'ignore_ament_install']
[0.333s] Level 1:colcon.colcon_core.package_identification:_identify(build) by extension 'ignore'
[0.333s] Level 1:colcon.colcon_core.package_identification:_identify(build) ignored
[0.333s] Level 1:colcon.colcon_core.package_identification:_identify(install) by extensions ['ignore', 'ignore_ament_install']
[0.333s] Level 1:colcon.colcon_core.package_identification:_identify(install) by extension 'ignore'
[0.333s] Level 1:colcon.colcon_core.package_identification:_identify(install) ignored
[0.333s] Level 1:colcon.colcon_core.package_identification:_identify(log) by extensions ['ignore', 'ignore_ament_install']
[0.333s] Level 1:colcon.colcon_core.package_identification:_identify(log) by extension 'ignore'
[0.333s] Level 1:colcon.colcon_core.package_identification:_identify(log) ignored
[0.333s] Level 1:colcon.colcon_core.package_identification:_identify(src) by extensions ['ignore', 'ignore_ament_install']
[0.334s] Level 1:colcon.colcon_core.package_identification:_identify(src) by extension 'ignore'
[0.334s] Level 1:colcon.colcon_core.package_identification:_identify(src) by extension 'ignore_ament_install'
[0.334s] Level 1:colcon.colcon_core.package_identification:_identify(src) by extensions ['colcon_pkg']
[0.334s] Level 1:colcon.colcon_core.package_identification:_identify(src) by extension 'colcon_pkg'
[0.334s] Level 1:colcon.colcon_core.package_identification:_identify(src) by extensions ['colcon_meta']
[0.334s] Level 1:colcon.colcon_core.package_identification:_identify(src) by extension 'colcon_meta'
[0.334s] Level 1:colcon.colcon_core.package_identification:_identify(src) by extensions ['ros']
[0.334s] Level 1:colcon.colcon_core.package_identification:_identify(src) by extension 'ros'
[0.334s] Level 1:colcon.colcon_core.package_identification:_identify(src) by extensions ['cmake', 'python']
[0.334s] Level 1:colcon.colcon_core.package_identification:_identify(src) by extension 'cmake'
[0.334s] Level 1:colcon.colcon_core.package_identification:_identify(src) by extension 'python'
[0.334s] Level 1:colcon.colcon_core.package_identification:_identify(src) by extensions ['python_setup_py']
[0.334s] Level 1:colcon.colcon_core.package_identification:_identify(src) by extension 'python_setup_py'
[0.334s] Level 1:colcon.colcon_core.package_identification:_identify(src/dynamixel-workbench) by extensions ['ignore', 'ignore_ament_install']
[0.334s] Level 1:colcon.colcon_core.package_identification:_identify(src/dynamixel-workbench) by extension 'ignore'
[0.334s] Level 1:colcon.colcon_core.package_identification:_identify(src/dynamixel-workbench) by extension 'ignore_ament_install'
[0.334s] Level 1:colcon.colcon_core.package_identification:_identify(src/dynamixel-workbench) by extensions ['colcon_pkg']
[0.334s] Level 1:colcon.colcon_core.package_identification:_identify(src/dynamixel-workbench) by extension 'colcon_pkg'
[0.334s] Level 1:colcon.colcon_core.package_identification:_identify(src/dynamixel-workbench) by extensions ['colcon_meta']
[0.334s] Level 1:colcon.colcon_core.package_identification:_identify(src/dynamixel-workbench) by extension 'colcon_meta'
[0.334s] Level 1:colcon.colcon_core.package_identification:_identify(src/dynamixel-workbench) by extensions ['ros']
[0.334s] Level 1:colcon.colcon_core.package_identification:_identify(src/dynamixel-workbench) by extension 'ros'
[0.335s] Level 1:colcon.colcon_core.package_identification:_identify(src/dynamixel-workbench) by extensions ['cmake', 'python']
[0.335s] Level 1:colcon.colcon_core.package_identification:_identify(src/dynamixel-workbench) by extension 'cmake'
[0.335s] Level 1:colcon.colcon_core.package_identification:_identify(src/dynamixel-workbench) by extension 'python'
[0.335s] Level 1:colcon.colcon_core.package_identification:_identify(src/dynamixel-workbench) by extensions ['python_setup_py']
[0.335s] Level 1:colcon.colcon_core.package_identification:_identify(src/dynamixel-workbench) by extension 'python_setup_py'
[0.335s] Level 1:colcon.colcon_core.package_identification:_identify(src/dynamixel-workbench/dynamixel_workbench) by extensions ['ignore', 'ignore_ament_install']
[0.335s] Level 1:colcon.colcon_core.package_identification:_identify(src/dynamixel-workbench/dynamixel_workbench) by extension 'ignore'
[0.335s] Level 1:colcon.colcon_core.package_identification:_identify(src/dynamixel-workbench/dynamixel_workbench) by extension 'ignore_ament_install'
[0.335s] Level 1:colcon.colcon_core.package_identification:_identify(src/dynamixel-workbench/dynamixel_workbench) by extensions ['colcon_pkg']
[0.335s] Level 1:colcon.colcon_core.package_identification:_identify(src/dynamixel-workbench/dynamixel_workbench) by extension 'colcon_pkg'
[0.335s] Level 1:colcon.colcon_core.package_identification:_identify(src/dynamixel-workbench/dynamixel_workbench) by extensions ['colcon_meta']
[0.335s] Level 1:colcon.colcon_core.package_identification:_identify(src/dynamixel-workbench/dynamixel_workbench) by extension 'colcon_meta'
[0.335s] Level 1:colcon.colcon_core.package_identification:_identify(src/dynamixel-workbench/dynamixel_workbench) by extensions ['ros']
[0.335s] Level 1:colcon.colcon_core.package_identification:_identify(src/dynamixel-workbench/dynamixel_workbench) by extension 'ros'
[0.338s] DEBUG:colcon.colcon_core.package_identification:Package 'src/dynamixel-workbench/dynamixel_workbench' with type 'ros.ament_cmake' and name 'dynamixel_workbench'
[0.338s] Level 1:colcon.colcon_core.package_identification:_identify(src/dynamixel-workbench/dynamixel_workbench_toolbox) by extensions ['ignore', 'ignore_ament_install']
[0.338s] Level 1:colcon.colcon_core.package_identification:_identify(src/dynamixel-workbench/dynamixel_workbench_toolbox) by extension 'ignore'
[0.338s] Level 1:colcon.colcon_core.package_identification:_identify(src/dynamixel-workbench/dynamixel_workbench_toolbox) by extension 'ignore_ament_install'
[0.338s] Level 1:colcon.colcon_core.package_identification:_identify(src/dynamixel-workbench/dynamixel_workbench_toolbox) by extensions ['colcon_pkg']
[0.338s] Level 1:colcon.colcon_core.package_identification:_identify(src/dynamixel-workbench/dynamixel_workbench_toolbox) by extension 'colcon_pkg'
[0.338s] Level 1:colcon.colcon_core.package_identification:_identify(src/dynamixel-workbench/dynamixel_workbench_toolbox) by extensions ['colcon_meta']
[0.338s] Level 1:colcon.colcon_core.package_identification:_identify(src/dynamixel-workbench/dynamixel_workbench_toolbox) by extension 'colcon_meta'
[0.338s] Level 1:colcon.colcon_core.package_identification:_identify(src/dynamixel-workbench/dynamixel_workbench_toolbox) by extensions ['ros']
[0.338s] Level 1:colcon.colcon_core.package_identification:_identify(src/dynamixel-workbench/dynamixel_workbench_toolbox) by extension 'ros'
[0.339s] DEBUG:colcon.colcon_core.package_identification:Package 'src/dynamixel-workbench/dynamixel_workbench_toolbox' with type 'ros.ament_cmake' and name 'dynamixel_workbench_toolbox'
[0.339s] Level 1:colcon.colcon_core.package_identification:_identify(src/dynamixel-workbench-msgs) by extensions ['ignore', 'ignore_ament_install']
[0.339s] Level 1:colcon.colcon_core.package_identification:_identify(src/dynamixel-workbench-msgs) by extension 'ignore'
[0.339s] Level 1:colcon.colcon_core.package_identification:_identify(src/dynamixel-workbench-msgs) by extension 'ignore_ament_install'
[0.339s] Level 1:colcon.colcon_core.package_identification:_identify(src/dynamixel-workbench-msgs) by extensions ['colcon_pkg']
[0.340s] Level 1:colcon.colcon_core.package_identification:_identify(src/dynamixel-workbench-msgs) by extension 'colcon_pkg'
[0.340s] Level 1:colcon.colcon_core.package_identification:_identify(src/dynamixel-workbench-msgs) by extensions ['colcon_meta']
[0.340s] Level 1:colcon.colcon_core.package_identification:_identify(src/dynamixel-workbench-msgs) by extension 'colcon_meta'
[0.340s] Level 1:colcon.colcon_core.package_identification:_identify(src/dynamixel-workbench-msgs) by extensions ['ros']
[0.340s] Level 1:colcon.colcon_core.package_identification:_identify(src/dynamixel-workbench-msgs) by extension 'ros'
[0.340s] Level 1:colcon.colcon_core.package_identification:_identify(src/dynamixel-workbench-msgs) by extensions ['cmake', 'python']
[0.340s] Level 1:colcon.colcon_core.package_identification:_identify(src/dynamixel-workbench-msgs) by extension 'cmake'
[0.340s] Level 1:colcon.colcon_core.package_identification:_identify(src/dynamixel-workbench-msgs) by extension 'python'
[0.340s] Level 1:colcon.colcon_core.package_identification:_identify(src/dynamixel-workbench-msgs) by extensions ['python_setup_py']
[0.340s] Level 1:colcon.colcon_core.package_identification:_identify(src/dynamixel-workbench-msgs) by extension 'python_setup_py'
[0.340s] Level 1:colcon.colcon_core.package_identification:_identify(src/dynamixel-workbench-msgs/dynamixel_workbench_msgs) by extensions ['ignore', 'ignore_ament_install']
[0.340s] Level 1:colcon.colcon_core.package_identification:_identify(src/dynamixel-workbench-msgs/dynamixel_workbench_msgs) by extension 'ignore'
[0.340s] Level 1:colcon.colcon_core.package_identification:_identify(src/dynamixel-workbench-msgs/dynamixel_workbench_msgs) by extension 'ignore_ament_install'
[0.340s] Level 1:colcon.colcon_core.package_identification:_identify(src/dynamixel-workbench-msgs/dynamixel_workbench_msgs) by extensions ['colcon_pkg']
[0.340s] Level 1:colcon.colcon_core.package_identification:_identify(src/dynamixel-workbench-msgs/dynamixel_workbench_msgs) by extension 'colcon_pkg'
[0.340s] Level 1:colcon.colcon_core.package_identification:_identify(src/dynamixel-workbench-msgs/dynamixel_workbench_msgs) by extensions ['colcon_meta']
[0.340s] Level 1:colcon.colcon_core.package_identification:_identify(src/dynamixel-workbench-msgs/dynamixel_workbench_msgs) by extension 'colcon_meta'
[0.340s] Level 1:colcon.colcon_core.package_identification:_identify(src/dynamixel-workbench-msgs/dynamixel_workbench_msgs) by extensions ['ros']
[0.340s] Level 1:colcon.colcon_core.package_identification:_identify(src/dynamixel-workbench-msgs/dynamixel_workbench_msgs) by extension 'ros'
[0.341s] DEBUG:colcon.colcon_core.package_identification:Package 'src/dynamixel-workbench-msgs/dynamixel_workbench_msgs' with type 'ros.ament_cmake' and name 'dynamixel_workbench_msgs'
[0.341s] Level 1:colcon.colcon_core.package_identification:_identify(src/realsense) by extensions ['ignore', 'ignore_ament_install']
[0.341s] Level 1:colcon.colcon_core.package_identification:_identify(src/realsense) by extension 'ignore'
[0.341s] Level 1:colcon.colcon_core.package_identification:_identify(src/realsense) by extension 'ignore_ament_install'
[0.341s] Level 1:colcon.colcon_core.package_identification:_identify(src/realsense) by extensions ['colcon_pkg']
[0.341s] Level 1:colcon.colcon_core.package_identification:_identify(src/realsense) by extension 'colcon_pkg'
[0.341s] Level 1:colcon.colcon_core.package_identification:_identify(src/realsense) by extensions ['colcon_meta']
[0.341s] Level 1:colcon.colcon_core.package_identification:_identify(src/realsense) by extension 'colcon_meta'
[0.342s] Level 1:colcon.colcon_core.package_identification:_identify(src/realsense) by extensions ['ros']
[0.342s] Level 1:colcon.colcon_core.package_identification:_identify(src/realsense) by extension 'ros'
[0.342s] DEBUG:colcon.colcon_core.package_identification:Package 'src/realsense' with type 'ros.ament_python' and name 'realsense'
[0.342s] Level 1:colcon.colcon_core.package_identification:_identify(src/tb4_arm_ros2) by extensions ['ignore', 'ignore_ament_install']
[0.342s] Level 1:colcon.colcon_core.package_identification:_identify(src/tb4_arm_ros2) by extension 'ignore'
[0.342s] Level 1:colcon.colcon_core.package_identification:_identify(src/tb4_arm_ros2) by extension 'ignore_ament_install'
[0.342s] Level 1:colcon.colcon_core.package_identification:_identify(src/tb4_arm_ros2) by extensions ['colcon_pkg']
[0.342s] Level 1:colcon.colcon_core.package_identification:_identify(src/tb4_arm_ros2) by extension 'colcon_pkg'
[0.342s] Level 1:colcon.colcon_core.package_identification:_identify(src/tb4_arm_ros2) by extensions ['colcon_meta']
[0.342s] Level 1:colcon.colcon_core.package_identification:_identify(src/tb4_arm_ros2) by extension 'colcon_meta'
[0.343s] Level 1:colcon.colcon_core.package_identification:_identify(src/tb4_arm_ros2) by extensions ['ros']
[0.343s] Level 1:colcon.colcon_core.package_identification:_identify(src/tb4_arm_ros2) by extension 'ros'
[0.343s] Level 1:colcon.colcon_core.package_identification:_identify(src/tb4_arm_ros2) by extensions ['cmake', 'python']
[0.343s] Level 1:colcon.colcon_core.package_identification:_identify(src/tb4_arm_ros2) by extension 'cmake'
[0.343s] Level 1:colcon.colcon_core.package_identification:_identify(src/tb4_arm_ros2) by extension 'python'
[0.343s] Level 1:colcon.colcon_core.package_identification:_identify(src/tb4_arm_ros2) by extensions ['python_setup_py']
[0.343s] Level 1:colcon.colcon_core.package_identification:_identify(src/tb4_arm_ros2) by extension 'python_setup_py'
[0.343s] Level 1:colcon.colcon_core.package_identification:_identify(src/tb4_arm_ros2/dynamixel_hardware) by extensions ['ignore', 'ignore_ament_install']
[0.343s] Level 1:colcon.colcon_core.package_identification:_identify(src/tb4_arm_ros2/dynamixel_hardware) by extension 'ignore'
[0.343s] Level 1:colcon.colcon_core.package_identification:_identify(src/tb4_arm_ros2/dynamixel_hardware) by extension 'ignore_ament_install'
[0.343s] Level 1:colcon.colcon_core.package_identification:_identify(src/tb4_arm_ros2/dynamixel_hardware) by extensions ['colcon_pkg']
[0.343s] Level 1:colcon.colcon_core.package_identification:_identify(src/tb4_arm_ros2/dynamixel_hardware) by extension 'colcon_pkg'
[0.343s] Level 1:colcon.colcon_core.package_identification:_identify(src/tb4_arm_ros2/dynamixel_hardware) by extensions ['colcon_meta']
[0.343s] Level 1:colcon.colcon_core.package_identification:_identify(src/tb4_arm_ros2/dynamixel_hardware) by extension 'colcon_meta'
[0.343s] Level 1:colcon.colcon_core.package_identification:_identify(src/tb4_arm_ros2/dynamixel_hardware) by extensions ['ros']
[0.343s] Level 1:colcon.colcon_core.package_identification:_identify(src/tb4_arm_ros2/dynamixel_hardware) by extension 'ros'
[0.344s] DEBUG:colcon.colcon_core.package_identification:Package 'src/tb4_arm_ros2/dynamixel_hardware' with type 'ros.ament_cmake' and name 'dynamixel_hardware'
[0.344s] Level 1:colcon.colcon_core.package_identification:_identify(src/tb4_arm_ros2/python_moveit2) by extensions ['ignore', 'ignore_ament_install']
[0.344s] Level 1:colcon.colcon_core.package_identification:_identify(src/tb4_arm_ros2/python_moveit2) by extension 'ignore'
[0.344s] Level 1:colcon.colcon_core.package_identification:_identify(src/tb4_arm_ros2/python_moveit2) by extension 'ignore_ament_install'
[0.344s] Level 1:colcon.colcon_core.package_identification:_identify(src/tb4_arm_ros2/python_moveit2) by extensions ['colcon_pkg']
[0.344s] Level 1:colcon.colcon_core.package_identification:_identify(src/tb4_arm_ros2/python_moveit2) by extension 'colcon_pkg'
[0.344s] Level 1:colcon.colcon_core.package_identification:_identify(src/tb4_arm_ros2/python_moveit2) by extensions ['colcon_meta']
[0.344s] Level 1:colcon.colcon_core.package_identification:_identify(src/tb4_arm_ros2/python_moveit2) by extension 'colcon_meta'
[0.345s] Level 1:colcon.colcon_core.package_identification:_identify(src/tb4_arm_ros2/python_moveit2) by extensions ['ros']
[0.345s] Level 1:colcon.colcon_core.package_identification:_identify(src/tb4_arm_ros2/python_moveit2) by extension 'ros'
[0.345s] DEBUG:colcon.colcon_core.package_identification:Package 'src/tb4_arm_ros2/python_moveit2' with type 'ros.ament_python' and name 'python_moveit2'
[0.345s] Level 1:colcon.colcon_core.package_identification:_identify(src/tb4_arm_ros2/small_arm_description) by extensions ['ignore', 'ignore_ament_install']
[0.345s] Level 1:colcon.colcon_core.package_identification:_identify(src/tb4_arm_ros2/small_arm_description) by extension 'ignore'
[0.345s] Level 1:colcon.colcon_core.package_identification:_identify(src/tb4_arm_ros2/small_arm_description) by extension 'ignore_ament_install'
[0.345s] Level 1:colcon.colcon_core.package_identification:_identify(src/tb4_arm_ros2/small_arm_description) by extensions ['colcon_pkg']
[0.345s] Level 1:colcon.colcon_core.package_identification:_identify(src/tb4_arm_ros2/small_arm_description) by extension 'colcon_pkg'
[0.345s] Level 1:colcon.colcon_core.package_identification:_identify(src/tb4_arm_ros2/small_arm_description) by extensions ['colcon_meta']
[0.345s] Level 1:colcon.colcon_core.package_identification:_identify(src/tb4_arm_ros2/small_arm_description) by extension 'colcon_meta'
[0.345s] Level 1:colcon.colcon_core.package_identification:_identify(src/tb4_arm_ros2/small_arm_description) by extensions ['ros']
[0.345s] Level 1:colcon.colcon_core.package_identification:_identify(src/tb4_arm_ros2/small_arm_description) by extension 'ros'
[0.347s] DEBUG:colcon.colcon_core.package_identification:Package 'src/tb4_arm_ros2/small_arm_description' with type 'ros.ament_cmake' and name 'small_arm_description'
[0.347s] Level 1:colcon.colcon_core.package_identification:_identify(src/tb4_arm_ros2/small_arm_moveit_config) by extensions ['ignore', 'ignore_ament_install']
[0.347s] Level 1:colcon.colcon_core.package_identification:_identify(src/tb4_arm_ros2/small_arm_moveit_config) by extension 'ignore'
[0.347s] Level 1:colcon.colcon_core.package_identification:_identify(src/tb4_arm_ros2/small_arm_moveit_config) by extension 'ignore_ament_install'
[0.347s] Level 1:colcon.colcon_core.package_identification:_identify(src/tb4_arm_ros2/small_arm_moveit_config) by extensions ['colcon_pkg']
[0.347s] Level 1:colcon.colcon_core.package_identification:_identify(src/tb4_arm_ros2/small_arm_moveit_config) by extension 'colcon_pkg'
[0.347s] Level 1:colcon.colcon_core.package_identification:_identify(src/tb4_arm_ros2/small_arm_moveit_config) by extensions ['colcon_meta']
[0.347s] Level 1:colcon.colcon_core.package_identification:_identify(src/tb4_arm_ros2/small_arm_moveit_config) by extension 'colcon_meta'
[0.347s] Level 1:colcon.colcon_core.package_identification:_identify(src/tb4_arm_ros2/small_arm_moveit_config) by extensions ['ros']
[0.347s] Level 1:colcon.colcon_core.package_identification:_identify(src/tb4_arm_ros2/small_arm_moveit_config) by extension 'ros'
[0.348s] DEBUG:colcon.colcon_core.package_identification:Package 'src/tb4_arm_ros2/small_arm_moveit_config' with type 'ros.ament_cmake' and name 'small_arm_moveit_config'
[0.348s] Level 1:colcon.colcon_core.package_identification:_identify(src/tb4_arm_ros2/small_arm_moveit_cpp) by extensions ['ignore', 'ignore_ament_install']
[0.348s] Level 1:colcon.colcon_core.package_identification:_identify(src/tb4_arm_ros2/small_arm_moveit_cpp) by extension 'ignore'
[0.348s] Level 1:colcon.colcon_core.package_identification:_identify(src/tb4_arm_ros2/small_arm_moveit_cpp) by extension 'ignore_ament_install'
[0.348s] Level 1:colcon.colcon_core.package_identification:_identify(src/tb4_arm_ros2/small_arm_moveit_cpp) by extensions ['colcon_pkg']
[0.349s] Level 1:colcon.colcon_core.package_identification:_identify(src/tb4_arm_ros2/small_arm_moveit_cpp) by extension 'colcon_pkg'
[0.349s] Level 1:colcon.colcon_core.package_identification:_identify(src/tb4_arm_ros2/small_arm_moveit_cpp) by extensions ['colcon_meta']
[0.349s] Level 1:colcon.colcon_core.package_identification:_identify(src/tb4_arm_ros2/small_arm_moveit_cpp) by extension 'colcon_meta'
[0.349s] Level 1:colcon.colcon_core.package_identification:_identify(src/tb4_arm_ros2/small_arm_moveit_cpp) by extensions ['ros']
[0.349s] Level 1:colcon.colcon_core.package_identification:_identify(src/tb4_arm_ros2/small_arm_moveit_cpp) by extension 'ros'
[0.349s] DEBUG:colcon.colcon_core.package_identification:Package 'src/tb4_arm_ros2/small_arm_moveit_cpp' with type 'ros.ament_cmake' and name 'small_arm_moveit_cpp'
[0.349s] Level 1:colcon.colcon_core.package_discovery:discover_packages(recursive) using defaults
[0.349s] Level 1:colcon.colcon_core.package_discovery:discover_packages(ignore) discover
[0.349s] Level 1:colcon.colcon_core.package_discovery:discover_packages(ignore) using defaults
[0.349s] Level 1:colcon.colcon_core.package_discovery:discover_packages(path) discover
[0.349s] Level 1:colcon.colcon_core.package_discovery:discover_packages(path) using defaults
[0.396s] Level 5:colcon.colcon_core.verb:set package 'dynamixel_workbench_msgs' build argument 'cmake_args' from command line to 'None'
[0.396s] Level 5:colcon.colcon_core.verb:set package 'dynamixel_workbench_msgs' build argument 'cmake_target' from command line to 'None'
[0.396s] Level 5:colcon.colcon_core.verb:set package 'dynamixel_workbench_msgs' build argument 'cmake_target_skip_unavailable' from command line to 'False'
[0.396s] Level 5:colcon.colcon_core.verb:set package 'dynamixel_workbench_msgs' build argument 'cmake_clean_cache' from command line to 'False'
[0.396s] Level 5:colcon.colcon_core.verb:set package 'dynamixel_workbench_msgs' build argument 'cmake_clean_first' from command line to 'False'
[0.396s] Level 5:colcon.colcon_core.verb:set package 'dynamixel_workbench_msgs' build argument 'cmake_force_configure' from command line to 'False'
[0.396s] Level 5:colcon.colcon_core.verb:set package 'dynamixel_workbench_msgs' build argument 'ament_cmake_args' from command line to 'None'
[0.396s] Level 5:colcon.colcon_core.verb:set package 'dynamixel_workbench_msgs' build argument 'catkin_cmake_args' from command line to 'None'
[0.396s] Level 5:colcon.colcon_core.verb:set package 'dynamixel_workbench_msgs' build argument 'catkin_skip_building_tests' from command line to 'False'
[0.396s] DEBUG:colcon.colcon_core.verb:Building package 'dynamixel_workbench_msgs' with the following arguments: {'ament_cmake_args': None, 'build_base': '/home/darkdemon/work/motor_control/build/dynamixel_workbench_msgs', 'catkin_cmake_args': None, 'catkin_skip_building_tests': False, 'cmake_args': None, 'cmake_clean_cache': False, 'cmake_clean_first': False, 'cmake_force_configure': False, 'cmake_target': None, 'cmake_target_skip_unavailable': False, 'install_base': '/home/darkdemon/work/motor_control/install/dynamixel_workbench_msgs', 'merge_install': False, 'path': '/home/darkdemon/work/motor_control/src/dynamixel-workbench-msgs/dynamixel_workbench_msgs', 'symlink_install': False, 'test_result_base': None}
[0.396s] Level 5:colcon.colcon_core.verb:set package 'dynamixel_workbench_toolbox' build argument 'cmake_args' from command line to 'None'
[0.396s] Level 5:colcon.colcon_core.verb:set package 'dynamixel_workbench_toolbox' build argument 'cmake_target' from command line to 'None'
[0.396s] Level 5:colcon.colcon_core.verb:set package 'dynamixel_workbench_toolbox' build argument 'cmake_target_skip_unavailable' from command line to 'False'
[0.396s] Level 5:colcon.colcon_core.verb:set package 'dynamixel_workbench_toolbox' build argument 'cmake_clean_cache' from command line to 'False'
[0.396s] Level 5:colcon.colcon_core.verb:set package 'dynamixel_workbench_toolbox' build argument 'cmake_clean_first' from command line to 'False'
[0.396s] Level 5:colcon.colcon_core.verb:set package 'dynamixel_workbench_toolbox' build argument 'cmake_force_configure' from command line to 'False'
[0.396s] Level 5:colcon.colcon_core.verb:set package 'dynamixel_workbench_toolbox' build argument 'ament_cmake_args' from command line to 'None'
[0.397s] Level 5:colcon.colcon_core.verb:set package 'dynamixel_workbench_toolbox' build argument 'catkin_cmake_args' from command line to 'None'
[0.397s] Level 5:colcon.colcon_core.verb:set package 'dynamixel_workbench_toolbox' build argument 'catkin_skip_building_tests' from command line to 'False'
[0.397s] DEBUG:colcon.colcon_core.verb:Building package 'dynamixel_workbench_toolbox' with the following arguments: {'ament_cmake_args': None, 'build_base': '/home/darkdemon/work/motor_control/build/dynamixel_workbench_toolbox', 'catkin_cmake_args': None, 'catkin_skip_building_tests': False, 'cmake_args': None, 'cmake_clean_cache': False, 'cmake_clean_first': False, 'cmake_force_configure': False, 'cmake_target': None, 'cmake_target_skip_unavailable': False, 'install_base': '/home/darkdemon/work/motor_control/install/dynamixel_workbench_toolbox', 'merge_install': False, 'path': '/home/darkdemon/work/motor_control/src/dynamixel-workbench/dynamixel_workbench_toolbox', 'symlink_install': False, 'test_result_base': None}
[0.397s] Level 5:colcon.colcon_core.verb:set package 'python_moveit2' build argument 'cmake_args' from command line to 'None'
[0.397s] Level 5:colcon.colcon_core.verb:set package 'python_moveit2' build argument 'cmake_target' from command line to 'None'
[0.397s] Level 5:colcon.colcon_core.verb:set package 'python_moveit2' build argument 'cmake_target_skip_unavailable' from command line to 'False'
[0.397s] Level 5:colcon.colcon_core.verb:set package 'python_moveit2' build argument 'cmake_clean_cache' from command line to 'False'
[0.397s] Level 5:colcon.colcon_core.verb:set package 'python_moveit2' build argument 'cmake_clean_first' from command line to 'False'
[0.397s] Level 5:colcon.colcon_core.verb:set package 'python_moveit2' build argument 'cmake_force_configure' from command line to 'False'
[0.397s] Level 5:colcon.colcon_core.verb:set package 'python_moveit2' build argument 'ament_cmake_args' from command line to 'None'
[0.397s] Level 5:colcon.colcon_core.verb:set package 'python_moveit2' build argument 'catkin_cmake_args' from command line to 'None'
[0.397s] Level 5:colcon.colcon_core.verb:set package 'python_moveit2' build argument 'catkin_skip_building_tests' from command line to 'False'
[0.397s] DEBUG:colcon.colcon_core.verb:Building package 'python_moveit2' with the following arguments: {'ament_cmake_args': None, 'build_base': '/home/darkdemon/work/motor_control/build/python_moveit2', 'catkin_cmake_args': None, 'catkin_skip_building_tests': False, 'cmake_args': None, 'cmake_clean_cache': False, 'cmake_clean_first': False, 'cmake_force_configure': False, 'cmake_target': None, 'cmake_target_skip_unavailable': False, 'install_base': '/home/darkdemon/work/motor_control/install/python_moveit2', 'merge_install': False, 'path': '/home/darkdemon/work/motor_control/src/tb4_arm_ros2/python_moveit2', 'symlink_install': False, 'test_result_base': None}
[0.397s] Level 5:colcon.colcon_core.verb:set package 'realsense' build argument 'cmake_args' from command line to 'None'
[0.397s] Level 5:colcon.colcon_core.verb:set package 'realsense' build argument 'cmake_target' from command line to 'None'
[0.397s] Level 5:colcon.colcon_core.verb:set package 'realsense' build argument 'cmake_target_skip_unavailable' from command line to 'False'
[0.398s] Level 5:colcon.colcon_core.verb:set package 'realsense' build argument 'cmake_clean_cache' from command line to 'False'
[0.398s] Level 5:colcon.colcon_core.verb:set package 'realsense' build argument 'cmake_clean_first' from command line to 'False'
[0.398s] Level 5:colcon.colcon_core.verb:set package 'realsense' build argument 'cmake_force_configure' from command line to 'False'
[0.398s] Level 5:colcon.colcon_core.verb:set package 'realsense' build argument 'ament_cmake_args' from command line to 'None'
[0.398s] Level 5:colcon.colcon_core.verb:set package 'realsense' build argument 'catkin_cmake_args' from command line to 'None'
[0.398s] Level 5:colcon.colcon_core.verb:set package 'realsense' build argument 'catkin_skip_building_tests' from command line to 'False'
[0.398s] DEBUG:colcon.colcon_core.verb:Building package 'realsense' with the following arguments: {'ament_cmake_args': None, 'build_base': '/home/darkdemon/work/motor_control/build/realsense', 'catkin_cmake_args': None, 'catkin_skip_building_tests': False, 'cmake_args': None, 'cmake_clean_cache': False, 'cmake_clean_first': False, 'cmake_force_configure': False, 'cmake_target': None, 'cmake_target_skip_unavailable': False, 'install_base': '/home/darkdemon/work/motor_control/install/realsense', 'merge_install': False, 'path': '/home/darkdemon/work/motor_control/src/realsense', 'symlink_install': False, 'test_result_base': None}
[0.398s] Level 5:colcon.colcon_core.verb:set package 'small_arm_moveit_cpp' build argument 'cmake_args' from command line to 'None'
[0.398s] Level 5:colcon.colcon_core.verb:set package 'small_arm_moveit_cpp' build argument 'cmake_target' from command line to 'None'
[0.398s] Level 5:colcon.colcon_core.verb:set package 'small_arm_moveit_cpp' build argument 'cmake_target_skip_unavailable' from command line to 'False'
[0.398s] Level 5:colcon.colcon_core.verb:set package 'small_arm_moveit_cpp' build argument 'cmake_clean_cache' from command line to 'False'
[0.398s] Level 5:colcon.colcon_core.verb:set package 'small_arm_moveit_cpp' build argument 'cmake_clean_first' from command line to 'False'
[0.398s] Level 5:colcon.colcon_core.verb:set package 'small_arm_moveit_cpp' build argument 'cmake_force_configure' from command line to 'False'
[0.398s] Level 5:colcon.colcon_core.verb:set package 'small_arm_moveit_cpp' build argument 'ament_cmake_args' from command line to 'None'
[0.398s] Level 5:colcon.colcon_core.verb:set package 'small_arm_moveit_cpp' build argument 'catkin_cmake_args' from command line to 'None'
[0.398s] Level 5:colcon.colcon_core.verb:set package 'small_arm_moveit_cpp' build argument 'catkin_skip_building_tests' from command line to 'False'
[0.398s] DEBUG:colcon.colcon_core.verb:Building package 'small_arm_moveit_cpp' with the following arguments: {'ament_cmake_args': None, 'build_base': '/home/darkdemon/work/motor_control/build/small_arm_moveit_cpp', 'catkin_cmake_args': None, 'catkin_skip_building_tests': False, 'cmake_args': None, 'cmake_clean_cache': False, 'cmake_clean_first': False, 'cmake_force_configure': False, 'cmake_target': None, 'cmake_target_skip_unavailable': False, 'install_base': '/home/darkdemon/work/motor_control/install/small_arm_moveit_cpp', 'merge_install': False, 'path': '/home/darkdemon/work/motor_control/src/tb4_arm_ros2/small_arm_moveit_cpp', 'symlink_install': False, 'test_result_base': None}
[0.399s] Level 5:colcon.colcon_core.verb:set package 'dynamixel_hardware' build argument 'cmake_args' from command line to 'None'
[0.399s] Level 5:colcon.colcon_core.verb:set package 'dynamixel_hardware' build argument 'cmake_target' from command line to 'None'
[0.399s] Level 5:colcon.colcon_core.verb:set package 'dynamixel_hardware' build argument 'cmake_target_skip_unavailable' from command line to 'False'
[0.399s] Level 5:colcon.colcon_core.verb:set package 'dynamixel_hardware' build argument 'cmake_clean_cache' from command line to 'False'
[0.399s] Level 5:colcon.colcon_core.verb:set package 'dynamixel_hardware' build argument 'cmake_clean_first' from command line to 'False'
[0.399s] Level 5:colcon.colcon_core.verb:set package 'dynamixel_hardware' build argument 'cmake_force_configure' from command line to 'False'
[0.399s] Level 5:colcon.colcon_core.verb:set package 'dynamixel_hardware' build argument 'ament_cmake_args' from command line to 'None'
[0.399s] Level 5:colcon.colcon_core.verb:set package 'dynamixel_hardware' build argument 'catkin_cmake_args' from command line to 'None'
[0.399s] Level 5:colcon.colcon_core.verb:set package 'dynamixel_hardware' build argument 'catkin_skip_building_tests' from command line to 'False'
[0.399s] DEBUG:colcon.colcon_core.verb:Building package 'dynamixel_hardware' with the following arguments: {'ament_cmake_args': None, 'build_base': '/home/darkdemon/work/motor_control/build/dynamixel_hardware', 'catkin_cmake_args': None, 'catkin_skip_building_tests': False, 'cmake_args': None, 'cmake_clean_cache': False, 'cmake_clean_first': False, 'cmake_force_configure': False, 'cmake_target': None, 'cmake_target_skip_unavailable': False, 'install_base': '/home/darkdemon/work/motor_control/install/dynamixel_hardware', 'merge_install': False, 'path': '/home/darkdemon/work/motor_control/src/tb4_arm_ros2/dynamixel_hardware', 'symlink_install': False, 'test_result_base': None}
[0.399s] Level 5:colcon.colcon_core.verb:set package 'dynamixel_workbench' build argument 'cmake_args' from command line to 'None'
[0.399s] Level 5:colcon.colcon_core.verb:set package 'dynamixel_workbench' build argument 'cmake_target' from command line to 'None'
[0.399s] Level 5:colcon.colcon_core.verb:set package 'dynamixel_workbench' build argument 'cmake_target_skip_unavailable' from command line to 'False'
[0.399s] Level 5:colcon.colcon_core.verb:set package 'dynamixel_workbench' build argument 'cmake_clean_cache' from command line to 'False'
[0.399s] Level 5:colcon.colcon_core.verb:set package 'dynamixel_workbench' build argument 'cmake_clean_first' from command line to 'False'
[0.399s] Level 5:colcon.colcon_core.verb:set package 'dynamixel_workbench' build argument 'cmake_force_configure' from command line to 'False'
[0.399s] Level 5:colcon.colcon_core.verb:set package 'dynamixel_workbench' build argument 'ament_cmake_args' from command line to 'None'
[0.399s] Level 5:colcon.colcon_core.verb:set package 'dynamixel_workbench' build argument 'catkin_cmake_args' from command line to 'None'
[0.399s] Level 5:colcon.colcon_core.verb:set package 'dynamixel_workbench' build argument 'catkin_skip_building_tests' from command line to 'False'
[0.399s] DEBUG:colcon.colcon_core.verb:Building package 'dynamixel_workbench' with the following arguments: {'ament_cmake_args': None, 'build_base': '/home/darkdemon/work/motor_control/build/dynamixel_workbench', 'catkin_cmake_args': None, 'catkin_skip_building_tests': False, 'cmake_args': None, 'cmake_clean_cache': False, 'cmake_clean_first': False, 'cmake_force_configure': False, 'cmake_target': None, 'cmake_target_skip_unavailable': False, 'install_base': '/home/darkdemon/work/motor_control/install/dynamixel_workbench', 'merge_install': False, 'path': '/home/darkdemon/work/motor_control/src/dynamixel-workbench/dynamixel_workbench', 'symlink_install': False, 'test_result_base': None}
[0.400s] Level 5:colcon.colcon_core.verb:set package 'small_arm_description' build argument 'cmake_args' from command line to 'None'
[0.400s] Level 5:colcon.colcon_core.verb:set package 'small_arm_description' build argument 'cmake_target' from command line to 'None'
[0.400s] Level 5:colcon.colcon_core.verb:set package 'small_arm_description' build argument 'cmake_target_skip_unavailable' from command line to 'False'
[0.400s] Level 5:colcon.colcon_core.verb:set package 'small_arm_description' build argument 'cmake_clean_cache' from command line to 'False'
[0.400s] Level 5:colcon.colcon_core.verb:set package 'small_arm_description' build argument 'cmake_clean_first' from command line to 'False'
[0.400s] Level 5:colcon.colcon_core.verb:set package 'small_arm_description' build argument 'cmake_force_configure' from command line to 'False'
[0.400s] Level 5:colcon.colcon_core.verb:set package 'small_arm_description' build argument 'ament_cmake_args' from command line to 'None'
[0.400s] Level 5:colcon.colcon_core.verb:set package 'small_arm_description' build argument 'catkin_cmake_args' from command line to 'None'
[0.400s] Level 5:colcon.colcon_core.verb:set package 'small_arm_description' build argument 'catkin_skip_building_tests' from command line to 'False'
[0.400s] DEBUG:colcon.colcon_core.verb:Building package 'small_arm_description' with the following arguments: {'ament_cmake_args': None, 'build_base': '/home/darkdemon/work/motor_control/build/small_arm_description', 'catkin_cmake_args': None, 'catkin_skip_building_tests': False, 'cmake_args': None, 'cmake_clean_cache': False, 'cmake_clean_first': False, 'cmake_force_configure': False, 'cmake_target': None, 'cmake_target_skip_unavailable': False, 'install_base': '/home/darkdemon/work/motor_control/install/small_arm_description', 'merge_install': False, 'path': '/home/darkdemon/work/motor_control/src/tb4_arm_ros2/small_arm_description', 'symlink_install': False, 'test_result_base': None}
[0.400s] Level 5:colcon.colcon_core.verb:set package 'small_arm_moveit_config' build argument 'cmake_args' from command line to 'None'
[0.400s] Level 5:colcon.colcon_core.verb:set package 'small_arm_moveit_config' build argument 'cmake_target' from command line to 'None'
[0.400s] Level 5:colcon.colcon_core.verb:set package 'small_arm_moveit_config' build argument 'cmake_target_skip_unavailable' from command line to 'False'
[0.400s] Level 5:colcon.colcon_core.verb:set package 'small_arm_moveit_config' build argument 'cmake_clean_cache' from command line to 'False'
[0.400s] Level 5:colcon.colcon_core.verb:set package 'small_arm_moveit_config' build argument 'cmake_clean_first' from command line to 'False'
[0.400s] Level 5:colcon.colcon_core.verb:set package 'small_arm_moveit_config' build argument 'cmake_force_configure' from command line to 'False'
[0.400s] Level 5:colcon.colcon_core.verb:set package 'small_arm_moveit_config' build argument 'ament_cmake_args' from command line to 'None'
[0.400s] Level 5:colcon.colcon_core.verb:set package 'small_arm_moveit_config' build argument 'catkin_cmake_args' from command line to 'None'
[0.400s] Level 5:colcon.colcon_core.verb:set package 'small_arm_moveit_config' build argument 'catkin_skip_building_tests' from command line to 'False'
[0.400s] DEBUG:colcon.colcon_core.verb:Building package 'small_arm_moveit_config' with the following arguments: {'ament_cmake_args': None, 'build_base': '/home/darkdemon/work/motor_control/build/small_arm_moveit_config', 'catkin_cmake_args': None, 'catkin_skip_building_tests': False, 'cmake_args': None, 'cmake_clean_cache': False, 'cmake_clean_first': False, 'cmake_force_configure': False, 'cmake_target': None, 'cmake_target_skip_unavailable': False, 'install_base': '/home/darkdemon/work/motor_control/install/small_arm_moveit_config', 'merge_install': False, 'path': '/home/darkdemon/work/motor_control/src/tb4_arm_ros2/small_arm_moveit_config', 'symlink_install': False, 'test_result_base': None}
[0.400s] INFO:colcon.colcon_core.executor:Executing jobs using 'parallel' executor
[0.402s] DEBUG:colcon.colcon_parallel_executor.executor.parallel:run_until_complete
[0.402s] INFO:colcon.colcon_ros.task.ament_cmake.build:Building ROS package in '/home/darkdemon/work/motor_control/src/dynamixel-workbench/dynamixel_workbench_toolbox' with build type 'ament_cmake'
[0.402s] INFO:colcon.colcon_cmake.task.cmake.build:Building CMake package in '/home/darkdemon/work/motor_control/src/dynamixel-workbench/dynamixel_workbench_toolbox'
[0.407s] INFO:colcon.colcon_core.plugin_system:Skipping extension 'colcon_core.shell.bat': Not used on non-Windows systems
[0.407s] INFO:colcon.colcon_core.shell:Skip shell extension 'powershell' for command environment: Not usable outside of PowerShell
[0.407s] DEBUG:colcon.colcon_core.shell:Skip shell extension 'dsv' for command environment
[0.413s] INFO:colcon.colcon_ros.task.ament_cmake.build:Building ROS package in '/home/darkdemon/work/motor_control/src/dynamixel-workbench-msgs/dynamixel_workbench_msgs' with build type 'ament_cmake'
[0.413s] INFO:colcon.colcon_cmake.task.cmake.build:Building CMake package in '/home/darkdemon/work/motor_control/src/dynamixel-workbench-msgs/dynamixel_workbench_msgs'
[0.414s] INFO:colcon.colcon_core.shell:Skip shell extension 'powershell' for command environment: Not usable outside of PowerShell
[0.414s] DEBUG:colcon.colcon_core.shell:Skip shell extension 'dsv' for command environment
[0.418s] INFO:colcon.colcon_ros.task.ament_python.build:Building ROS package in '/home/darkdemon/work/motor_control/src/tb4_arm_ros2/python_moveit2' with build type 'ament_python'
[0.418s] Level 1:colcon.colcon_core.shell:create_environment_hook('python_moveit2', 'ament_prefix_path')
[0.418s] INFO:colcon.colcon_core.shell:Creating environment hook '/home/darkdemon/work/motor_control/install/python_moveit2/share/python_moveit2/hook/ament_prefix_path.ps1'
[0.419s] INFO:colcon.colcon_core.shell:Creating environment descriptor '/home/darkdemon/work/motor_control/install/python_moveit2/share/python_moveit2/hook/ament_prefix_path.dsv'
[0.420s] INFO:colcon.colcon_core.shell:Creating environment hook '/home/darkdemon/work/motor_control/install/python_moveit2/share/python_moveit2/hook/ament_prefix_path.sh'
[0.422s] INFO:colcon.colcon_core.shell:Skip shell extension 'powershell' for command environment: Not usable outside of PowerShell
[0.422s] DEBUG:colcon.colcon_core.shell:Skip shell extension 'dsv' for command environment
[0.426s] INFO:colcon.colcon_ros.task.ament_python.build:Building ROS package in '/home/darkdemon/work/motor_control/src/realsense' with build type 'ament_python'
[0.427s] Level 1:colcon.colcon_core.shell:create_environment_hook('realsense', 'ament_prefix_path')
[0.427s] INFO:colcon.colcon_core.shell:Creating environment hook '/home/darkdemon/work/motor_control/install/realsense/share/realsense/hook/ament_prefix_path.ps1'
[0.428s] INFO:colcon.colcon_core.shell:Creating environment descriptor '/home/darkdemon/work/motor_control/install/realsense/share/realsense/hook/ament_prefix_path.dsv'
[0.428s] INFO:colcon.colcon_core.shell:Creating environment hook '/home/darkdemon/work/motor_control/install/realsense/share/realsense/hook/ament_prefix_path.sh'
[0.429s] INFO:colcon.colcon_core.shell:Skip shell extension 'powershell' for command environment: Not usable outside of PowerShell
[0.429s] DEBUG:colcon.colcon_core.shell:Skip shell extension 'dsv' for command environment
[0.433s] INFO:colcon.colcon_ros.task.ament_cmake.build:Building ROS package in '/home/darkdemon/work/motor_control/src/tb4_arm_ros2/small_arm_moveit_cpp' with build type 'ament_cmake'
[0.433s] INFO:colcon.colcon_cmake.task.cmake.build:Building CMake package in '/home/darkdemon/work/motor_control/src/tb4_arm_ros2/small_arm_moveit_cpp'
[0.434s] INFO:colcon.colcon_core.shell:Skip shell extension 'powershell' for command environment: Not usable outside of PowerShell
[0.434s] DEBUG:colcon.colcon_core.shell:Skip shell extension 'dsv' for command environment
[0.445s] DEBUG:colcon.colcon_core.event_handler.log_command:Invoking command in '/home/darkdemon/work/motor_control/build/dynamixel_workbench_toolbox': CMAKE_PREFIX_PATH=/opt/ros/humble /usr/bin/cmake --build /home/darkdemon/work/motor_control/build/dynamixel_workbench_toolbox -- -j20 -l20
[0.453s] DEBUG:colcon.colcon_core.event_handler.log_command:Invoking command in '/home/darkdemon/work/motor_control/build/dynamixel_workbench_msgs': CMAKE_PREFIX_PATH=/opt/ros/humble /usr/bin/cmake --build /home/darkdemon/work/motor_control/build/dynamixel_workbench_msgs -- -j20 -l20
[0.787s] INFO:colcon.colcon_core.task.python.build:Building Python package in '/home/darkdemon/work/motor_control/src/tb4_arm_ros2/python_moveit2'
[0.787s] INFO:colcon.colcon_core.shell:Skip shell extension 'powershell' for command environment: Not usable outside of PowerShell
[0.787s] DEBUG:colcon.colcon_core.shell:Skip shell extension 'dsv' for command environment
[1.152s] INFO:colcon.colcon_core.task.python.build:Building Python package in '/home/darkdemon/work/motor_control/src/realsense'
[1.153s] INFO:colcon.colcon_core.shell:Skip shell extension 'powershell' for command environment: Not usable outside of PowerShell
[1.153s] DEBUG:colcon.colcon_core.shell:Skip shell extension 'dsv' for command environment
[1.163s] DEBUG:colcon.colcon_core.event_handler.log_command:Invoked command in '/home/darkdemon/work/motor_control/build/dynamixel_workbench_toolbox' returned '0': CMAKE_PREFIX_PATH=/opt/ros/humble /usr/bin/cmake --build /home/darkdemon/work/motor_control/build/dynamixel_workbench_toolbox -- -j20 -l20
[1.175s] DEBUG:colcon.colcon_core.event_handler.log_command:Invoking command in '/home/darkdemon/work/motor_control/build/dynamixel_workbench_toolbox': CMAKE_PREFIX_PATH=/opt/ros/humble /usr/bin/cmake --install /home/darkdemon/work/motor_control/build/dynamixel_workbench_toolbox
[1.181s] DEBUG:colcon.colcon_core.event_handler.log_command:Invoking command in '/home/darkdemon/work/motor_control/build/small_arm_moveit_cpp': CMAKE_PREFIX_PATH=/opt/ros/humble /usr/bin/cmake --build /home/darkdemon/work/motor_control/build/small_arm_moveit_cpp -- -j20 -l20
[1.191s] Level 1:colcon.colcon_core.environment:create_environment_scripts_only(dynamixel_workbench_toolbox)
[1.192s] DEBUG:colcon.colcon_core.event_handler.log_command:Invoked command in '/home/darkdemon/work/motor_control/build/dynamixel_workbench_toolbox' returned '0': CMAKE_PREFIX_PATH=/opt/ros/humble /usr/bin/cmake --install /home/darkdemon/work/motor_control/build/dynamixel_workbench_toolbox
[1.195s] Level 1:colcon.colcon_core.environment:checking '/home/darkdemon/work/motor_control/install/dynamixel_workbench_toolbox' for CMake module files
[1.196s] Level 1:colcon.colcon_core.environment:checking '/home/darkdemon/work/motor_control/install/dynamixel_workbench_toolbox' for CMake config files
[1.196s] Level 1:colcon.colcon_core.shell:create_environment_hook('dynamixel_workbench_toolbox', 'cmake_prefix_path')
[1.196s] INFO:colcon.colcon_core.shell:Creating environment hook '/home/darkdemon/work/motor_control/install/dynamixel_workbench_toolbox/share/dynamixel_workbench_toolbox/hook/cmake_prefix_path.ps1'
[1.197s] INFO:colcon.colcon_core.shell:Creating environment descriptor '/home/darkdemon/work/motor_control/install/dynamixel_workbench_toolbox/share/dynamixel_workbench_toolbox/hook/cmake_prefix_path.dsv'
[1.197s] INFO:colcon.colcon_core.shell:Creating environment hook '/home/darkdemon/work/motor_control/install/dynamixel_workbench_toolbox/share/dynamixel_workbench_toolbox/hook/cmake_prefix_path.sh'
[1.198s] Level 1:colcon.colcon_core.environment:checking '/home/darkdemon/work/motor_control/install/dynamixel_workbench_toolbox/lib'
[1.198s] Level 1:colcon.colcon_core.shell:create_environment_hook('dynamixel_workbench_toolbox', 'ld_library_path_lib')
[1.199s] INFO:colcon.colcon_core.shell:Creating environment hook '/home/darkdemon/work/motor_control/install/dynamixel_workbench_toolbox/share/dynamixel_workbench_toolbox/hook/ld_library_path_lib.ps1'
[1.199s] INFO:colcon.colcon_core.shell:Creating environment descriptor '/home/darkdemon/work/motor_control/install/dynamixel_workbench_toolbox/share/dynamixel_workbench_toolbox/hook/ld_library_path_lib.dsv'
[1.199s] INFO:colcon.colcon_core.shell:Creating environment hook '/home/darkdemon/work/motor_control/install/dynamixel_workbench_toolbox/share/dynamixel_workbench_toolbox/hook/ld_library_path_lib.sh'
[1.200s] Level 1:colcon.colcon_core.environment:checking '/home/darkdemon/work/motor_control/install/dynamixel_workbench_toolbox/bin'
[1.200s] Level 1:colcon.colcon_core.environment:checking '/home/darkdemon/work/motor_control/install/dynamixel_workbench_toolbox/lib/pkgconfig/dynamixel_workbench_toolbox.pc'
[1.200s] Level 1:colcon.colcon_core.environment:checking '/home/darkdemon/work/motor_control/install/dynamixel_workbench_toolbox/lib/python3.10/site-packages'
[1.200s] Level 1:colcon.colcon_core.environment:checking '/home/darkdemon/work/motor_control/install/dynamixel_workbench_toolbox/bin'
[1.201s] INFO:colcon.colcon_core.shell:Creating package script '/home/darkdemon/work/motor_control/install/dynamixel_workbench_toolbox/share/dynamixel_workbench_toolbox/package.ps1'
[1.202s] INFO:colcon.colcon_core.shell:Creating package descriptor '/home/darkdemon/work/motor_control/install/dynamixel_workbench_toolbox/share/dynamixel_workbench_toolbox/package.dsv'
[1.203s] INFO:colcon.colcon_core.shell:Creating package script '/home/darkdemon/work/motor_control/install/dynamixel_workbench_toolbox/share/dynamixel_workbench_toolbox/package.sh'
[1.203s] INFO:colcon.colcon_core.shell:Creating package script '/home/darkdemon/work/motor_control/install/dynamixel_workbench_toolbox/share/dynamixel_workbench_toolbox/package.bash'
[1.204s] INFO:colcon.colcon_core.shell:Creating package script '/home/darkdemon/work/motor_control/install/dynamixel_workbench_toolbox/share/dynamixel_workbench_toolbox/package.zsh'
[1.205s] Level 1:colcon.colcon_core.environment:create_file_with_runtime_dependencies(/home/darkdemon/work/motor_control/install/dynamixel_workbench_toolbox/share/colcon-core/packages/dynamixel_workbench_toolbox)
[1.206s] Level 1:colcon.colcon_core.environment:create_environment_scripts_only(dynamixel_workbench_toolbox)
[1.206s] Level 1:colcon.colcon_core.environment:checking '/home/darkdemon/work/motor_control/install/dynamixel_workbench_toolbox' for CMake module files
[1.206s] Level 1:colcon.colcon_core.environment:checking '/home/darkdemon/work/motor_control/install/dynamixel_workbench_toolbox' for CMake config files
[1.206s] Level 1:colcon.colcon_core.shell:create_environment_hook('dynamixel_workbench_toolbox', 'cmake_prefix_path')
[1.207s] INFO:colcon.colcon_core.shell:Creating environment hook '/home/darkdemon/work/motor_control/install/dynamixel_workbench_toolbox/share/dynamixel_workbench_toolbox/hook/cmake_prefix_path.ps1'
[1.207s] INFO:colcon.colcon_core.shell:Creating environment descriptor '/home/darkdemon/work/motor_control/install/dynamixel_workbench_toolbox/share/dynamixel_workbench_toolbox/hook/cmake_prefix_path.dsv'
[1.207s] INFO:colcon.colcon_core.shell:Creating environment hook '/home/darkdemon/work/motor_control/install/dynamixel_workbench_toolbox/share/dynamixel_workbench_toolbox/hook/cmake_prefix_path.sh'
[1.208s] Level 1:colcon.colcon_core.environment:checking '/home/darkdemon/work/motor_control/install/dynamixel_workbench_toolbox/lib'
[1.208s] Level 1:colcon.colcon_core.shell:create_environment_hook('dynamixel_workbench_toolbox', 'ld_library_path_lib')
[1.208s] INFO:colcon.colcon_core.shell:Creating environment hook '/home/darkdemon/work/motor_control/install/dynamixel_workbench_toolbox/share/dynamixel_workbench_toolbox/hook/ld_library_path_lib.ps1'
[1.209s] INFO:colcon.colcon_core.shell:Creating environment descriptor '/home/darkdemon/work/motor_control/install/dynamixel_workbench_toolbox/share/dynamixel_workbench_toolbox/hook/ld_library_path_lib.dsv'
[1.209s] INFO:colcon.colcon_core.shell:Creating environment hook '/home/darkdemon/work/motor_control/install/dynamixel_workbench_toolbox/share/dynamixel_workbench_toolbox/hook/ld_library_path_lib.sh'
[1.210s] Level 1:colcon.colcon_core.environment:checking '/home/darkdemon/work/motor_control/install/dynamixel_workbench_toolbox/bin'
[1.210s] Level 1:colcon.colcon_core.environment:checking '/home/darkdemon/work/motor_control/install/dynamixel_workbench_toolbox/lib/pkgconfig/dynamixel_workbench_toolbox.pc'
[1.210s] Level 1:colcon.colcon_core.environment:checking '/home/darkdemon/work/motor_control/install/dynamixel_workbench_toolbox/lib/python3.10/site-packages'
[1.210s] Level 1:colcon.colcon_core.environment:checking '/home/darkdemon/work/motor_control/install/dynamixel_workbench_toolbox/bin'
[1.211s] INFO:colcon.colcon_core.shell:Creating package script '/home/darkdemon/work/motor_control/install/dynamixel_workbench_toolbox/share/dynamixel_workbench_toolbox/package.ps1'
[1.211s] INFO:colcon.colcon_core.shell:Creating package descriptor '/home/darkdemon/work/motor_control/install/dynamixel_workbench_toolbox/share/dynamixel_workbench_toolbox/package.dsv'
[1.212s] INFO:colcon.colcon_core.shell:Creating package script '/home/darkdemon/work/motor_control/install/dynamixel_workbench_toolbox/share/dynamixel_workbench_toolbox/package.sh'
[1.212s] INFO:colcon.colcon_core.shell:Creating package script '/home/darkdemon/work/motor_control/install/dynamixel_workbench_toolbox/share/dynamixel_workbench_toolbox/package.bash'
[1.212s] INFO:colcon.colcon_core.shell:Creating package script '/home/darkdemon/work/motor_control/install/dynamixel_workbench_toolbox/share/dynamixel_workbench_toolbox/package.zsh'
[1.213s] Level 1:colcon.colcon_core.environment:create_file_with_runtime_dependencies(/home/darkdemon/work/motor_control/install/dynamixel_workbench_toolbox/share/colcon-core/packages/dynamixel_workbench_toolbox)
[1.213s] INFO:colcon.colcon_ros.task.ament_cmake.build:Building ROS package in '/home/darkdemon/work/motor_control/src/tb4_arm_ros2/dynamixel_hardware' with build type 'ament_cmake'
[1.213s] INFO:colcon.colcon_cmake.task.cmake.build:Building CMake package in '/home/darkdemon/work/motor_control/src/tb4_arm_ros2/dynamixel_hardware'
[1.214s] INFO:colcon.colcon_core.shell:Skip shell extension 'powershell' for command environment: Not usable outside of PowerShell
[1.214s] DEBUG:colcon.colcon_core.shell:Skip shell extension 'dsv' for command environment
[1.218s] INFO:colcon.colcon_ros.task.ament_cmake.build:Building ROS package in '/home/darkdemon/work/motor_control/src/dynamixel-workbench/dynamixel_workbench' with build type 'ament_cmake'
[1.218s] INFO:colcon.colcon_cmake.task.cmake.build:Building CMake package in '/home/darkdemon/work/motor_control/src/dynamixel-workbench/dynamixel_workbench'
[1.218s] INFO:colcon.colcon_core.shell:Skip shell extension 'powershell' for command environment: Not usable outside of PowerShell
[1.218s] DEBUG:colcon.colcon_core.shell:Skip shell extension 'dsv' for command environment
[1.229s] DEBUG:colcon.colcon_core.event_handler.log_command:Invoking command in '/home/darkdemon/work/motor_control/build/dynamixel_hardware': AMENT_PREFIX_PATH=/home/darkdemon/work/motor_control/install/dynamixel_workbench_toolbox:${AMENT_PREFIX_PATH} CMAKE_PREFIX_PATH=/home/darkdemon/work/motor_control/install/dynamixel_workbench_toolbox:/opt/ros/humble LD_LIBRARY_PATH=/home/darkdemon/work/motor_control/install/dynamixel_workbench_toolbox/lib:${LD_LIBRARY_PATH} /usr/bin/cmake --build /home/darkdemon/work/motor_control/build/dynamixel_hardware -- -j20 -l20
[1.233s] DEBUG:colcon.colcon_core.event_handler.log_command:Invoking command in '/home/darkdemon/work/motor_control/build/dynamixel_workbench': AMENT_PREFIX_PATH=/home/darkdemon/work/motor_control/install/dynamixel_workbench_toolbox:${AMENT_PREFIX_PATH} CMAKE_PREFIX_PATH=/home/darkdemon/work/motor_control/install/dynamixel_workbench_toolbox:/opt/ros/humble LD_LIBRARY_PATH=/home/darkdemon/work/motor_control/install/dynamixel_workbench_toolbox/lib:${LD_LIBRARY_PATH} /usr/bin/cmake --build /home/darkdemon/work/motor_control/build/dynamixel_workbench -- -j20 -l20
[1.270s] DEBUG:colcon.colcon_core.event_handler.log_command:Invoked command in '/home/darkdemon/work/motor_control/build/dynamixel_workbench' returned '0': AMENT_PREFIX_PATH=/home/darkdemon/work/motor_control/install/dynamixel_workbench_toolbox:${AMENT_PREFIX_PATH} CMAKE_PREFIX_PATH=/home/darkdemon/work/motor_control/install/dynamixel_workbench_toolbox:/opt/ros/humble LD_LIBRARY_PATH=/home/darkdemon/work/motor_control/install/dynamixel_workbench_toolbox/lib:${LD_LIBRARY_PATH} /usr/bin/cmake --build /home/darkdemon/work/motor_control/build/dynamixel_workbench -- -j20 -l20
[1.273s] DEBUG:colcon.colcon_core.event_handler.log_command:Invoking command in '/home/darkdemon/work/motor_control/build/dynamixel_workbench': AMENT_PREFIX_PATH=/home/darkdemon/work/motor_control/install/dynamixel_workbench_toolbox:${AMENT_PREFIX_PATH} CMAKE_PREFIX_PATH=/home/darkdemon/work/motor_control/install/dynamixel_workbench_toolbox:/opt/ros/humble LD_LIBRARY_PATH=/home/darkdemon/work/motor_control/install/dynamixel_workbench_toolbox/lib:${LD_LIBRARY_PATH} /usr/bin/cmake --install /home/darkdemon/work/motor_control/build/dynamixel_workbench
[1.284s] Level 1:colcon.colcon_core.environment:create_environment_scripts_only(dynamixel_workbench)
[1.285s] Level 1:colcon.colcon_core.environment:checking '/home/darkdemon/work/motor_control/install/dynamixel_workbench' for CMake module files
[1.285s] DEBUG:colcon.colcon_core.event_handler.log_command:Invoked command in '/home/darkdemon/work/motor_control/build/dynamixel_workbench' returned '0': AMENT_PREFIX_PATH=/home/darkdemon/work/motor_control/install/dynamixel_workbench_toolbox:${AMENT_PREFIX_PATH} CMAKE_PREFIX_PATH=/home/darkdemon/work/motor_control/install/dynamixel_workbench_toolbox:/opt/ros/humble LD_LIBRARY_PATH=/home/darkdemon/work/motor_control/install/dynamixel_workbench_toolbox/lib:${LD_LIBRARY_PATH} /usr/bin/cmake --install /home/darkdemon/work/motor_control/build/dynamixel_workbench
[1.286s] Level 1:colcon.colcon_core.environment:checking '/home/darkdemon/work/motor_control/install/dynamixel_workbench' for CMake config files
[1.286s] Level 1:colcon.colcon_core.shell:create_environment_hook('dynamixel_workbench', 'cmake_prefix_path')
[1.287s] INFO:colcon.colcon_core.shell:Creating environment hook '/home/darkdemon/work/motor_control/install/dynamixel_workbench/share/dynamixel_workbench/hook/cmake_prefix_path.ps1'
[1.287s] INFO:colcon.colcon_core.shell:Creating environment descriptor '/home/darkdemon/work/motor_control/install/dynamixel_workbench/share/dynamixel_workbench/hook/cmake_prefix_path.dsv'
[1.288s] INFO:colcon.colcon_core.shell:Creating environment hook '/home/darkdemon/work/motor_control/install/dynamixel_workbench/share/dynamixel_workbench/hook/cmake_prefix_path.sh'
[1.289s] Level 1:colcon.colcon_core.environment:checking '/home/darkdemon/work/motor_control/install/dynamixel_workbench/bin'
[1.289s] Level 1:colcon.colcon_core.environment:checking '/home/darkdemon/work/motor_control/install/dynamixel_workbench/lib/pkgconfig/dynamixel_workbench.pc'
[1.289s] Level 1:colcon.colcon_core.environment:checking '/home/darkdemon/work/motor_control/install/dynamixel_workbench/lib/python3.10/site-packages'
[1.289s] Level 1:colcon.colcon_core.environment:checking '/home/darkdemon/work/motor_control/install/dynamixel_workbench/bin'
[1.290s] INFO:colcon.colcon_core.shell:Creating package script '/home/darkdemon/work/motor_control/install/dynamixel_workbench/share/dynamixel_workbench/package.ps1'
[1.290s] INFO:colcon.colcon_core.shell:Creating package descriptor '/home/darkdemon/work/motor_control/install/dynamixel_workbench/share/dynamixel_workbench/package.dsv'
[1.291s] INFO:colcon.colcon_core.shell:Creating package script '/home/darkdemon/work/motor_control/install/dynamixel_workbench/share/dynamixel_workbench/package.sh'
[1.291s] INFO:colcon.colcon_core.shell:Creating package script '/home/darkdemon/work/motor_control/install/dynamixel_workbench/share/dynamixel_workbench/package.bash'
[1.292s] INFO:colcon.colcon_core.shell:Creating package script '/home/darkdemon/work/motor_control/install/dynamixel_workbench/share/dynamixel_workbench/package.zsh'
[1.292s] Level 1:colcon.colcon_core.environment:create_file_with_runtime_dependencies(/home/darkdemon/work/motor_control/install/dynamixel_workbench/share/colcon-core/packages/dynamixel_workbench)
[1.293s] Level 1:colcon.colcon_core.environment:create_environment_scripts_only(dynamixel_workbench)
[1.293s] Level 1:colcon.colcon_core.environment:checking '/home/darkdemon/work/motor_control/install/dynamixel_workbench' for CMake module files
[1.293s] Level 1:colcon.colcon_core.environment:checking '/home/darkdemon/work/motor_control/install/dynamixel_workbench' for CMake config files
[1.294s] Level 1:colcon.colcon_core.shell:create_environment_hook('dynamixel_workbench', 'cmake_prefix_path')
[1.294s] INFO:colcon.colcon_core.shell:Creating environment hook '/home/darkdemon/work/motor_control/install/dynamixel_workbench/share/dynamixel_workbench/hook/cmake_prefix_path.ps1'
[1.295s] INFO:colcon.colcon_core.shell:Creating environment descriptor '/home/darkdemon/work/motor_control/install/dynamixel_workbench/share/dynamixel_workbench/hook/cmake_prefix_path.dsv'
[1.295s] INFO:colcon.colcon_core.shell:Creating environment hook '/home/darkdemon/work/motor_control/install/dynamixel_workbench/share/dynamixel_workbench/hook/cmake_prefix_path.sh'
[1.295s] Level 1:colcon.colcon_core.environment:checking '/home/darkdemon/work/motor_control/install/dynamixel_workbench/bin'
[1.295s] Level 1:colcon.colcon_core.environment:checking '/home/darkdemon/work/motor_control/install/dynamixel_workbench/lib/pkgconfig/dynamixel_workbench.pc'
[1.296s] Level 1:colcon.colcon_core.environment:checking '/home/darkdemon/work/motor_control/install/dynamixel_workbench/lib/python3.10/site-packages'
[1.296s] Level 1:colcon.colcon_core.environment:checking '/home/darkdemon/work/motor_control/install/dynamixel_workbench/bin'
[1.296s] INFO:colcon.colcon_core.shell:Creating package script '/home/darkdemon/work/motor_control/install/dynamixel_workbench/share/dynamixel_workbench/package.ps1'
[1.297s] INFO:colcon.colcon_core.shell:Creating package descriptor '/home/darkdemon/work/motor_control/install/dynamixel_workbench/share/dynamixel_workbench/package.dsv'
[1.297s] INFO:colcon.colcon_core.shell:Creating package script '/home/darkdemon/work/motor_control/install/dynamixel_workbench/share/dynamixel_workbench/package.sh'
[1.298s] INFO:colcon.colcon_core.shell:Creating package script '/home/darkdemon/work/motor_control/install/dynamixel_workbench/share/dynamixel_workbench/package.bash'
[1.298s] INFO:colcon.colcon_core.shell:Creating package script '/home/darkdemon/work/motor_control/install/dynamixel_workbench/share/dynamixel_workbench/package.zsh'
[1.299s] Level 1:colcon.colcon_core.environment:create_file_with_runtime_dependencies(/home/darkdemon/work/motor_control/install/dynamixel_workbench/share/colcon-core/packages/dynamixel_workbench)
[1.319s] DEBUG:colcon.colcon_core.event_handler.log_command:Invoked command in '/home/darkdemon/work/motor_control/build/small_arm_moveit_cpp' returned '0': CMAKE_PREFIX_PATH=/opt/ros/humble /usr/bin/cmake --build /home/darkdemon/work/motor_control/build/small_arm_moveit_cpp -- -j20 -l20
[1.321s] DEBUG:colcon.colcon_core.event_handler.log_command:Invoking command in '/home/darkdemon/work/motor_control/build/small_arm_moveit_cpp': CMAKE_PREFIX_PATH=/opt/ros/humble /usr/bin/cmake --install /home/darkdemon/work/motor_control/build/small_arm_moveit_cpp
[1.323s] DEBUG:colcon.colcon_core.event_handler.log_command:Invoked command in '/home/darkdemon/work/motor_control/build/dynamixel_workbench_msgs' returned '0': CMAKE_PREFIX_PATH=/opt/ros/humble /usr/bin/cmake --build /home/darkdemon/work/motor_control/build/dynamixel_workbench_msgs -- -j20 -l20
[1.325s] DEBUG:colcon.colcon_core.event_handler.log_command:Invoking command in '/home/darkdemon/work/motor_control/build/dynamixel_workbench_msgs': CMAKE_PREFIX_PATH=/opt/ros/humble /usr/bin/cmake --install /home/darkdemon/work/motor_control/build/dynamixel_workbench_msgs
[1.327s] DEBUG:colcon.colcon_core.event_handler.log_command:Invoked command in '/home/darkdemon/work/motor_control/build/dynamixel_hardware' returned '0': AMENT_PREFIX_PATH=/home/darkdemon/work/motor_control/install/dynamixel_workbench_toolbox:${AMENT_PREFIX_PATH} CMAKE_PREFIX_PATH=/home/darkdemon/work/motor_control/install/dynamixel_workbench_toolbox:/opt/ros/humble LD_LIBRARY_PATH=/home/darkdemon/work/motor_control/install/dynamixel_workbench_toolbox/lib:${LD_LIBRARY_PATH} /usr/bin/cmake --build /home/darkdemon/work/motor_control/build/dynamixel_hardware -- -j20 -l20
[1.329s] DEBUG:colcon.colcon_core.event_handler.log_command:Invoking command in '/home/darkdemon/work/motor_control/build/dynamixel_hardware': AMENT_PREFIX_PATH=/home/darkdemon/work/motor_control/install/dynamixel_workbench_toolbox:${AMENT_PREFIX_PATH} CMAKE_PREFIX_PATH=/home/darkdemon/work/motor_control/install/dynamixel_workbench_toolbox:/opt/ros/humble LD_LIBRARY_PATH=/home/darkdemon/work/motor_control/install/dynamixel_workbench_toolbox/lib:${LD_LIBRARY_PATH} /usr/bin/cmake --install /home/darkdemon/work/motor_control/build/dynamixel_hardware
[1.338s] Level 1:colcon.colcon_core.environment:create_environment_scripts_only(small_arm_moveit_cpp)
[1.339s] Level 1:colcon.colcon_core.environment:checking '/home/darkdemon/work/motor_control/install/small_arm_moveit_cpp' for CMake module files
[1.346s] Level 1:colcon.colcon_core.environment:checking '/home/darkdemon/work/motor_control/install/small_arm_moveit_cpp' for CMake config files
[1.350s] Level 1:colcon.colcon_core.shell:create_environment_hook('small_arm_moveit_cpp', 'cmake_prefix_path')
[1.350s] INFO:colcon.colcon_core.shell:Creating environment hook '/home/darkdemon/work/motor_control/install/small_arm_moveit_cpp/share/small_arm_moveit_cpp/hook/cmake_prefix_path.ps1'
[1.353s] INFO:colcon.colcon_core.shell:Creating environment descriptor '/home/darkdemon/work/motor_control/install/small_arm_moveit_cpp/share/small_arm_moveit_cpp/hook/cmake_prefix_path.dsv'
[1.355s] INFO:colcon.colcon_core.shell:Creating environment hook '/home/darkdemon/work/motor_control/install/small_arm_moveit_cpp/share/small_arm_moveit_cpp/hook/cmake_prefix_path.sh'
[1.358s] Level 1:colcon.colcon_core.environment:checking '/home/darkdemon/work/motor_control/install/small_arm_moveit_cpp/lib'
[1.358s] DEBUG:colcon.colcon_core.event_handler.log_command:Invoked command in '/home/darkdemon/work/motor_control/build/small_arm_moveit_cpp' returned '0': CMAKE_PREFIX_PATH=/opt/ros/humble /usr/bin/cmake --install /home/darkdemon/work/motor_control/build/small_arm_moveit_cpp
[1.359s] Level 1:colcon.colcon_core.environment:checking '/home/darkdemon/work/motor_control/install/small_arm_moveit_cpp/bin'
[1.359s] Level 1:colcon.colcon_core.environment:checking '/home/darkdemon/work/motor_control/install/small_arm_moveit_cpp/lib/pkgconfig/small_arm_moveit_cpp.pc'
[1.360s] Level 1:colcon.colcon_core.environment:checking '/home/darkdemon/work/motor_control/install/small_arm_moveit_cpp/lib/python3.10/site-packages'
[1.360s] Level 1:colcon.colcon_core.environment:checking '/home/darkdemon/work/motor_control/install/small_arm_moveit_cpp/bin'
[1.361s] INFO:colcon.colcon_core.shell:Creating package script '/home/darkdemon/work/motor_control/install/small_arm_moveit_cpp/share/small_arm_moveit_cpp/package.ps1'
[1.363s] INFO:colcon.colcon_core.shell:Creating package descriptor '/home/darkdemon/work/motor_control/install/small_arm_moveit_cpp/share/small_arm_moveit_cpp/package.dsv'
[1.366s] INFO:colcon.colcon_core.shell:Creating package script '/home/darkdemon/work/motor_control/install/small_arm_moveit_cpp/share/small_arm_moveit_cpp/package.sh'
[1.367s] INFO:colcon.colcon_core.shell:Creating package script '/home/darkdemon/work/motor_control/install/small_arm_moveit_cpp/share/small_arm_moveit_cpp/package.bash'
[1.368s] INFO:colcon.colcon_core.shell:Creating package script '/home/darkdemon/work/motor_control/install/small_arm_moveit_cpp/share/small_arm_moveit_cpp/package.zsh'
[1.369s] Level 1:colcon.colcon_core.environment:create_file_with_runtime_dependencies(/home/darkdemon/work/motor_control/install/small_arm_moveit_cpp/share/colcon-core/packages/small_arm_moveit_cpp)
[1.370s] Level 1:colcon.colcon_core.environment:create_environment_scripts_only(small_arm_moveit_cpp)
[1.370s] Level 1:colcon.colcon_core.environment:checking '/home/darkdemon/work/motor_control/install/small_arm_moveit_cpp' for CMake module files
[1.375s] Level 1:colcon.colcon_core.environment:checking '/home/darkdemon/work/motor_control/install/small_arm_moveit_cpp' for CMake config files
[1.382s] Level 1:colcon.colcon_core.shell:create_environment_hook('small_arm_moveit_cpp', 'cmake_prefix_path')
[1.383s] INFO:colcon.colcon_core.shell:Creating environment hook '/home/darkdemon/work/motor_control/install/small_arm_moveit_cpp/share/small_arm_moveit_cpp/hook/cmake_prefix_path.ps1'
[1.384s] INFO:colcon.colcon_core.shell:Creating environment descriptor '/home/darkdemon/work/motor_control/install/small_arm_moveit_cpp/share/small_arm_moveit_cpp/hook/cmake_prefix_path.dsv'
[1.385s] INFO:colcon.colcon_core.shell:Creating environment hook '/home/darkdemon/work/motor_control/install/small_arm_moveit_cpp/share/small_arm_moveit_cpp/hook/cmake_prefix_path.sh'
[1.386s] Level 1:colcon.colcon_core.environment:checking '/home/darkdemon/work/motor_control/install/small_arm_moveit_cpp/lib'
[1.387s] Level 1:colcon.colcon_core.environment:checking '/home/darkdemon/work/motor_control/install/small_arm_moveit_cpp/bin'
[1.387s] Level 1:colcon.colcon_core.environment:checking '/home/darkdemon/work/motor_control/install/small_arm_moveit_cpp/lib/pkgconfig/small_arm_moveit_cpp.pc'
[1.387s] Level 1:colcon.colcon_core.environment:checking '/home/darkdemon/work/motor_control/install/small_arm_moveit_cpp/lib/python3.10/site-packages'
[1.387s] Level 1:colcon.colcon_core.environment:checking '/home/darkdemon/work/motor_control/install/small_arm_moveit_cpp/bin'
[1.388s] INFO:colcon.colcon_core.shell:Creating package script '/home/darkdemon/work/motor_control/install/small_arm_moveit_cpp/share/small_arm_moveit_cpp/package.ps1'
[1.388s] INFO:colcon.colcon_core.shell:Creating package descriptor '/home/darkdemon/work/motor_control/install/small_arm_moveit_cpp/share/small_arm_moveit_cpp/package.dsv'
[1.390s] INFO:colcon.colcon_core.shell:Creating package script '/home/darkdemon/work/motor_control/install/small_arm_moveit_cpp/share/small_arm_moveit_cpp/package.sh'
[1.390s] INFO:colcon.colcon_core.shell:Creating package script '/home/darkdemon/work/motor_control/install/small_arm_moveit_cpp/share/small_arm_moveit_cpp/package.bash'
[1.391s] INFO:colcon.colcon_core.shell:Creating package script '/home/darkdemon/work/motor_control/install/small_arm_moveit_cpp/share/small_arm_moveit_cpp/package.zsh'
[1.392s] Level 1:colcon.colcon_core.environment:create_file_with_runtime_dependencies(/home/darkdemon/work/motor_control/install/small_arm_moveit_cpp/share/colcon-core/packages/small_arm_moveit_cpp)
[1.394s] Level 1:colcon.colcon_core.environment:create_environment_scripts_only(dynamixel_hardware)
[1.394s] Level 1:colcon.colcon_core.environment:checking '/home/darkdemon/work/motor_control/install/dynamixel_hardware' for CMake module files
[1.395s] Level 1:colcon.colcon_core.environment:checking '/home/darkdemon/work/motor_control/install/dynamixel_hardware' for CMake config files
[1.400s] Level 1:colcon.colcon_core.shell:create_environment_hook('dynamixel_hardware', 'cmake_prefix_path')
[1.401s] INFO:colcon.colcon_core.shell:Creating environment hook '/home/darkdemon/work/motor_control/install/dynamixel_hardware/share/dynamixel_hardware/hook/cmake_prefix_path.ps1'
[1.403s] INFO:colcon.colcon_core.shell:Creating environment descriptor '/home/darkdemon/work/motor_control/install/dynamixel_hardware/share/dynamixel_hardware/hook/cmake_prefix_path.dsv'
[1.405s] INFO:colcon.colcon_core.shell:Creating environment hook '/home/darkdemon/work/motor_control/install/dynamixel_hardware/share/dynamixel_hardware/hook/cmake_prefix_path.sh'
[1.408s] Level 1:colcon.colcon_core.environment:checking '/home/darkdemon/work/motor_control/install/dynamixel_hardware/lib'
[1.408s] Level 1:colcon.colcon_core.shell:create_environment_hook('dynamixel_hardware', 'ld_library_path_lib')
[1.409s] INFO:colcon.colcon_core.shell:Creating environment hook '/home/darkdemon/work/motor_control/install/dynamixel_hardware/share/dynamixel_hardware/hook/ld_library_path_lib.ps1'
[1.409s] INFO:colcon.colcon_core.shell:Creating environment descriptor '/home/darkdemon/work/motor_control/install/dynamixel_hardware/share/dynamixel_hardware/hook/ld_library_path_lib.dsv'
[1.410s] INFO:colcon.colcon_core.shell:Creating environment hook '/home/darkdemon/work/motor_control/install/dynamixel_hardware/share/dynamixel_hardware/hook/ld_library_path_lib.sh'
[1.412s] DEBUG:colcon.colcon_core.event_handler.log_command:Invoked command in '/home/darkdemon/work/motor_control/build/dynamixel_hardware' returned '0': AMENT_PREFIX_PATH=/home/darkdemon/work/motor_control/install/dynamixel_workbench_toolbox:${AMENT_PREFIX_PATH} CMAKE_PREFIX_PATH=/home/darkdemon/work/motor_control/install/dynamixel_workbench_toolbox:/opt/ros/humble LD_LIBRARY_PATH=/home/darkdemon/work/motor_control/install/dynamixel_workbench_toolbox/lib:${LD_LIBRARY_PATH} /usr/bin/cmake --install /home/darkdemon/work/motor_control/build/dynamixel_hardware
[1.413s] Level 1:colcon.colcon_core.environment:checking '/home/darkdemon/work/motor_control/install/dynamixel_hardware/bin'
[1.414s] Level 1:colcon.colcon_core.environment:checking '/home/darkdemon/work/motor_control/install/dynamixel_hardware/lib/pkgconfig/dynamixel_hardware.pc'
[1.415s] Level 1:colcon.colcon_core.environment:checking '/home/darkdemon/work/motor_control/install/dynamixel_hardware/lib/python3.10/site-packages'
[1.416s] Level 1:colcon.colcon_core.environment:checking '/home/darkdemon/work/motor_control/install/dynamixel_hardware/bin'
[1.416s] INFO:colcon.colcon_core.shell:Creating package script '/home/darkdemon/work/motor_control/install/dynamixel_hardware/share/dynamixel_hardware/package.ps1'
[1.419s] INFO:colcon.colcon_core.shell:Creating package descriptor '/home/darkdemon/work/motor_control/install/dynamixel_hardware/share/dynamixel_hardware/package.dsv'
[1.419s] INFO:colcon.colcon_core.shell:Creating package script '/home/darkdemon/work/motor_control/install/dynamixel_hardware/share/dynamixel_hardware/package.sh'
[1.419s] INFO:colcon.colcon_core.shell:Creating package script '/home/darkdemon/work/motor_control/install/dynamixel_hardware/share/dynamixel_hardware/package.bash'
[1.420s] INFO:colcon.colcon_core.shell:Creating package script '/home/darkdemon/work/motor_control/install/dynamixel_hardware/share/dynamixel_hardware/package.zsh'
[1.420s] Level 1:colcon.colcon_core.environment:create_file_with_runtime_dependencies(/home/darkdemon/work/motor_control/install/dynamixel_hardware/share/colcon-core/packages/dynamixel_hardware)
[1.421s] Level 1:colcon.colcon_core.environment:create_environment_scripts_only(dynamixel_hardware)
[1.421s] Level 1:colcon.colcon_core.environment:checking '/home/darkdemon/work/motor_control/install/dynamixel_hardware' for CMake module files
[1.421s] Level 1:colcon.colcon_core.environment:checking '/home/darkdemon/work/motor_control/install/dynamixel_hardware' for CMake config files
[1.421s] Level 1:colcon.colcon_core.shell:create_environment_hook('dynamixel_hardware', 'cmake_prefix_path')
[1.422s] INFO:colcon.colcon_core.shell:Creating environment hook '/home/darkdemon/work/motor_control/install/dynamixel_hardware/share/dynamixel_hardware/hook/cmake_prefix_path.ps1'
[1.422s] INFO:colcon.colcon_core.shell:Creating environment descriptor '/home/darkdemon/work/motor_control/install/dynamixel_hardware/share/dynamixel_hardware/hook/cmake_prefix_path.dsv'
[1.422s] INFO:colcon.colcon_core.shell:Creating environment hook '/home/darkdemon/work/motor_control/install/dynamixel_hardware/share/dynamixel_hardware/hook/cmake_prefix_path.sh'
[1.423s] Level 1:colcon.colcon_core.environment:checking '/home/darkdemon/work/motor_control/install/dynamixel_hardware/lib'
[1.423s] Level 1:colcon.colcon_core.shell:create_environment_hook('dynamixel_hardware', 'ld_library_path_lib')
[1.423s] INFO:colcon.colcon_core.shell:Creating environment hook '/home/darkdemon/work/motor_control/install/dynamixel_hardware/share/dynamixel_hardware/hook/ld_library_path_lib.ps1'
[1.423s] INFO:colcon.colcon_core.shell:Creating environment descriptor '/home/darkdemon/work/motor_control/install/dynamixel_hardware/share/dynamixel_hardware/hook/ld_library_path_lib.dsv'
[1.424s] INFO:colcon.colcon_core.shell:Creating environment hook '/home/darkdemon/work/motor_control/install/dynamixel_hardware/share/dynamixel_hardware/hook/ld_library_path_lib.sh'
[1.424s] Level 1:colcon.colcon_core.environment:checking '/home/darkdemon/work/motor_control/install/dynamixel_hardware/bin'
[1.424s] Level 1:colcon.colcon_core.environment:checking '/home/darkdemon/work/motor_control/install/dynamixel_hardware/lib/pkgconfig/dynamixel_hardware.pc'
[1.424s] Level 1:colcon.colcon_core.environment:checking '/home/darkdemon/work/motor_control/install/dynamixel_hardware/lib/python3.10/site-packages'
[1.425s] Level 1:colcon.colcon_core.environment:checking '/home/darkdemon/work/motor_control/install/dynamixel_hardware/bin'
[1.425s] INFO:colcon.colcon_core.shell:Creating package script '/home/darkdemon/work/motor_control/install/dynamixel_hardware/share/dynamixel_hardware/package.ps1'
[1.426s] INFO:colcon.colcon_core.shell:Creating package descriptor '/home/darkdemon/work/motor_control/install/dynamixel_hardware/share/dynamixel_hardware/package.dsv'
[1.426s] INFO:colcon.colcon_core.shell:Creating package script '/home/darkdemon/work/motor_control/install/dynamixel_hardware/share/dynamixel_hardware/package.sh'
[1.426s] INFO:colcon.colcon_core.shell:Creating package script '/home/darkdemon/work/motor_control/install/dynamixel_hardware/share/dynamixel_hardware/package.bash'
[1.427s] INFO:colcon.colcon_core.shell:Creating package script '/home/darkdemon/work/motor_control/install/dynamixel_hardware/share/dynamixel_hardware/package.zsh'
[1.427s] Level 1:colcon.colcon_core.environment:create_file_with_runtime_dependencies(/home/darkdemon/work/motor_control/install/dynamixel_hardware/share/colcon-core/packages/dynamixel_hardware)
[1.428s] INFO:colcon.colcon_ros.task.ament_cmake.build:Building ROS package in '/home/darkdemon/work/motor_control/src/tb4_arm_ros2/small_arm_description' with build type 'ament_cmake'
[1.428s] INFO:colcon.colcon_cmake.task.cmake.build:Building CMake package in '/home/darkdemon/work/motor_control/src/tb4_arm_ros2/small_arm_description'
[1.428s] INFO:colcon.colcon_core.shell:Skip shell extension 'powershell' for command environment: Not usable outside of PowerShell
[1.428s] DEBUG:colcon.colcon_core.shell:Skip shell extension 'dsv' for command environment
[1.432s] Level 1:colcon.colcon_core.environment:create_environment_scripts_only(dynamixel_workbench_msgs)
[1.432s] Level 1:colcon.colcon_core.environment:checking '/home/darkdemon/work/motor_control/install/dynamixel_workbench_msgs' for CMake module files
[1.433s] DEBUG:colcon.colcon_core.event_handler.log_command:Invoked command in '/home/darkdemon/work/motor_control/build/dynamixel_workbench_msgs' returned '0': CMAKE_PREFIX_PATH=/opt/ros/humble /usr/bin/cmake --install /home/darkdemon/work/motor_control/build/dynamixel_workbench_msgs
[1.433s] Level 1:colcon.colcon_core.environment:checking '/home/darkdemon/work/motor_control/install/dynamixel_workbench_msgs' for CMake config files
[1.434s] Level 1:colcon.colcon_core.shell:create_environment_hook('dynamixel_workbench_msgs', 'cmake_prefix_path')
[1.434s] INFO:colcon.colcon_core.shell:Creating environment hook '/home/darkdemon/work/motor_control/install/dynamixel_workbench_msgs/share/dynamixel_workbench_msgs/hook/cmake_prefix_path.ps1'
[1.434s] INFO:colcon.colcon_core.shell:Creating environment descriptor '/home/darkdemon/work/motor_control/install/dynamixel_workbench_msgs/share/dynamixel_workbench_msgs/hook/cmake_prefix_path.dsv'
[1.435s] INFO:colcon.colcon_core.shell:Creating environment hook '/home/darkdemon/work/motor_control/install/dynamixel_workbench_msgs/share/dynamixel_workbench_msgs/hook/cmake_prefix_path.sh'
[1.435s] Level 1:colcon.colcon_core.environment:checking '/home/darkdemon/work/motor_control/install/dynamixel_workbench_msgs/lib'
[1.435s] Level 1:colcon.colcon_core.shell:create_environment_hook('dynamixel_workbench_msgs', 'ld_library_path_lib')
[1.436s] INFO:colcon.colcon_core.shell:Creating environment hook '/home/darkdemon/work/motor_control/install/dynamixel_workbench_msgs/share/dynamixel_workbench_msgs/hook/ld_library_path_lib.ps1'
[1.436s] INFO:colcon.colcon_core.shell:Creating environment descriptor '/home/darkdemon/work/motor_control/install/dynamixel_workbench_msgs/share/dynamixel_workbench_msgs/hook/ld_library_path_lib.dsv'
[1.436s] INFO:colcon.colcon_core.shell:Creating environment hook '/home/darkdemon/work/motor_control/install/dynamixel_workbench_msgs/share/dynamixel_workbench_msgs/hook/ld_library_path_lib.sh'
[1.437s] Level 1:colcon.colcon_core.environment:checking '/home/darkdemon/work/motor_control/install/dynamixel_workbench_msgs/bin'
[1.437s] Level 1:colcon.colcon_core.environment:checking '/home/darkdemon/work/motor_control/install/dynamixel_workbench_msgs/lib/pkgconfig/dynamixel_workbench_msgs.pc'
[1.437s] Level 1:colcon.colcon_core.environment:checking '/home/darkdemon/work/motor_control/install/dynamixel_workbench_msgs/lib/python3.10/site-packages'
[1.437s] Level 1:colcon.colcon_core.environment:checking '/home/darkdemon/work/motor_control/install/dynamixel_workbench_msgs/bin'
[1.437s] INFO:colcon.colcon_core.shell:Creating package script '/home/darkdemon/work/motor_control/install/dynamixel_workbench_msgs/share/dynamixel_workbench_msgs/package.ps1'
[1.438s] INFO:colcon.colcon_core.shell:Creating package descriptor '/home/darkdemon/work/motor_control/install/dynamixel_workbench_msgs/share/dynamixel_workbench_msgs/package.dsv'
[1.438s] INFO:colcon.colcon_core.shell:Creating package script '/home/darkdemon/work/motor_control/install/dynamixel_workbench_msgs/share/dynamixel_workbench_msgs/package.sh'
[1.439s] INFO:colcon.colcon_core.shell:Creating package script '/home/darkdemon/work/motor_control/install/dynamixel_workbench_msgs/share/dynamixel_workbench_msgs/package.bash'
[1.439s] INFO:colcon.colcon_core.shell:Creating package script '/home/darkdemon/work/motor_control/install/dynamixel_workbench_msgs/share/dynamixel_workbench_msgs/package.zsh'
[1.439s] Level 1:colcon.colcon_core.environment:create_file_with_runtime_dependencies(/home/darkdemon/work/motor_control/install/dynamixel_workbench_msgs/share/colcon-core/packages/dynamixel_workbench_msgs)
[1.440s] Level 1:colcon.colcon_core.environment:create_environment_scripts_only(dynamixel_workbench_msgs)
[1.440s] Level 1:colcon.colcon_core.environment:checking '/home/darkdemon/work/motor_control/install/dynamixel_workbench_msgs' for CMake module files
[1.441s] Level 1:colcon.colcon_core.environment:checking '/home/darkdemon/work/motor_control/install/dynamixel_workbench_msgs' for CMake config files
[1.441s] Level 1:colcon.colcon_core.shell:create_environment_hook('dynamixel_workbench_msgs', 'cmake_prefix_path')
[1.441s] INFO:colcon.colcon_core.shell:Creating environment hook '/home/darkdemon/work/motor_control/install/dynamixel_workbench_msgs/share/dynamixel_workbench_msgs/hook/cmake_prefix_path.ps1'
[1.442s] INFO:colcon.colcon_core.shell:Creating environment descriptor '/home/darkdemon/work/motor_control/install/dynamixel_workbench_msgs/share/dynamixel_workbench_msgs/hook/cmake_prefix_path.dsv'
[1.442s] INFO:colcon.colcon_core.shell:Creating environment hook '/home/darkdemon/work/motor_control/install/dynamixel_workbench_msgs/share/dynamixel_workbench_msgs/hook/cmake_prefix_path.sh'
[1.443s] Level 1:colcon.colcon_core.environment:checking '/home/darkdemon/work/motor_control/install/dynamixel_workbench_msgs/lib'
[1.443s] Level 1:colcon.colcon_core.shell:create_environment_hook('dynamixel_workbench_msgs', 'ld_library_path_lib')
[1.443s] INFO:colcon.colcon_core.shell:Creating environment hook '/home/darkdemon/work/motor_control/install/dynamixel_workbench_msgs/share/dynamixel_workbench_msgs/hook/ld_library_path_lib.ps1'
[1.443s] INFO:colcon.colcon_core.shell:Creating environment descriptor '/home/darkdemon/work/motor_control/install/dynamixel_workbench_msgs/share/dynamixel_workbench_msgs/hook/ld_library_path_lib.dsv'
[1.444s] INFO:colcon.colcon_core.shell:Creating environment hook '/home/darkdemon/work/motor_control/install/dynamixel_workbench_msgs/share/dynamixel_workbench_msgs/hook/ld_library_path_lib.sh'
[1.444s] Level 1:colcon.colcon_core.environment:checking '/home/darkdemon/work/motor_control/install/dynamixel_workbench_msgs/bin'
[1.444s] Level 1:colcon.colcon_core.environment:checking '/home/darkdemon/work/motor_control/install/dynamixel_workbench_msgs/lib/pkgconfig/dynamixel_workbench_msgs.pc'
[1.444s] Level 1:colcon.colcon_core.environment:checking '/home/darkdemon/work/motor_control/install/dynamixel_workbench_msgs/lib/python3.10/site-packages'
[1.444s] Level 1:colcon.colcon_core.environment:checking '/home/darkdemon/work/motor_control/install/dynamixel_workbench_msgs/bin'
[1.445s] INFO:colcon.colcon_core.shell:Creating package script '/home/darkdemon/work/motor_control/install/dynamixel_workbench_msgs/share/dynamixel_workbench_msgs/package.ps1'
[1.445s] INFO:colcon.colcon_core.shell:Creating package descriptor '/home/darkdemon/work/motor_control/install/dynamixel_workbench_msgs/share/dynamixel_workbench_msgs/package.dsv'
[1.446s] INFO:colcon.colcon_core.shell:Creating package script '/home/darkdemon/work/motor_control/install/dynamixel_workbench_msgs/share/dynamixel_workbench_msgs/package.sh'
[1.446s] INFO:colcon.colcon_core.shell:Creating package script '/home/darkdemon/work/motor_control/install/dynamixel_workbench_msgs/share/dynamixel_workbench_msgs/package.bash'
[1.447s] INFO:colcon.colcon_core.shell:Creating package script '/home/darkdemon/work/motor_control/install/dynamixel_workbench_msgs/share/dynamixel_workbench_msgs/package.zsh'
[1.447s] Level 1:colcon.colcon_core.environment:create_file_with_runtime_dependencies(/home/darkdemon/work/motor_control/install/dynamixel_workbench_msgs/share/colcon-core/packages/dynamixel_workbench_msgs)
[1.452s] DEBUG:colcon.colcon_core.event_handler.log_command:Invoking command in '/home/darkdemon/work/motor_control/build/small_arm_description': AMENT_PREFIX_PATH=/home/darkdemon/work/motor_control/install/dynamixel_hardware:/home/darkdemon/work/motor_control/install/dynamixel_workbench_toolbox:${AMENT_PREFIX_PATH} CMAKE_PREFIX_PATH=/home/darkdemon/work/motor_control/install/dynamixel_hardware:/home/darkdemon/work/motor_control/install/dynamixel_workbench_toolbox:/opt/ros/humble LD_LIBRARY_PATH=/home/darkdemon/work/motor_control/install/dynamixel_hardware/lib:/home/darkdemon/work/motor_control/install/dynamixel_workbench_toolbox/lib:${LD_LIBRARY_PATH} /usr/bin/cmake --build /home/darkdemon/work/motor_control/build/small_arm_description -- -j20 -l20
[1.505s] DEBUG:colcon.colcon_core.event_handler.log_command:Invoked command in '/home/darkdemon/work/motor_control/build/small_arm_description' returned '0': AMENT_PREFIX_PATH=/home/darkdemon/work/motor_control/install/dynamixel_hardware:/home/darkdemon/work/motor_control/install/dynamixel_workbench_toolbox:${AMENT_PREFIX_PATH} CMAKE_PREFIX_PATH=/home/darkdemon/work/motor_control/install/dynamixel_hardware:/home/darkdemon/work/motor_control/install/dynamixel_workbench_toolbox:/opt/ros/humble LD_LIBRARY_PATH=/home/darkdemon/work/motor_control/install/dynamixel_hardware/lib:/home/darkdemon/work/motor_control/install/dynamixel_workbench_toolbox/lib:${LD_LIBRARY_PATH} /usr/bin/cmake --build /home/darkdemon/work/motor_control/build/small_arm_description -- -j20 -l20
[1.507s] DEBUG:colcon.colcon_core.event_handler.log_command:Invoking command in '/home/darkdemon/work/motor_control/build/small_arm_description': AMENT_PREFIX_PATH=/home/darkdemon/work/motor_control/install/dynamixel_hardware:/home/darkdemon/work/motor_control/install/dynamixel_workbench_toolbox:${AMENT_PREFIX_PATH} CMAKE_PREFIX_PATH=/home/darkdemon/work/motor_control/install/dynamixel_hardware:/home/darkdemon/work/motor_control/install/dynamixel_workbench_toolbox:/opt/ros/humble LD_LIBRARY_PATH=/home/darkdemon/work/motor_control/install/dynamixel_hardware/lib:/home/darkdemon/work/motor_control/install/dynamixel_workbench_toolbox/lib:${LD_LIBRARY_PATH} /usr/bin/cmake --install /home/darkdemon/work/motor_control/build/small_arm_description
[1.520s] Level 1:colcon.colcon_core.environment:create_environment_scripts_only(small_arm_description)
[1.520s] Level 1:colcon.colcon_core.environment:checking '/home/darkdemon/work/motor_control/install/small_arm_description' for CMake module files
[1.522s] DEBUG:colcon.colcon_core.event_handler.log_command:Invoked command in '/home/darkdemon/work/motor_control/build/small_arm_description' returned '0': AMENT_PREFIX_PATH=/home/darkdemon/work/motor_control/install/dynamixel_hardware:/home/darkdemon/work/motor_control/install/dynamixel_workbench_toolbox:${AMENT_PREFIX_PATH} CMAKE_PREFIX_PATH=/home/darkdemon/work/motor_control/install/dynamixel_hardware:/home/darkdemon/work/motor_control/install/dynamixel_workbench_toolbox:/opt/ros/humble LD_LIBRARY_PATH=/home/darkdemon/work/motor_control/install/dynamixel_hardware/lib:/home/darkdemon/work/motor_control/install/dynamixel_workbench_toolbox/lib:${LD_LIBRARY_PATH} /usr/bin/cmake --install /home/darkdemon/work/motor_control/build/small_arm_description
[1.522s] Level 1:colcon.colcon_core.environment:checking '/home/darkdemon/work/motor_control/install/small_arm_description' for CMake config files
[1.523s] Level 1:colcon.colcon_core.shell:create_environment_hook('small_arm_description', 'cmake_prefix_path')
[1.523s] INFO:colcon.colcon_core.shell:Creating environment hook '/home/darkdemon/work/motor_control/install/small_arm_description/share/small_arm_description/hook/cmake_prefix_path.ps1'
[1.523s] INFO:colcon.colcon_core.shell:Creating environment descriptor '/home/darkdemon/work/motor_control/install/small_arm_description/share/small_arm_description/hook/cmake_prefix_path.dsv'
[1.524s] INFO:colcon.colcon_core.shell:Creating environment hook '/home/darkdemon/work/motor_control/install/small_arm_description/share/small_arm_description/hook/cmake_prefix_path.sh'
[1.524s] Level 1:colcon.colcon_core.environment:checking '/home/darkdemon/work/motor_control/install/small_arm_description/bin'
[1.524s] Level 1:colcon.colcon_core.environment:checking '/home/darkdemon/work/motor_control/install/small_arm_description/lib/pkgconfig/small_arm_description.pc'
[1.525s] Level 1:colcon.colcon_core.environment:checking '/home/darkdemon/work/motor_control/install/small_arm_description/lib/python3.10/site-packages'
[1.525s] Level 1:colcon.colcon_core.environment:checking '/home/darkdemon/work/motor_control/install/small_arm_description/bin'
[1.525s] INFO:colcon.colcon_core.shell:Creating package script '/home/darkdemon/work/motor_control/install/small_arm_description/share/small_arm_description/package.ps1'
[1.526s] INFO:colcon.colcon_core.shell:Creating package descriptor '/home/darkdemon/work/motor_control/install/small_arm_description/share/small_arm_description/package.dsv'
[1.526s] INFO:colcon.colcon_core.shell:Creating package script '/home/darkdemon/work/motor_control/install/small_arm_description/share/small_arm_description/package.sh'
[1.526s] INFO:colcon.colcon_core.shell:Creating package script '/home/darkdemon/work/motor_control/install/small_arm_description/share/small_arm_description/package.bash'
[1.527s] INFO:colcon.colcon_core.shell:Creating package script '/home/darkdemon/work/motor_control/install/small_arm_description/share/small_arm_description/package.zsh'
[1.527s] Level 1:colcon.colcon_core.environment:create_file_with_runtime_dependencies(/home/darkdemon/work/motor_control/install/small_arm_description/share/colcon-core/packages/small_arm_description)
[1.527s] Level 1:colcon.colcon_core.environment:create_environment_scripts_only(small_arm_description)
[1.528s] Level 1:colcon.colcon_core.environment:checking '/home/darkdemon/work/motor_control/install/small_arm_description' for CMake module files
[1.528s] Level 1:colcon.colcon_core.environment:checking '/home/darkdemon/work/motor_control/install/small_arm_description' for CMake config files
[1.528s] Level 1:colcon.colcon_core.shell:create_environment_hook('small_arm_description', 'cmake_prefix_path')
[1.529s] INFO:colcon.colcon_core.shell:Creating environment hook '/home/darkdemon/work/motor_control/install/small_arm_description/share/small_arm_description/hook/cmake_prefix_path.ps1'
[1.529s] INFO:colcon.colcon_core.shell:Creating environment descriptor '/home/darkdemon/work/motor_control/install/small_arm_description/share/small_arm_description/hook/cmake_prefix_path.dsv'
[1.529s] INFO:colcon.colcon_core.shell:Creating environment hook '/home/darkdemon/work/motor_control/install/small_arm_description/share/small_arm_description/hook/cmake_prefix_path.sh'
[1.530s] Level 1:colcon.colcon_core.environment:checking '/home/darkdemon/work/motor_control/install/small_arm_description/bin'
[1.530s] Level 1:colcon.colcon_core.environment:checking '/home/darkdemon/work/motor_control/install/small_arm_description/lib/pkgconfig/small_arm_description.pc'
[1.530s] Level 1:colcon.colcon_core.environment:checking '/home/darkdemon/work/motor_control/install/small_arm_description/lib/python3.10/site-packages'
[1.530s] Level 1:colcon.colcon_core.environment:checking '/home/darkdemon/work/motor_control/install/small_arm_description/bin'
[1.531s] INFO:colcon.colcon_core.shell:Creating package script '/home/darkdemon/work/motor_control/install/small_arm_description/share/small_arm_description/package.ps1'
[1.531s] INFO:colcon.colcon_core.shell:Creating package descriptor '/home/darkdemon/work/motor_control/install/small_arm_description/share/small_arm_description/package.dsv'
[1.531s] INFO:colcon.colcon_core.shell:Creating package script '/home/darkdemon/work/motor_control/install/small_arm_description/share/small_arm_description/package.sh'
[1.532s] INFO:colcon.colcon_core.shell:Creating package script '/home/darkdemon/work/motor_control/install/small_arm_description/share/small_arm_description/package.bash'
[1.532s] INFO:colcon.colcon_core.shell:Creating package script '/home/darkdemon/work/motor_control/install/small_arm_description/share/small_arm_description/package.zsh'
[1.533s] Level 1:colcon.colcon_core.environment:create_file_with_runtime_dependencies(/home/darkdemon/work/motor_control/install/small_arm_description/share/colcon-core/packages/small_arm_description)
[1.533s] INFO:colcon.colcon_ros.task.ament_cmake.build:Building ROS package in '/home/darkdemon/work/motor_control/src/tb4_arm_ros2/small_arm_moveit_config' with build type 'ament_cmake'
[1.533s] INFO:colcon.colcon_cmake.task.cmake.build:Building CMake package in '/home/darkdemon/work/motor_control/src/tb4_arm_ros2/small_arm_moveit_config'
[1.534s] INFO:colcon.colcon_core.shell:Skip shell extension 'powershell' for command environment: Not usable outside of PowerShell
[1.534s] DEBUG:colcon.colcon_core.shell:Skip shell extension 'dsv' for command environment
[1.549s] DEBUG:colcon.colcon_core.event_handler.log_command:Invoking command in '/home/darkdemon/work/motor_control/build/small_arm_moveit_config': AMENT_PREFIX_PATH=/home/darkdemon/work/motor_control/install/small_arm_description:/home/darkdemon/work/motor_control/install/dynamixel_hardware:/home/darkdemon/work/motor_control/install/dynamixel_workbench_toolbox:${AMENT_PREFIX_PATH} CMAKE_PREFIX_PATH=/home/darkdemon/work/motor_control/install/small_arm_description:/home/darkdemon/work/motor_control/install/dynamixel_hardware:/home/darkdemon/work/motor_control/install/dynamixel_workbench_toolbox:/opt/ros/humble LD_LIBRARY_PATH=/home/darkdemon/work/motor_control/install/dynamixel_hardware/lib:/home/darkdemon/work/motor_control/install/dynamixel_workbench_toolbox/lib:${LD_LIBRARY_PATH} /usr/bin/cmake --build /home/darkdemon/work/motor_control/build/small_arm_moveit_config -- -j20 -l20
[1.590s] DEBUG:colcon.colcon_core.event_handler.log_command:Invoked command in '/home/darkdemon/work/motor_control/build/small_arm_moveit_config' returned '0': AMENT_PREFIX_PATH=/home/darkdemon/work/motor_control/install/small_arm_description:/home/darkdemon/work/motor_control/install/dynamixel_hardware:/home/darkdemon/work/motor_control/install/dynamixel_workbench_toolbox:${AMENT_PREFIX_PATH} CMAKE_PREFIX_PATH=/home/darkdemon/work/motor_control/install/small_arm_description:/home/darkdemon/work/motor_control/install/dynamixel_hardware:/home/darkdemon/work/motor_control/install/dynamixel_workbench_toolbox:/opt/ros/humble LD_LIBRARY_PATH=/home/darkdemon/work/motor_control/install/dynamixel_hardware/lib:/home/darkdemon/work/motor_control/install/dynamixel_workbench_toolbox/lib:${LD_LIBRARY_PATH} /usr/bin/cmake --build /home/darkdemon/work/motor_control/build/small_arm_moveit_config -- -j20 -l20
[1.592s] DEBUG:colcon.colcon_core.event_handler.log_command:Invoking command in '/home/darkdemon/work/motor_control/build/small_arm_moveit_config': AMENT_PREFIX_PATH=/home/darkdemon/work/motor_control/install/small_arm_description:/home/darkdemon/work/motor_control/install/dynamixel_hardware:/home/darkdemon/work/motor_control/install/dynamixel_workbench_toolbox:${AMENT_PREFIX_PATH} CMAKE_PREFIX_PATH=/home/darkdemon/work/motor_control/install/small_arm_description:/home/darkdemon/work/motor_control/install/dynamixel_hardware:/home/darkdemon/work/motor_control/install/dynamixel_workbench_toolbox:/opt/ros/humble LD_LIBRARY_PATH=/home/darkdemon/work/motor_control/install/dynamixel_hardware/lib:/home/darkdemon/work/motor_control/install/dynamixel_workbench_toolbox/lib:${LD_LIBRARY_PATH} /usr/bin/cmake --install /home/darkdemon/work/motor_control/build/small_arm_moveit_config
[1.605s] Level 1:colcon.colcon_core.environment:create_environment_scripts_only(small_arm_moveit_config)
[1.606s] Level 1:colcon.colcon_core.environment:checking '/home/darkdemon/work/motor_control/install/small_arm_moveit_config' for CMake module files
[1.607s] DEBUG:colcon.colcon_core.event_handler.log_command:Invoked command in '/home/darkdemon/work/motor_control/build/small_arm_moveit_config' returned '0': AMENT_PREFIX_PATH=/home/darkdemon/work/motor_control/install/small_arm_description:/home/darkdemon/work/motor_control/install/dynamixel_hardware:/home/darkdemon/work/motor_control/install/dynamixel_workbench_toolbox:${AMENT_PREFIX_PATH} CMAKE_PREFIX_PATH=/home/darkdemon/work/motor_control/install/small_arm_description:/home/darkdemon/work/motor_control/install/dynamixel_hardware:/home/darkdemon/work/motor_control/install/dynamixel_workbench_toolbox:/opt/ros/humble LD_LIBRARY_PATH=/home/darkdemon/work/motor_control/install/dynamixel_hardware/lib:/home/darkdemon/work/motor_control/install/dynamixel_workbench_toolbox/lib:${LD_LIBRARY_PATH} /usr/bin/cmake --install /home/darkdemon/work/motor_control/build/small_arm_moveit_config
[1.608s] Level 1:colcon.colcon_core.environment:checking '/home/darkdemon/work/motor_control/install/small_arm_moveit_config' for CMake config files
[1.608s] Level 1:colcon.colcon_core.shell:create_environment_hook('small_arm_moveit_config', 'cmake_prefix_path')
[1.609s] INFO:colcon.colcon_core.shell:Creating environment hook '/home/darkdemon/work/motor_control/install/small_arm_moveit_config/share/small_arm_moveit_config/hook/cmake_prefix_path.ps1'
[1.610s] INFO:colcon.colcon_core.shell:Creating environment descriptor '/home/darkdemon/work/motor_control/install/small_arm_moveit_config/share/small_arm_moveit_config/hook/cmake_prefix_path.dsv'
[1.610s] INFO:colcon.colcon_core.shell:Creating environment hook '/home/darkdemon/work/motor_control/install/small_arm_moveit_config/share/small_arm_moveit_config/hook/cmake_prefix_path.sh'
[1.611s] Level 1:colcon.colcon_core.environment:checking '/home/darkdemon/work/motor_control/install/small_arm_moveit_config/bin'
[1.611s] Level 1:colcon.colcon_core.environment:checking '/home/darkdemon/work/motor_control/install/small_arm_moveit_config/lib/pkgconfig/small_arm_moveit_config.pc'
[1.612s] Level 1:colcon.colcon_core.environment:checking '/home/darkdemon/work/motor_control/install/small_arm_moveit_config/lib/python3.10/site-packages'
[1.612s] Level 1:colcon.colcon_core.environment:checking '/home/darkdemon/work/motor_control/install/small_arm_moveit_config/bin'
[1.612s] INFO:colcon.colcon_core.shell:Creating package script '/home/darkdemon/work/motor_control/install/small_arm_moveit_config/share/small_arm_moveit_config/package.ps1'
[1.613s] INFO:colcon.colcon_core.shell:Creating package descriptor '/home/darkdemon/work/motor_control/install/small_arm_moveit_config/share/small_arm_moveit_config/package.dsv'
[1.613s] INFO:colcon.colcon_core.shell:Creating package script '/home/darkdemon/work/motor_control/install/small_arm_moveit_config/share/small_arm_moveit_config/package.sh'
[1.614s] INFO:colcon.colcon_core.shell:Creating package script '/home/darkdemon/work/motor_control/install/small_arm_moveit_config/share/small_arm_moveit_config/package.bash'
[1.614s] INFO:colcon.colcon_core.shell:Creating package script '/home/darkdemon/work/motor_control/install/small_arm_moveit_config/share/small_arm_moveit_config/package.zsh'
[1.614s] Level 1:colcon.colcon_core.environment:create_file_with_runtime_dependencies(/home/darkdemon/work/motor_control/install/small_arm_moveit_config/share/colcon-core/packages/small_arm_moveit_config)
[1.615s] Level 1:colcon.colcon_core.environment:create_environment_scripts_only(small_arm_moveit_config)
[1.615s] Level 1:colcon.colcon_core.environment:checking '/home/darkdemon/work/motor_control/install/small_arm_moveit_config' for CMake module files
[1.615s] Level 1:colcon.colcon_core.environment:checking '/home/darkdemon/work/motor_control/install/small_arm_moveit_config' for CMake config files
[1.616s] Level 1:colcon.colcon_core.shell:create_environment_hook('small_arm_moveit_config', 'cmake_prefix_path')
[1.616s] INFO:colcon.colcon_core.shell:Creating environment hook '/home/darkdemon/work/motor_control/install/small_arm_moveit_config/share/small_arm_moveit_config/hook/cmake_prefix_path.ps1'
[1.616s] INFO:colcon.colcon_core.shell:Creating environment descriptor '/home/darkdemon/work/motor_control/install/small_arm_moveit_config/share/small_arm_moveit_config/hook/cmake_prefix_path.dsv'
[1.617s] INFO:colcon.colcon_core.shell:Creating environment hook '/home/darkdemon/work/motor_control/install/small_arm_moveit_config/share/small_arm_moveit_config/hook/cmake_prefix_path.sh'
[1.617s] Level 1:colcon.colcon_core.environment:checking '/home/darkdemon/work/motor_control/install/small_arm_moveit_config/bin'
[1.617s] Level 1:colcon.colcon_core.environment:checking '/home/darkdemon/work/motor_control/install/small_arm_moveit_config/lib/pkgconfig/small_arm_moveit_config.pc'
[1.617s] Level 1:colcon.colcon_core.environment:checking '/home/darkdemon/work/motor_control/install/small_arm_moveit_config/lib/python3.10/site-packages'
[1.618s] Level 1:colcon.colcon_core.environment:checking '/home/darkdemon/work/motor_control/install/small_arm_moveit_config/bin'
[1.618s] INFO:colcon.colcon_core.shell:Creating package script '/home/darkdemon/work/motor_control/install/small_arm_moveit_config/share/small_arm_moveit_config/package.ps1'
[1.618s] INFO:colcon.colcon_core.shell:Creating package descriptor '/home/darkdemon/work/motor_control/install/small_arm_moveit_config/share/small_arm_moveit_config/package.dsv'
[1.619s] INFO:colcon.colcon_core.shell:Creating package script '/home/darkdemon/work/motor_control/install/small_arm_moveit_config/share/small_arm_moveit_config/package.sh'
[1.619s] INFO:colcon.colcon_core.shell:Creating package script '/home/darkdemon/work/motor_control/install/small_arm_moveit_config/share/small_arm_moveit_config/package.bash'
[1.620s] INFO:colcon.colcon_core.shell:Creating package script '/home/darkdemon/work/motor_control/install/small_arm_moveit_config/share/small_arm_moveit_config/package.zsh'
[1.620s] Level 1:colcon.colcon_core.environment:create_file_with_runtime_dependencies(/home/darkdemon/work/motor_control/install/small_arm_moveit_config/share/colcon-core/packages/small_arm_moveit_config)
[1.718s] DEBUG:colcon.colcon_core.event_handler.log_command:Invoking command in '/home/darkdemon/work/motor_control/src/realsense': PYTHONPATH=/home/darkdemon/work/motor_control/build/realsense/prefix_override:/usr/lib/python3/dist-packages/colcon_core/task/python/colcon_distutils_commands:/home/darkdemon/work/motor_control/install/realsense/lib/python3.10/site-packages:${PYTHONPATH} /usr/bin/python3 -W ignore:setup.py install is deprecated -W ignore:easy_install command is deprecated setup.py egg_info --egg-base ../../build/realsense build --build-base /home/darkdemon/work/motor_control/build/realsense/build install --record /home/darkdemon/work/motor_control/build/realsense/install.log --single-version-externally-managed install_data
[1.721s] DEBUG:colcon.colcon_core.event_handler.log_command:Invoking command in '/home/darkdemon/work/motor_control/src/tb4_arm_ros2/python_moveit2': PYTHONPATH=/home/darkdemon/work/motor_control/build/python_moveit2/prefix_override:/usr/lib/python3/dist-packages/colcon_core/task/python/colcon_distutils_commands:/home/darkdemon/work/motor_control/install/python_moveit2/lib/python3.10/site-packages:${PYTHONPATH} /usr/bin/python3 -W ignore:setup.py install is deprecated -W ignore:easy_install command is deprecated setup.py egg_info --egg-base ../../../build/python_moveit2 build --build-base /home/darkdemon/work/motor_control/build/python_moveit2/build install --record /home/darkdemon/work/motor_control/build/python_moveit2/install.log --single-version-externally-managed install_data
[2.024s] Level 1:colcon.colcon_core.environment:checking '/home/darkdemon/work/motor_control/install/realsense' for CMake module files
[2.024s] DEBUG:colcon.colcon_core.event_handler.log_command:Invoked command in '/home/darkdemon/work/motor_control/src/realsense' returned '0': PYTHONPATH=/home/darkdemon/work/motor_control/build/realsense/prefix_override:/usr/lib/python3/dist-packages/colcon_core/task/python/colcon_distutils_commands:/home/darkdemon/work/motor_control/install/realsense/lib/python3.10/site-packages:${PYTHONPATH} /usr/bin/python3 -W ignore:setup.py install is deprecated -W ignore:easy_install command is deprecated setup.py egg_info --egg-base ../../build/realsense build --build-base /home/darkdemon/work/motor_control/build/realsense/build install --record /home/darkdemon/work/motor_control/build/realsense/install.log --single-version-externally-managed install_data
[2.025s] Level 1:colcon.colcon_core.environment:checking '/home/darkdemon/work/motor_control/install/realsense' for CMake config files
[2.026s] Level 1:colcon.colcon_core.environment:checking '/home/darkdemon/work/motor_control/install/realsense/lib'
[2.026s] Level 1:colcon.colcon_core.environment:checking '/home/darkdemon/work/motor_control/install/realsense/bin'
[2.026s] Level 1:colcon.colcon_core.environment:checking '/home/darkdemon/work/motor_control/install/realsense/lib/pkgconfig/realsense.pc'
[2.027s] Level 1:colcon.colcon_core.environment:checking '/home/darkdemon/work/motor_control/install/realsense/lib/python3.10/site-packages'
[2.027s] Level 1:colcon.colcon_core.shell:create_environment_hook('realsense', 'pythonpath')
[2.027s] INFO:colcon.colcon_core.shell:Creating environment hook '/home/darkdemon/work/motor_control/install/realsense/share/realsense/hook/pythonpath.ps1'
[2.028s] INFO:colcon.colcon_core.shell:Creating environment descriptor '/home/darkdemon/work/motor_control/install/realsense/share/realsense/hook/pythonpath.dsv'
[2.028s] INFO:colcon.colcon_core.shell:Creating environment hook '/home/darkdemon/work/motor_control/install/realsense/share/realsense/hook/pythonpath.sh'
[2.029s] Level 1:colcon.colcon_core.environment:checking '/home/darkdemon/work/motor_control/install/realsense/bin'
[2.029s] Level 1:colcon.colcon_core.environment:create_environment_scripts_only(realsense)
[2.030s] INFO:colcon.colcon_core.shell:Creating package script '/home/darkdemon/work/motor_control/install/realsense/share/realsense/package.ps1'
[2.031s] INFO:colcon.colcon_core.shell:Creating package descriptor '/home/darkdemon/work/motor_control/install/realsense/share/realsense/package.dsv'
[2.032s] INFO:colcon.colcon_core.shell:Creating package script '/home/darkdemon/work/motor_control/install/realsense/share/realsense/package.sh'
[2.032s] INFO:colcon.colcon_core.shell:Creating package script '/home/darkdemon/work/motor_control/install/realsense/share/realsense/package.bash'
[2.033s] INFO:colcon.colcon_core.shell:Creating package script '/home/darkdemon/work/motor_control/install/realsense/share/realsense/package.zsh'
[2.034s] Level 1:colcon.colcon_core.environment:create_file_with_runtime_dependencies(/home/darkdemon/work/motor_control/install/realsense/share/colcon-core/packages/realsense)
[2.036s] Level 1:colcon.colcon_core.environment:checking '/home/darkdemon/work/motor_control/install/python_moveit2' for CMake module files
[2.036s] DEBUG:colcon.colcon_core.event_handler.log_command:Invoked command in '/home/darkdemon/work/motor_control/src/tb4_arm_ros2/python_moveit2' returned '0': PYTHONPATH=/home/darkdemon/work/motor_control/build/python_moveit2/prefix_override:/usr/lib/python3/dist-packages/colcon_core/task/python/colcon_distutils_commands:/home/darkdemon/work/motor_control/install/python_moveit2/lib/python3.10/site-packages:${PYTHONPATH} /usr/bin/python3 -W ignore:setup.py install is deprecated -W ignore:easy_install command is deprecated setup.py egg_info --egg-base ../../../build/python_moveit2 build --build-base /home/darkdemon/work/motor_control/build/python_moveit2/build install --record /home/darkdemon/work/motor_control/build/python_moveit2/install.log --single-version-externally-managed install_data
[2.037s] Level 1:colcon.colcon_core.environment:checking '/home/darkdemon/work/motor_control/install/python_moveit2' for CMake config files
[2.038s] Level 1:colcon.colcon_core.environment:checking '/home/darkdemon/work/motor_control/install/python_moveit2/lib'
[2.038s] Level 1:colcon.colcon_core.environment:checking '/home/darkdemon/work/motor_control/install/python_moveit2/bin'
[2.038s] Level 1:colcon.colcon_core.environment:checking '/home/darkdemon/work/motor_control/install/python_moveit2/lib/pkgconfig/python_moveit2.pc'
[2.038s] Level 1:colcon.colcon_core.environment:checking '/home/darkdemon/work/motor_control/install/python_moveit2/lib/python3.10/site-packages'
[2.038s] Level 1:colcon.colcon_core.shell:create_environment_hook('python_moveit2', 'pythonpath')
[2.039s] INFO:colcon.colcon_core.shell:Creating environment hook '/home/darkdemon/work/motor_control/install/python_moveit2/share/python_moveit2/hook/pythonpath.ps1'
[2.040s] INFO:colcon.colcon_core.shell:Creating environment descriptor '/home/darkdemon/work/motor_control/install/python_moveit2/share/python_moveit2/hook/pythonpath.dsv'
[2.040s] INFO:colcon.colcon_core.shell:Creating environment hook '/home/darkdemon/work/motor_control/install/python_moveit2/share/python_moveit2/hook/pythonpath.sh'
[2.041s] Level 1:colcon.colcon_core.environment:checking '/home/darkdemon/work/motor_control/install/python_moveit2/bin'
[2.041s] Level 1:colcon.colcon_core.environment:create_environment_scripts_only(python_moveit2)
[2.042s] INFO:colcon.colcon_core.shell:Creating package script '/home/darkdemon/work/motor_control/install/python_moveit2/share/python_moveit2/package.ps1'
[2.043s] INFO:colcon.colcon_core.shell:Creating package descriptor '/home/darkdemon/work/motor_control/install/python_moveit2/share/python_moveit2/package.dsv'
[2.043s] INFO:colcon.colcon_core.shell:Creating package script '/home/darkdemon/work/motor_control/install/python_moveit2/share/python_moveit2/package.sh'
[2.044s] INFO:colcon.colcon_core.shell:Creating package script '/home/darkdemon/work/motor_control/install/python_moveit2/share/python_moveit2/package.bash'
[2.045s] INFO:colcon.colcon_core.shell:Creating package script '/home/darkdemon/work/motor_control/install/python_moveit2/share/python_moveit2/package.zsh'
[2.045s] Level 1:colcon.colcon_core.environment:create_file_with_runtime_dependencies(/home/darkdemon/work/motor_control/install/python_moveit2/share/colcon-core/packages/python_moveit2)
[2.046s] DEBUG:colcon.colcon_parallel_executor.executor.parallel:closing loop
[2.046s] DEBUG:colcon.colcon_parallel_executor.executor.parallel:loop closed
[2.046s] DEBUG:colcon.colcon_parallel_executor.executor.parallel:run_until_complete finished with '0'
[2.047s] DEBUG:colcon.colcon_core.event_reactor:joining thread
[2.057s] INFO:colcon.colcon_core.plugin_system:Skipping extension 'colcon_notification.desktop_notification.notify_send': Could not find 'notify-send'
[2.057s] INFO:colcon.colcon_core.plugin_system:Skipping extension 'colcon_notification.desktop_notification.terminal_notifier': Not used on non-Darwin systems
[2.057s] INFO:colcon.colcon_core.plugin_system:Skipping extension 'colcon_notification.desktop_notification.win32': Not used on non-Windows systems
[2.057s] INFO:colcon.colcon_notification.desktop_notification:Sending desktop notification using 'notify2'
[2.060s] DEBUG:colcon.colcon_notification.desktop_notification.notify2:Failed to initialize notify2: org.freedesktop.DBus.Error.Spawn.ExecFailed: /usr/bin/dbus-launch terminated abnormally without any error message
[2.060s] DEBUG:colcon.colcon_core.event_reactor:joined thread
[2.061s] INFO:colcon.colcon_core.shell:Creating prefix script '/home/darkdemon/work/motor_control/install/local_setup.ps1'
[2.063s] INFO:colcon.colcon_core.shell:Creating prefix util module '/home/darkdemon/work/motor_control/install/_local_setup_util_ps1.py'
[2.065s] INFO:colcon.colcon_core.shell:Creating prefix chain script '/home/darkdemon/work/motor_control/install/setup.ps1'
[2.066s] INFO:colcon.colcon_core.shell:Creating prefix script '/home/darkdemon/work/motor_control/install/local_setup.sh'
[2.067s] INFO:colcon.colcon_core.shell:Creating prefix util module '/home/darkdemon/work/motor_control/install/_local_setup_util_sh.py'
[2.067s] INFO:colcon.colcon_core.shell:Creating prefix chain script '/home/darkdemon/work/motor_control/install/setup.sh'
[2.069s] INFO:colcon.colcon_core.shell:Creating prefix script '/home/darkdemon/work/motor_control/install/local_setup.bash'
[2.069s] INFO:colcon.colcon_core.shell:Creating prefix chain script '/home/darkdemon/work/motor_control/install/setup.bash'
[2.070s] INFO:colcon.colcon_core.shell:Creating prefix script '/home/darkdemon/work/motor_control/install/local_setup.zsh'
[2.071s] INFO:colcon.colcon_core.shell:Creating prefix chain script '/home/darkdemon/work/motor_control/install/setup.zsh'
