[0.071s] DEBUG:colcon:Command line arguments: ['/usr/bin/colcon', 'build']
[0.071s] DEBUG:colcon:Parsed command line arguments: Namespace(log_base=None, log_level=None, verb_name='build', build_base='build', install_base='install', merge_install=False, symlink_install=False, test_result_base=None, continue_on_error=False, executor='parallel', parallel_workers=20, event_handlers=None, ignore_user_meta=False, metas=['./colcon.meta'], base_paths=['.'], packages_ignore=None, packages_ignore_regex=None, paths=None, packages_up_to=None, packages_up_to_regex=None, packages_above=None, packages_above_and_dependencies=None, packages_above_depth=None, packages_select_by_dep=None, packages_skip_by_dep=None, packages_skip_up_to=None, packages_select_build_failed=False, packages_skip_build_finished=False, packages_select_test_failures=False, packages_skip_test_passed=False, packages_select=None, packages_skip=None, packages_select_regex=None, packages_skip_regex=None, packages_start=None, packages_end=None, cmake_args=None, cmake_target=None, cmake_target_skip_unavailable=False, cmake_clean_cache=False, cmake_clean_first=False, cmake_force_configure=False, ament_cmake_args=None, catkin_cmake_args=None, catkin_skip_building_tests=False, mixin_files=None, mixin=None, verb_parser=<colcon_mixin.mixin.mixin_argument.MixinArgumentDecorator object at 0x71a52d90c460>, verb_extension=<colcon_core.verb.build.BuildVerb object at 0x71a52d8d3d90>, main=<bound method BuildVerb.main of <colcon_core.verb.build.BuildVerb object at 0x71a52d8d3d90>>, mixin_verb=('build',))
[0.165s] Level 1:colcon.colcon_core.package_discovery:discover_packages(colcon_meta) check parameters
[0.166s] Level 1:colcon.colcon_core.package_discovery:discover_packages(recursive) check parameters
[0.166s] Level 1:colcon.colcon_core.package_discovery:discover_packages(ignore) check parameters
[0.166s] Level 1:colcon.colcon_core.package_discovery:discover_packages(path) check parameters
[0.166s] Level 1:colcon.colcon_core.package_discovery:discover_packages(colcon_meta) discover
[0.166s] Level 1:colcon.colcon_core.package_discovery:discover_packages(recursive) discover
[0.166s] INFO:colcon.colcon_core.package_discovery:Crawling recursively for packages in '/home/darkdemon/work/motor_control'
[0.166s] Level 1:colcon.colcon_core.package_identification:_identify(.) by extensions ['ignore', 'ignore_ament_install']
[0.166s] Level 1:colcon.colcon_core.package_identification:_identify(.) by extension 'ignore'
[0.166s] Level 1:colcon.colcon_core.package_identification:_identify(.) by extension 'ignore_ament_install'
[0.166s] Level 1:colcon.colcon_core.package_identification:_identify(.) by extensions ['colcon_pkg']
[0.166s] Level 1:colcon.colcon_core.package_identification:_identify(.) by extension 'colcon_pkg'
[0.166s] Level 1:colcon.colcon_core.package_identification:_identify(.) by extensions ['colcon_meta']
[0.166s] Level 1:colcon.colcon_core.package_identification:_identify(.) by extension 'colcon_meta'
[0.166s] Level 1:colcon.colcon_core.package_identification:_identify(.) by extensions ['ros']
[0.166s] Level 1:colcon.colcon_core.package_identification:_identify(.) by extension 'ros'
[0.176s] Level 1:colcon.colcon_core.package_identification:_identify(.) by extensions ['cmake', 'python']
[0.176s] Level 1:colcon.colcon_core.package_identification:_identify(.) by extension 'cmake'
[0.176s] Level 1:colcon.colcon_core.package_identification:_identify(.) by extension 'python'
[0.176s] Level 1:colcon.colcon_core.package_identification:_identify(.) by extensions ['python_setup_py']
[0.176s] Level 1:colcon.colcon_core.package_identification:_identify(.) by extension 'python_setup_py'
[0.176s] Level 1:colcon.colcon_core.package_identification:_identify(build) by extensions ['ignore', 'ignore_ament_install']
[0.176s] Level 1:colcon.colcon_core.package_identification:_identify(build) by extension 'ignore'
[0.176s] Level 1:colcon.colcon_core.package_identification:_identify(build) ignored
[0.176s] Level 1:colcon.colcon_core.package_identification:_identify(install) by extensions ['ignore', 'ignore_ament_install']
[0.176s] Level 1:colcon.colcon_core.package_identification:_identify(install) by extension 'ignore'
[0.176s] Level 1:colcon.colcon_core.package_identification:_identify(install) ignored
[0.177s] Level 1:colcon.colcon_core.package_identification:_identify(log) by extensions ['ignore', 'ignore_ament_install']
[0.177s] Level 1:colcon.colcon_core.package_identification:_identify(log) by extension 'ignore'
[0.177s] Level 1:colcon.colcon_core.package_identification:_identify(log) ignored
[0.177s] Level 1:colcon.colcon_core.package_identification:_identify(src) by extensions ['ignore', 'ignore_ament_install']
[0.177s] Level 1:colcon.colcon_core.package_identification:_identify(src) by extension 'ignore'
[0.177s] Level 1:colcon.colcon_core.package_identification:_identify(src) by extension 'ignore_ament_install'
[0.177s] Level 1:colcon.colcon_core.package_identification:_identify(src) by extensions ['colcon_pkg']
[0.177s] Level 1:colcon.colcon_core.package_identification:_identify(src) by extension 'colcon_pkg'
[0.177s] Level 1:colcon.colcon_core.package_identification:_identify(src) by extensions ['colcon_meta']
[0.177s] Level 1:colcon.colcon_core.package_identification:_identify(src) by extension 'colcon_meta'
[0.177s] Level 1:colcon.colcon_core.package_identification:_identify(src) by extensions ['ros']
[0.177s] Level 1:colcon.colcon_core.package_identification:_identify(src) by extension 'ros'
[0.177s] Level 1:colcon.colcon_core.package_identification:_identify(src) by extensions ['cmake', 'python']
[0.177s] Level 1:colcon.colcon_core.package_identification:_identify(src) by extension 'cmake'
[0.177s] Level 1:colcon.colcon_core.package_identification:_identify(src) by extension 'python'
[0.177s] Level 1:colcon.colcon_core.package_identification:_identify(src) by extensions ['python_setup_py']
[0.177s] Level 1:colcon.colcon_core.package_identification:_identify(src) by extension 'python_setup_py'
[0.177s] Level 1:colcon.colcon_core.package_identification:_identify(src/dynamixel-workbench) by extensions ['ignore', 'ignore_ament_install']
[0.177s] Level 1:colcon.colcon_core.package_identification:_identify(src/dynamixel-workbench) by extension 'ignore'
[0.177s] Level 1:colcon.colcon_core.package_identification:_identify(src/dynamixel-workbench) by extension 'ignore_ament_install'
[0.177s] Level 1:colcon.colcon_core.package_identification:_identify(src/dynamixel-workbench) by extensions ['colcon_pkg']
[0.177s] Level 1:colcon.colcon_core.package_identification:_identify(src/dynamixel-workbench) by extension 'colcon_pkg'
[0.177s] Level 1:colcon.colcon_core.package_identification:_identify(src/dynamixel-workbench) by extensions ['colcon_meta']
[0.177s] Level 1:colcon.colcon_core.package_identification:_identify(src/dynamixel-workbench) by extension 'colcon_meta'
[0.178s] Level 1:colcon.colcon_core.package_identification:_identify(src/dynamixel-workbench) by extensions ['ros']
[0.178s] Level 1:colcon.colcon_core.package_identification:_identify(src/dynamixel-workbench) by extension 'ros'
[0.178s] Level 1:colcon.colcon_core.package_identification:_identify(src/dynamixel-workbench) by extensions ['cmake', 'python']
[0.178s] Level 1:colcon.colcon_core.package_identification:_identify(src/dynamixel-workbench) by extension 'cmake'
[0.178s] Level 1:colcon.colcon_core.package_identification:_identify(src/dynamixel-workbench) by extension 'python'
[0.178s] Level 1:colcon.colcon_core.package_identification:_identify(src/dynamixel-workbench) by extensions ['python_setup_py']
[0.178s] Level 1:colcon.colcon_core.package_identification:_identify(src/dynamixel-workbench) by extension 'python_setup_py'
[0.178s] Level 1:colcon.colcon_core.package_identification:_identify(src/dynamixel-workbench/dynamixel_workbench) by extensions ['ignore', 'ignore_ament_install']
[0.178s] Level 1:colcon.colcon_core.package_identification:_identify(src/dynamixel-workbench/dynamixel_workbench) by extension 'ignore'
[0.178s] Level 1:colcon.colcon_core.package_identification:_identify(src/dynamixel-workbench/dynamixel_workbench) by extension 'ignore_ament_install'
[0.178s] Level 1:colcon.colcon_core.package_identification:_identify(src/dynamixel-workbench/dynamixel_workbench) by extensions ['colcon_pkg']
[0.178s] Level 1:colcon.colcon_core.package_identification:_identify(src/dynamixel-workbench/dynamixel_workbench) by extension 'colcon_pkg'
[0.178s] Level 1:colcon.colcon_core.package_identification:_identify(src/dynamixel-workbench/dynamixel_workbench) by extensions ['colcon_meta']
[0.178s] Level 1:colcon.colcon_core.package_identification:_identify(src/dynamixel-workbench/dynamixel_workbench) by extension 'colcon_meta'
[0.178s] Level 1:colcon.colcon_core.package_identification:_identify(src/dynamixel-workbench/dynamixel_workbench) by extensions ['ros']
[0.178s] Level 1:colcon.colcon_core.package_identification:_identify(src/dynamixel-workbench/dynamixel_workbench) by extension 'ros'
[0.181s] DEBUG:colcon.colcon_core.package_identification:Package 'src/dynamixel-workbench/dynamixel_workbench' with type 'ros.ament_cmake' and name 'dynamixel_workbench'
[0.181s] Level 1:colcon.colcon_core.package_identification:_identify(src/dynamixel-workbench/dynamixel_workbench_toolbox) by extensions ['ignore', 'ignore_ament_install']
[0.181s] Level 1:colcon.colcon_core.package_identification:_identify(src/dynamixel-workbench/dynamixel_workbench_toolbox) by extension 'ignore'
[0.181s] Level 1:colcon.colcon_core.package_identification:_identify(src/dynamixel-workbench/dynamixel_workbench_toolbox) by extension 'ignore_ament_install'
[0.181s] Level 1:colcon.colcon_core.package_identification:_identify(src/dynamixel-workbench/dynamixel_workbench_toolbox) by extensions ['colcon_pkg']
[0.181s] Level 1:colcon.colcon_core.package_identification:_identify(src/dynamixel-workbench/dynamixel_workbench_toolbox) by extension 'colcon_pkg'
[0.181s] Level 1:colcon.colcon_core.package_identification:_identify(src/dynamixel-workbench/dynamixel_workbench_toolbox) by extensions ['colcon_meta']
[0.181s] Level 1:colcon.colcon_core.package_identification:_identify(src/dynamixel-workbench/dynamixel_workbench_toolbox) by extension 'colcon_meta'
[0.181s] Level 1:colcon.colcon_core.package_identification:_identify(src/dynamixel-workbench/dynamixel_workbench_toolbox) by extensions ['ros']
[0.181s] Level 1:colcon.colcon_core.package_identification:_identify(src/dynamixel-workbench/dynamixel_workbench_toolbox) by extension 'ros'
[0.182s] DEBUG:colcon.colcon_core.package_identification:Package 'src/dynamixel-workbench/dynamixel_workbench_toolbox' with type 'ros.ament_cmake' and name 'dynamixel_workbench_toolbox'
[0.182s] Level 1:colcon.colcon_core.package_identification:_identify(src/dynamixel-workbench-msgs) by extensions ['ignore', 'ignore_ament_install']
[0.182s] Level 1:colcon.colcon_core.package_identification:_identify(src/dynamixel-workbench-msgs) by extension 'ignore'
[0.182s] Level 1:colcon.colcon_core.package_identification:_identify(src/dynamixel-workbench-msgs) by extension 'ignore_ament_install'
[0.182s] Level 1:colcon.colcon_core.package_identification:_identify(src/dynamixel-workbench-msgs) by extensions ['colcon_pkg']
[0.182s] Level 1:colcon.colcon_core.package_identification:_identify(src/dynamixel-workbench-msgs) by extension 'colcon_pkg'
[0.182s] Level 1:colcon.colcon_core.package_identification:_identify(src/dynamixel-workbench-msgs) by extensions ['colcon_meta']
[0.182s] Level 1:colcon.colcon_core.package_identification:_identify(src/dynamixel-workbench-msgs) by extension 'colcon_meta'
[0.182s] Level 1:colcon.colcon_core.package_identification:_identify(src/dynamixel-workbench-msgs) by extensions ['ros']
[0.182s] Level 1:colcon.colcon_core.package_identification:_identify(src/dynamixel-workbench-msgs) by extension 'ros'
[0.182s] Level 1:colcon.colcon_core.package_identification:_identify(src/dynamixel-workbench-msgs) by extensions ['cmake', 'python']
[0.182s] Level 1:colcon.colcon_core.package_identification:_identify(src/dynamixel-workbench-msgs) by extension 'cmake'
[0.182s] Level 1:colcon.colcon_core.package_identification:_identify(src/dynamixel-workbench-msgs) by extension 'python'
[0.182s] Level 1:colcon.colcon_core.package_identification:_identify(src/dynamixel-workbench-msgs) by extensions ['python_setup_py']
[0.182s] Level 1:colcon.colcon_core.package_identification:_identify(src/dynamixel-workbench-msgs) by extension 'python_setup_py'
[0.182s] Level 1:colcon.colcon_core.package_identification:_identify(src/dynamixel-workbench-msgs/dynamixel_workbench_msgs) by extensions ['ignore', 'ignore_ament_install']
[0.182s] Level 1:colcon.colcon_core.package_identification:_identify(src/dynamixel-workbench-msgs/dynamixel_workbench_msgs) by extension 'ignore'
[0.183s] Level 1:colcon.colcon_core.package_identification:_identify(src/dynamixel-workbench-msgs/dynamixel_workbench_msgs) by extension 'ignore_ament_install'
[0.183s] Level 1:colcon.colcon_core.package_identification:_identify(src/dynamixel-workbench-msgs/dynamixel_workbench_msgs) by extensions ['colcon_pkg']
[0.183s] Level 1:colcon.colcon_core.package_identification:_identify(src/dynamixel-workbench-msgs/dynamixel_workbench_msgs) by extension 'colcon_pkg'
[0.183s] Level 1:colcon.colcon_core.package_identification:_identify(src/dynamixel-workbench-msgs/dynamixel_workbench_msgs) by extensions ['colcon_meta']
[0.183s] Level 1:colcon.colcon_core.package_identification:_identify(src/dynamixel-workbench-msgs/dynamixel_workbench_msgs) by extension 'colcon_meta'
[0.183s] Level 1:colcon.colcon_core.package_identification:_identify(src/dynamixel-workbench-msgs/dynamixel_workbench_msgs) by extensions ['ros']
[0.183s] Level 1:colcon.colcon_core.package_identification:_identify(src/dynamixel-workbench-msgs/dynamixel_workbench_msgs) by extension 'ros'
[0.183s] DEBUG:colcon.colcon_core.package_identification:Package 'src/dynamixel-workbench-msgs/dynamixel_workbench_msgs' with type 'ros.ament_cmake' and name 'dynamixel_workbench_msgs'
[0.183s] Level 1:colcon.colcon_core.package_identification:_identify(src/tb4_arm_ros2) by extensions ['ignore', 'ignore_ament_install']
[0.183s] Level 1:colcon.colcon_core.package_identification:_identify(src/tb4_arm_ros2) by extension 'ignore'
[0.183s] Level 1:colcon.colcon_core.package_identification:_identify(src/tb4_arm_ros2) by extension 'ignore_ament_install'
[0.184s] Level 1:colcon.colcon_core.package_identification:_identify(src/tb4_arm_ros2) by extensions ['colcon_pkg']
[0.184s] Level 1:colcon.colcon_core.package_identification:_identify(src/tb4_arm_ros2) by extension 'colcon_pkg'
[0.184s] Level 1:colcon.colcon_core.package_identification:_identify(src/tb4_arm_ros2) by extensions ['colcon_meta']
[0.184s] Level 1:colcon.colcon_core.package_identification:_identify(src/tb4_arm_ros2) by extension 'colcon_meta'
[0.184s] Level 1:colcon.colcon_core.package_identification:_identify(src/tb4_arm_ros2) by extensions ['ros']
[0.184s] Level 1:colcon.colcon_core.package_identification:_identify(src/tb4_arm_ros2) by extension 'ros'
[0.184s] Level 1:colcon.colcon_core.package_identification:_identify(src/tb4_arm_ros2) by extensions ['cmake', 'python']
[0.184s] Level 1:colcon.colcon_core.package_identification:_identify(src/tb4_arm_ros2) by extension 'cmake'
[0.184s] Level 1:colcon.colcon_core.package_identification:_identify(src/tb4_arm_ros2) by extension 'python'
[0.184s] Level 1:colcon.colcon_core.package_identification:_identify(src/tb4_arm_ros2) by extensions ['python_setup_py']
[0.184s] Level 1:colcon.colcon_core.package_identification:_identify(src/tb4_arm_ros2) by extension 'python_setup_py'
[0.184s] Level 1:colcon.colcon_core.package_identification:_identify(src/tb4_arm_ros2/dynamixel_hardware) by extensions ['ignore', 'ignore_ament_install']
[0.184s] Level 1:colcon.colcon_core.package_identification:_identify(src/tb4_arm_ros2/dynamixel_hardware) by extension 'ignore'
[0.184s] Level 1:colcon.colcon_core.package_identification:_identify(src/tb4_arm_ros2/dynamixel_hardware) by extension 'ignore_ament_install'
[0.184s] Level 1:colcon.colcon_core.package_identification:_identify(src/tb4_arm_ros2/dynamixel_hardware) by extensions ['colcon_pkg']
[0.184s] Level 1:colcon.colcon_core.package_identification:_identify(src/tb4_arm_ros2/dynamixel_hardware) by extension 'colcon_pkg'
[0.184s] Level 1:colcon.colcon_core.package_identification:_identify(src/tb4_arm_ros2/dynamixel_hardware) by extensions ['colcon_meta']
[0.184s] Level 1:colcon.colcon_core.package_identification:_identify(src/tb4_arm_ros2/dynamixel_hardware) by extension 'colcon_meta'
[0.184s] Level 1:colcon.colcon_core.package_identification:_identify(src/tb4_arm_ros2/dynamixel_hardware) by extensions ['ros']
[0.184s] Level 1:colcon.colcon_core.package_identification:_identify(src/tb4_arm_ros2/dynamixel_hardware) by extension 'ros'
[0.185s] DEBUG:colcon.colcon_core.package_identification:Package 'src/tb4_arm_ros2/dynamixel_hardware' with type 'ros.ament_cmake' and name 'dynamixel_hardware'
[0.185s] Level 1:colcon.colcon_core.package_identification:_identify(src/tb4_arm_ros2/python_moveit2) by extensions ['ignore', 'ignore_ament_install']
[0.185s] Level 1:colcon.colcon_core.package_identification:_identify(src/tb4_arm_ros2/python_moveit2) by extension 'ignore'
[0.185s] Level 1:colcon.colcon_core.package_identification:_identify(src/tb4_arm_ros2/python_moveit2) by extension 'ignore_ament_install'
[0.185s] Level 1:colcon.colcon_core.package_identification:_identify(src/tb4_arm_ros2/python_moveit2) by extensions ['colcon_pkg']
[0.185s] Level 1:colcon.colcon_core.package_identification:_identify(src/tb4_arm_ros2/python_moveit2) by extension 'colcon_pkg'
[0.185s] Level 1:colcon.colcon_core.package_identification:_identify(src/tb4_arm_ros2/python_moveit2) by extensions ['colcon_meta']
[0.185s] Level 1:colcon.colcon_core.package_identification:_identify(src/tb4_arm_ros2/python_moveit2) by extension 'colcon_meta'
[0.185s] Level 1:colcon.colcon_core.package_identification:_identify(src/tb4_arm_ros2/python_moveit2) by extensions ['ros']
[0.185s] Level 1:colcon.colcon_core.package_identification:_identify(src/tb4_arm_ros2/python_moveit2) by extension 'ros'
[0.185s] DEBUG:colcon.colcon_core.package_identification:Package 'src/tb4_arm_ros2/python_moveit2' with type 'ros.ament_python' and name 'python_moveit2'
[0.186s] Level 1:colcon.colcon_core.package_identification:_identify(src/tb4_arm_ros2/small_arm_description) by extensions ['ignore', 'ignore_ament_install']
[0.186s] Level 1:colcon.colcon_core.package_identification:_identify(src/tb4_arm_ros2/small_arm_description) by extension 'ignore'
[0.186s] Level 1:colcon.colcon_core.package_identification:_identify(src/tb4_arm_ros2/small_arm_description) by extension 'ignore_ament_install'
[0.186s] Level 1:colcon.colcon_core.package_identification:_identify(src/tb4_arm_ros2/small_arm_description) by extensions ['colcon_pkg']
[0.186s] Level 1:colcon.colcon_core.package_identification:_identify(src/tb4_arm_ros2/small_arm_description) by extension 'colcon_pkg'
[0.186s] Level 1:colcon.colcon_core.package_identification:_identify(src/tb4_arm_ros2/small_arm_description) by extensions ['colcon_meta']
[0.186s] Level 1:colcon.colcon_core.package_identification:_identify(src/tb4_arm_ros2/small_arm_description) by extension 'colcon_meta'
[0.186s] Level 1:colcon.colcon_core.package_identification:_identify(src/tb4_arm_ros2/small_arm_description) by extensions ['ros']
[0.186s] Level 1:colcon.colcon_core.package_identification:_identify(src/tb4_arm_ros2/small_arm_description) by extension 'ros'
[0.186s] DEBUG:colcon.colcon_core.package_identification:Package 'src/tb4_arm_ros2/small_arm_description' with type 'ros.ament_cmake' and name 'small_arm_description'
[0.187s] Level 1:colcon.colcon_core.package_identification:_identify(src/tb4_arm_ros2/small_arm_moveit_config) by extensions ['ignore', 'ignore_ament_install']
[0.187s] Level 1:colcon.colcon_core.package_identification:_identify(src/tb4_arm_ros2/small_arm_moveit_config) by extension 'ignore'
[0.187s] Level 1:colcon.colcon_core.package_identification:_identify(src/tb4_arm_ros2/small_arm_moveit_config) by extension 'ignore_ament_install'
[0.187s] Level 1:colcon.colcon_core.package_identification:_identify(src/tb4_arm_ros2/small_arm_moveit_config) by extensions ['colcon_pkg']
[0.187s] Level 1:colcon.colcon_core.package_identification:_identify(src/tb4_arm_ros2/small_arm_moveit_config) by extension 'colcon_pkg'
[0.187s] Level 1:colcon.colcon_core.package_identification:_identify(src/tb4_arm_ros2/small_arm_moveit_config) by extensions ['colcon_meta']
[0.187s] Level 1:colcon.colcon_core.package_identification:_identify(src/tb4_arm_ros2/small_arm_moveit_config) by extension 'colcon_meta'
[0.187s] Level 1:colcon.colcon_core.package_identification:_identify(src/tb4_arm_ros2/small_arm_moveit_config) by extensions ['ros']
[0.187s] Level 1:colcon.colcon_core.package_identification:_identify(src/tb4_arm_ros2/small_arm_moveit_config) by extension 'ros'
[0.187s] DEBUG:colcon.colcon_core.package_identification:Package 'src/tb4_arm_ros2/small_arm_moveit_config' with type 'ros.ament_cmake' and name 'small_arm_moveit_config'
[0.187s] Level 1:colcon.colcon_core.package_identification:_identify(src/tb4_arm_ros2/small_arm_moveit_cpp) by extensions ['ignore', 'ignore_ament_install']
[0.187s] Level 1:colcon.colcon_core.package_identification:_identify(src/tb4_arm_ros2/small_arm_moveit_cpp) by extension 'ignore'
[0.187s] Level 1:colcon.colcon_core.package_identification:_identify(src/tb4_arm_ros2/small_arm_moveit_cpp) by extension 'ignore_ament_install'
[0.187s] Level 1:colcon.colcon_core.package_identification:_identify(src/tb4_arm_ros2/small_arm_moveit_cpp) by extensions ['colcon_pkg']
[0.187s] Level 1:colcon.colcon_core.package_identification:_identify(src/tb4_arm_ros2/small_arm_moveit_cpp) by extension 'colcon_pkg'
[0.187s] Level 1:colcon.colcon_core.package_identification:_identify(src/tb4_arm_ros2/small_arm_moveit_cpp) by extensions ['colcon_meta']
[0.187s] Level 1:colcon.colcon_core.package_identification:_identify(src/tb4_arm_ros2/small_arm_moveit_cpp) by extension 'colcon_meta'
[0.187s] Level 1:colcon.colcon_core.package_identification:_identify(src/tb4_arm_ros2/small_arm_moveit_cpp) by extensions ['ros']
[0.187s] Level 1:colcon.colcon_core.package_identification:_identify(src/tb4_arm_ros2/small_arm_moveit_cpp) by extension 'ros'
[0.188s] DEBUG:colcon.colcon_core.package_identification:Package 'src/tb4_arm_ros2/small_arm_moveit_cpp' with type 'ros.ament_cmake' and name 'small_arm_moveit_cpp'
[0.188s] Level 1:colcon.colcon_core.package_discovery:discover_packages(recursive) using defaults
[0.188s] Level 1:colcon.colcon_core.package_discovery:discover_packages(ignore) discover
[0.188s] Level 1:colcon.colcon_core.package_discovery:discover_packages(ignore) using defaults
[0.188s] Level 1:colcon.colcon_core.package_discovery:discover_packages(path) discover
[0.188s] Level 1:colcon.colcon_core.package_discovery:discover_packages(path) using defaults
[0.217s] Level 5:colcon.colcon_core.verb:set package 'dynamixel_workbench_msgs' build argument 'cmake_args' from command line to 'None'
[0.217s] Level 5:colcon.colcon_core.verb:set package 'dynamixel_workbench_msgs' build argument 'cmake_target' from command line to 'None'
[0.217s] Level 5:colcon.colcon_core.verb:set package 'dynamixel_workbench_msgs' build argument 'cmake_target_skip_unavailable' from command line to 'False'
[0.217s] Level 5:colcon.colcon_core.verb:set package 'dynamixel_workbench_msgs' build argument 'cmake_clean_cache' from command line to 'False'
[0.217s] Level 5:colcon.colcon_core.verb:set package 'dynamixel_workbench_msgs' build argument 'cmake_clean_first' from command line to 'False'
[0.217s] Level 5:colcon.colcon_core.verb:set package 'dynamixel_workbench_msgs' build argument 'cmake_force_configure' from command line to 'False'
[0.217s] Level 5:colcon.colcon_core.verb:set package 'dynamixel_workbench_msgs' build argument 'ament_cmake_args' from command line to 'None'
[0.217s] Level 5:colcon.colcon_core.verb:set package 'dynamixel_workbench_msgs' build argument 'catkin_cmake_args' from command line to 'None'
[0.217s] Level 5:colcon.colcon_core.verb:set package 'dynamixel_workbench_msgs' build argument 'catkin_skip_building_tests' from command line to 'False'
[0.217s] DEBUG:colcon.colcon_core.verb:Building package 'dynamixel_workbench_msgs' with the following arguments: {'ament_cmake_args': None, 'build_base': '/home/darkdemon/work/motor_control/build/dynamixel_workbench_msgs', 'catkin_cmake_args': None, 'catkin_skip_building_tests': False, 'cmake_args': None, 'cmake_clean_cache': False, 'cmake_clean_first': False, 'cmake_force_configure': False, 'cmake_target': None, 'cmake_target_skip_unavailable': False, 'install_base': '/home/darkdemon/work/motor_control/install/dynamixel_workbench_msgs', 'merge_install': False, 'path': '/home/darkdemon/work/motor_control/src/dynamixel-workbench-msgs/dynamixel_workbench_msgs', 'symlink_install': False, 'test_result_base': None}
[0.217s] Level 5:colcon.colcon_core.verb:set package 'dynamixel_workbench_toolbox' build argument 'cmake_args' from command line to 'None'
[0.217s] Level 5:colcon.colcon_core.verb:set package 'dynamixel_workbench_toolbox' build argument 'cmake_target' from command line to 'None'
[0.217s] Level 5:colcon.colcon_core.verb:set package 'dynamixel_workbench_toolbox' build argument 'cmake_target_skip_unavailable' from command line to 'False'
[0.217s] Level 5:colcon.colcon_core.verb:set package 'dynamixel_workbench_toolbox' build argument 'cmake_clean_cache' from command line to 'False'
[0.217s] Level 5:colcon.colcon_core.verb:set package 'dynamixel_workbench_toolbox' build argument 'cmake_clean_first' from command line to 'False'
[0.217s] Level 5:colcon.colcon_core.verb:set package 'dynamixel_workbench_toolbox' build argument 'cmake_force_configure' from command line to 'False'
[0.217s] Level 5:colcon.colcon_core.verb:set package 'dynamixel_workbench_toolbox' build argument 'ament_cmake_args' from command line to 'None'
[0.217s] Level 5:colcon.colcon_core.verb:set package 'dynamixel_workbench_toolbox' build argument 'catkin_cmake_args' from command line to 'None'
[0.217s] Level 5:colcon.colcon_core.verb:set package 'dynamixel_workbench_toolbox' build argument 'catkin_skip_building_tests' from command line to 'False'
[0.218s] DEBUG:colcon.colcon_core.verb:Building package 'dynamixel_workbench_toolbox' with the following arguments: {'ament_cmake_args': None, 'build_base': '/home/darkdemon/work/motor_control/build/dynamixel_workbench_toolbox', 'catkin_cmake_args': None, 'catkin_skip_building_tests': False, 'cmake_args': None, 'cmake_clean_cache': False, 'cmake_clean_first': False, 'cmake_force_configure': False, 'cmake_target': None, 'cmake_target_skip_unavailable': False, 'install_base': '/home/darkdemon/work/motor_control/install/dynamixel_workbench_toolbox', 'merge_install': False, 'path': '/home/darkdemon/work/motor_control/src/dynamixel-workbench/dynamixel_workbench_toolbox', 'symlink_install': False, 'test_result_base': None}
[0.218s] Level 5:colcon.colcon_core.verb:set package 'python_moveit2' build argument 'cmake_args' from command line to 'None'
[0.218s] Level 5:colcon.colcon_core.verb:set package 'python_moveit2' build argument 'cmake_target' from command line to 'None'
[0.218s] Level 5:colcon.colcon_core.verb:set package 'python_moveit2' build argument 'cmake_target_skip_unavailable' from command line to 'False'
[0.218s] Level 5:colcon.colcon_core.verb:set package 'python_moveit2' build argument 'cmake_clean_cache' from command line to 'False'
[0.218s] Level 5:colcon.colcon_core.verb:set package 'python_moveit2' build argument 'cmake_clean_first' from command line to 'False'
[0.218s] Level 5:colcon.colcon_core.verb:set package 'python_moveit2' build argument 'cmake_force_configure' from command line to 'False'
[0.218s] Level 5:colcon.colcon_core.verb:set package 'python_moveit2' build argument 'ament_cmake_args' from command line to 'None'
[0.218s] Level 5:colcon.colcon_core.verb:set package 'python_moveit2' build argument 'catkin_cmake_args' from command line to 'None'
[0.218s] Level 5:colcon.colcon_core.verb:set package 'python_moveit2' build argument 'catkin_skip_building_tests' from command line to 'False'
[0.218s] DEBUG:colcon.colcon_core.verb:Building package 'python_moveit2' with the following arguments: {'ament_cmake_args': None, 'build_base': '/home/darkdemon/work/motor_control/build/python_moveit2', 'catkin_cmake_args': None, 'catkin_skip_building_tests': False, 'cmake_args': None, 'cmake_clean_cache': False, 'cmake_clean_first': False, 'cmake_force_configure': False, 'cmake_target': None, 'cmake_target_skip_unavailable': False, 'install_base': '/home/darkdemon/work/motor_control/install/python_moveit2', 'merge_install': False, 'path': '/home/darkdemon/work/motor_control/src/tb4_arm_ros2/python_moveit2', 'symlink_install': False, 'test_result_base': None}
[0.218s] Level 5:colcon.colcon_core.verb:set package 'small_arm_moveit_cpp' build argument 'cmake_args' from command line to 'None'
[0.218s] Level 5:colcon.colcon_core.verb:set package 'small_arm_moveit_cpp' build argument 'cmake_target' from command line to 'None'
[0.218s] Level 5:colcon.colcon_core.verb:set package 'small_arm_moveit_cpp' build argument 'cmake_target_skip_unavailable' from command line to 'False'
[0.218s] Level 5:colcon.colcon_core.verb:set package 'small_arm_moveit_cpp' build argument 'cmake_clean_cache' from command line to 'False'
[0.218s] Level 5:colcon.colcon_core.verb:set package 'small_arm_moveit_cpp' build argument 'cmake_clean_first' from command line to 'False'
[0.218s] Level 5:colcon.colcon_core.verb:set package 'small_arm_moveit_cpp' build argument 'cmake_force_configure' from command line to 'False'
[0.218s] Level 5:colcon.colcon_core.verb:set package 'small_arm_moveit_cpp' build argument 'ament_cmake_args' from command line to 'None'
[0.218s] Level 5:colcon.colcon_core.verb:set package 'small_arm_moveit_cpp' build argument 'catkin_cmake_args' from command line to 'None'
[0.218s] Level 5:colcon.colcon_core.verb:set package 'small_arm_moveit_cpp' build argument 'catkin_skip_building_tests' from command line to 'False'
[0.218s] DEBUG:colcon.colcon_core.verb:Building package 'small_arm_moveit_cpp' with the following arguments: {'ament_cmake_args': None, 'build_base': '/home/darkdemon/work/motor_control/build/small_arm_moveit_cpp', 'catkin_cmake_args': None, 'catkin_skip_building_tests': False, 'cmake_args': None, 'cmake_clean_cache': False, 'cmake_clean_first': False, 'cmake_force_configure': False, 'cmake_target': None, 'cmake_target_skip_unavailable': False, 'install_base': '/home/darkdemon/work/motor_control/install/small_arm_moveit_cpp', 'merge_install': False, 'path': '/home/darkdemon/work/motor_control/src/tb4_arm_ros2/small_arm_moveit_cpp', 'symlink_install': False, 'test_result_base': None}
[0.218s] Level 5:colcon.colcon_core.verb:set package 'dynamixel_hardware' build argument 'cmake_args' from command line to 'None'
[0.218s] Level 5:colcon.colcon_core.verb:set package 'dynamixel_hardware' build argument 'cmake_target' from command line to 'None'
[0.218s] Level 5:colcon.colcon_core.verb:set package 'dynamixel_hardware' build argument 'cmake_target_skip_unavailable' from command line to 'False'
[0.218s] Level 5:colcon.colcon_core.verb:set package 'dynamixel_hardware' build argument 'cmake_clean_cache' from command line to 'False'
[0.218s] Level 5:colcon.colcon_core.verb:set package 'dynamixel_hardware' build argument 'cmake_clean_first' from command line to 'False'
[0.218s] Level 5:colcon.colcon_core.verb:set package 'dynamixel_hardware' build argument 'cmake_force_configure' from command line to 'False'
[0.218s] Level 5:colcon.colcon_core.verb:set package 'dynamixel_hardware' build argument 'ament_cmake_args' from command line to 'None'
[0.218s] Level 5:colcon.colcon_core.verb:set package 'dynamixel_hardware' build argument 'catkin_cmake_args' from command line to 'None'
[0.218s] Level 5:colcon.colcon_core.verb:set package 'dynamixel_hardware' build argument 'catkin_skip_building_tests' from command line to 'False'
[0.218s] DEBUG:colcon.colcon_core.verb:Building package 'dynamixel_hardware' with the following arguments: {'ament_cmake_args': None, 'build_base': '/home/darkdemon/work/motor_control/build/dynamixel_hardware', 'catkin_cmake_args': None, 'catkin_skip_building_tests': False, 'cmake_args': None, 'cmake_clean_cache': False, 'cmake_clean_first': False, 'cmake_force_configure': False, 'cmake_target': None, 'cmake_target_skip_unavailable': False, 'install_base': '/home/darkdemon/work/motor_control/install/dynamixel_hardware', 'merge_install': False, 'path': '/home/darkdemon/work/motor_control/src/tb4_arm_ros2/dynamixel_hardware', 'symlink_install': False, 'test_result_base': None}
[0.219s] Level 5:colcon.colcon_core.verb:set package 'dynamixel_workbench' build argument 'cmake_args' from command line to 'None'
[0.219s] Level 5:colcon.colcon_core.verb:set package 'dynamixel_workbench' build argument 'cmake_target' from command line to 'None'
[0.219s] Level 5:colcon.colcon_core.verb:set package 'dynamixel_workbench' build argument 'cmake_target_skip_unavailable' from command line to 'False'
[0.219s] Level 5:colcon.colcon_core.verb:set package 'dynamixel_workbench' build argument 'cmake_clean_cache' from command line to 'False'
[0.219s] Level 5:colcon.colcon_core.verb:set package 'dynamixel_workbench' build argument 'cmake_clean_first' from command line to 'False'
[0.219s] Level 5:colcon.colcon_core.verb:set package 'dynamixel_workbench' build argument 'cmake_force_configure' from command line to 'False'
[0.219s] Level 5:colcon.colcon_core.verb:set package 'dynamixel_workbench' build argument 'ament_cmake_args' from command line to 'None'
[0.219s] Level 5:colcon.colcon_core.verb:set package 'dynamixel_workbench' build argument 'catkin_cmake_args' from command line to 'None'
[0.219s] Level 5:colcon.colcon_core.verb:set package 'dynamixel_workbench' build argument 'catkin_skip_building_tests' from command line to 'False'
[0.219s] DEBUG:colcon.colcon_core.verb:Building package 'dynamixel_workbench' with the following arguments: {'ament_cmake_args': None, 'build_base': '/home/darkdemon/work/motor_control/build/dynamixel_workbench', 'catkin_cmake_args': None, 'catkin_skip_building_tests': False, 'cmake_args': None, 'cmake_clean_cache': False, 'cmake_clean_first': False, 'cmake_force_configure': False, 'cmake_target': None, 'cmake_target_skip_unavailable': False, 'install_base': '/home/darkdemon/work/motor_control/install/dynamixel_workbench', 'merge_install': False, 'path': '/home/darkdemon/work/motor_control/src/dynamixel-workbench/dynamixel_workbench', 'symlink_install': False, 'test_result_base': None}
[0.219s] Level 5:colcon.colcon_core.verb:set package 'small_arm_description' build argument 'cmake_args' from command line to 'None'
[0.219s] Level 5:colcon.colcon_core.verb:set package 'small_arm_description' build argument 'cmake_target' from command line to 'None'
[0.219s] Level 5:colcon.colcon_core.verb:set package 'small_arm_description' build argument 'cmake_target_skip_unavailable' from command line to 'False'
[0.219s] Level 5:colcon.colcon_core.verb:set package 'small_arm_description' build argument 'cmake_clean_cache' from command line to 'False'
[0.219s] Level 5:colcon.colcon_core.verb:set package 'small_arm_description' build argument 'cmake_clean_first' from command line to 'False'
[0.219s] Level 5:colcon.colcon_core.verb:set package 'small_arm_description' build argument 'cmake_force_configure' from command line to 'False'
[0.219s] Level 5:colcon.colcon_core.verb:set package 'small_arm_description' build argument 'ament_cmake_args' from command line to 'None'
[0.219s] Level 5:colcon.colcon_core.verb:set package 'small_arm_description' build argument 'catkin_cmake_args' from command line to 'None'
[0.219s] Level 5:colcon.colcon_core.verb:set package 'small_arm_description' build argument 'catkin_skip_building_tests' from command line to 'False'
[0.219s] DEBUG:colcon.colcon_core.verb:Building package 'small_arm_description' with the following arguments: {'ament_cmake_args': None, 'build_base': '/home/darkdemon/work/motor_control/build/small_arm_description', 'catkin_cmake_args': None, 'catkin_skip_building_tests': False, 'cmake_args': None, 'cmake_clean_cache': False, 'cmake_clean_first': False, 'cmake_force_configure': False, 'cmake_target': None, 'cmake_target_skip_unavailable': False, 'install_base': '/home/darkdemon/work/motor_control/install/small_arm_description', 'merge_install': False, 'path': '/home/darkdemon/work/motor_control/src/tb4_arm_ros2/small_arm_description', 'symlink_install': False, 'test_result_base': None}
[0.219s] Level 5:colcon.colcon_core.verb:set package 'small_arm_moveit_config' build argument 'cmake_args' from command line to 'None'
[0.219s] Level 5:colcon.colcon_core.verb:set package 'small_arm_moveit_config' build argument 'cmake_target' from command line to 'None'
[0.219s] Level 5:colcon.colcon_core.verb:set package 'small_arm_moveit_config' build argument 'cmake_target_skip_unavailable' from command line to 'False'
[0.219s] Level 5:colcon.colcon_core.verb:set package 'small_arm_moveit_config' build argument 'cmake_clean_cache' from command line to 'False'
[0.219s] Level 5:colcon.colcon_core.verb:set package 'small_arm_moveit_config' build argument 'cmake_clean_first' from command line to 'False'
[0.219s] Level 5:colcon.colcon_core.verb:set package 'small_arm_moveit_config' build argument 'cmake_force_configure' from command line to 'False'
[0.219s] Level 5:colcon.colcon_core.verb:set package 'small_arm_moveit_config' build argument 'ament_cmake_args' from command line to 'None'
[0.219s] Level 5:colcon.colcon_core.verb:set package 'small_arm_moveit_config' build argument 'catkin_cmake_args' from command line to 'None'
[0.219s] Level 5:colcon.colcon_core.verb:set package 'small_arm_moveit_config' build argument 'catkin_skip_building_tests' from command line to 'False'
[0.219s] DEBUG:colcon.colcon_core.verb:Building package 'small_arm_moveit_config' with the following arguments: {'ament_cmake_args': None, 'build_base': '/home/darkdemon/work/motor_control/build/small_arm_moveit_config', 'catkin_cmake_args': None, 'catkin_skip_building_tests': False, 'cmake_args': None, 'cmake_clean_cache': False, 'cmake_clean_first': False, 'cmake_force_configure': False, 'cmake_target': None, 'cmake_target_skip_unavailable': False, 'install_base': '/home/darkdemon/work/motor_control/install/small_arm_moveit_config', 'merge_install': False, 'path': '/home/darkdemon/work/motor_control/src/tb4_arm_ros2/small_arm_moveit_config', 'symlink_install': False, 'test_result_base': None}
[0.219s] INFO:colcon.colcon_core.executor:Executing jobs using 'parallel' executor
[0.220s] DEBUG:colcon.colcon_parallel_executor.executor.parallel:run_until_complete
[0.221s] INFO:colcon.colcon_ros.task.ament_cmake.build:Building ROS package in '/home/darkdemon/work/motor_control/src/dynamixel-workbench/dynamixel_workbench_toolbox' with build type 'ament_cmake'
[0.221s] INFO:colcon.colcon_cmake.task.cmake.build:Building CMake package in '/home/darkdemon/work/motor_control/src/dynamixel-workbench/dynamixel_workbench_toolbox'
[0.222s] INFO:colcon.colcon_core.plugin_system:Skipping extension 'colcon_core.shell.bat': Not used on non-Windows systems
[0.222s] INFO:colcon.colcon_core.shell:Skip shell extension 'powershell' for command environment: Not usable outside of PowerShell
[0.222s] DEBUG:colcon.colcon_core.shell:Skip shell extension 'dsv' for command environment
[0.226s] INFO:colcon.colcon_ros.task.ament_cmake.build:Building ROS package in '/home/darkdemon/work/motor_control/src/dynamixel-workbench-msgs/dynamixel_workbench_msgs' with build type 'ament_cmake'
[0.226s] INFO:colcon.colcon_cmake.task.cmake.build:Building CMake package in '/home/darkdemon/work/motor_control/src/dynamixel-workbench-msgs/dynamixel_workbench_msgs'
[0.226s] INFO:colcon.colcon_core.shell:Skip shell extension 'powershell' for command environment: Not usable outside of PowerShell
[0.226s] DEBUG:colcon.colcon_core.shell:Skip shell extension 'dsv' for command environment
[0.229s] INFO:colcon.colcon_ros.task.ament_python.build:Building ROS package in '/home/darkdemon/work/motor_control/src/tb4_arm_ros2/python_moveit2' with build type 'ament_python'
[0.229s] Level 1:colcon.colcon_core.shell:create_environment_hook('python_moveit2', 'ament_prefix_path')
[0.229s] INFO:colcon.colcon_core.shell:Creating environment hook '/home/darkdemon/work/motor_control/install/python_moveit2/share/python_moveit2/hook/ament_prefix_path.ps1'
[0.229s] INFO:colcon.colcon_core.shell:Creating environment descriptor '/home/darkdemon/work/motor_control/install/python_moveit2/share/python_moveit2/hook/ament_prefix_path.dsv'
[0.230s] INFO:colcon.colcon_core.shell:Creating environment hook '/home/darkdemon/work/motor_control/install/python_moveit2/share/python_moveit2/hook/ament_prefix_path.sh'
[0.230s] INFO:colcon.colcon_core.shell:Skip shell extension 'powershell' for command environment: Not usable outside of PowerShell
[0.230s] DEBUG:colcon.colcon_core.shell:Skip shell extension 'dsv' for command environment
[0.233s] INFO:colcon.colcon_ros.task.ament_cmake.build:Building ROS package in '/home/darkdemon/work/motor_control/src/tb4_arm_ros2/small_arm_moveit_cpp' with build type 'ament_cmake'
[0.233s] INFO:colcon.colcon_cmake.task.cmake.build:Building CMake package in '/home/darkdemon/work/motor_control/src/tb4_arm_ros2/small_arm_moveit_cpp'
[0.233s] INFO:colcon.colcon_core.shell:Skip shell extension 'powershell' for command environment: Not usable outside of PowerShell
[0.233s] DEBUG:colcon.colcon_core.shell:Skip shell extension 'dsv' for command environment
[0.240s] DEBUG:colcon.colcon_core.event_handler.log_command:Invoking command in '/home/darkdemon/work/motor_control/build/dynamixel_workbench_toolbox': CMAKE_PREFIX_PATH=${CMAKE_PREFIX_PATH}:/home/darkdemon/work/motor_control/install/python_moveit2:/opt/ros/humble /usr/bin/cmake --build /home/darkdemon/work/motor_control/build/dynamixel_workbench_toolbox -- -j20 -l20
[0.242s] DEBUG:colcon.colcon_core.event_handler.log_command:Invoking command in '/home/darkdemon/work/motor_control/build/dynamixel_workbench_msgs': CMAKE_PREFIX_PATH=${CMAKE_PREFIX_PATH}:/home/darkdemon/work/motor_control/install/python_moveit2:/opt/ros/humble /usr/bin/cmake --build /home/darkdemon/work/motor_control/build/dynamixel_workbench_msgs -- -j20 -l20
[0.475s] INFO:colcon.colcon_core.task.python.build:Building Python package in '/home/darkdemon/work/motor_control/src/tb4_arm_ros2/python_moveit2'
[0.476s] INFO:colcon.colcon_core.shell:Skip shell extension 'powershell' for command environment: Not usable outside of PowerShell
[0.476s] DEBUG:colcon.colcon_core.shell:Skip shell extension 'dsv' for command environment
[0.483s] DEBUG:colcon.colcon_core.event_handler.log_command:Invoked command in '/home/darkdemon/work/motor_control/build/dynamixel_workbench_toolbox' returned '0': CMAKE_PREFIX_PATH=${CMAKE_PREFIX_PATH}:/home/darkdemon/work/motor_control/install/python_moveit2:/opt/ros/humble /usr/bin/cmake --build /home/darkdemon/work/motor_control/build/dynamixel_workbench_toolbox -- -j20 -l20
[0.493s] DEBUG:colcon.colcon_core.event_handler.log_command:Invoking command in '/home/darkdemon/work/motor_control/build/dynamixel_workbench_toolbox': CMAKE_PREFIX_PATH=${CMAKE_PREFIX_PATH}:/home/darkdemon/work/motor_control/install/python_moveit2:/opt/ros/humble /usr/bin/cmake --install /home/darkdemon/work/motor_control/build/dynamixel_workbench_toolbox
[0.496s] DEBUG:colcon.colcon_core.event_handler.log_command:Invoking command in '/home/darkdemon/work/motor_control/build/small_arm_moveit_cpp': CMAKE_PREFIX_PATH=${CMAKE_PREFIX_PATH}:/home/darkdemon/work/motor_control/install/python_moveit2:/opt/ros/humble /usr/bin/cmake --build /home/darkdemon/work/motor_control/build/small_arm_moveit_cpp -- -j20 -l20
[0.513s] Level 1:colcon.colcon_core.environment:create_environment_scripts_only(dynamixel_workbench_toolbox)
[0.514s] DEBUG:colcon.colcon_core.event_handler.log_command:Invoked command in '/home/darkdemon/work/motor_control/build/dynamixel_workbench_toolbox' returned '0': CMAKE_PREFIX_PATH=${CMAKE_PREFIX_PATH}:/home/darkdemon/work/motor_control/install/python_moveit2:/opt/ros/humble /usr/bin/cmake --install /home/darkdemon/work/motor_control/build/dynamixel_workbench_toolbox
[0.516s] Level 1:colcon.colcon_core.environment:checking '/home/darkdemon/work/motor_control/install/dynamixel_workbench_toolbox' for CMake module files
[0.516s] Level 1:colcon.colcon_core.environment:checking '/home/darkdemon/work/motor_control/install/dynamixel_workbench_toolbox' for CMake config files
[0.516s] Level 1:colcon.colcon_core.shell:create_environment_hook('dynamixel_workbench_toolbox', 'cmake_prefix_path')
[0.516s] INFO:colcon.colcon_core.shell:Creating environment hook '/home/darkdemon/work/motor_control/install/dynamixel_workbench_toolbox/share/dynamixel_workbench_toolbox/hook/cmake_prefix_path.ps1'
[0.517s] INFO:colcon.colcon_core.shell:Creating environment descriptor '/home/darkdemon/work/motor_control/install/dynamixel_workbench_toolbox/share/dynamixel_workbench_toolbox/hook/cmake_prefix_path.dsv'
[0.517s] INFO:colcon.colcon_core.shell:Creating environment hook '/home/darkdemon/work/motor_control/install/dynamixel_workbench_toolbox/share/dynamixel_workbench_toolbox/hook/cmake_prefix_path.sh'
[0.517s] Level 1:colcon.colcon_core.environment:checking '/home/darkdemon/work/motor_control/install/dynamixel_workbench_toolbox/lib'
[0.518s] Level 1:colcon.colcon_core.shell:create_environment_hook('dynamixel_workbench_toolbox', 'ld_library_path_lib')
[0.518s] INFO:colcon.colcon_core.shell:Creating environment hook '/home/darkdemon/work/motor_control/install/dynamixel_workbench_toolbox/share/dynamixel_workbench_toolbox/hook/ld_library_path_lib.ps1'
[0.518s] INFO:colcon.colcon_core.shell:Creating environment descriptor '/home/darkdemon/work/motor_control/install/dynamixel_workbench_toolbox/share/dynamixel_workbench_toolbox/hook/ld_library_path_lib.dsv'
[0.518s] INFO:colcon.colcon_core.shell:Creating environment hook '/home/darkdemon/work/motor_control/install/dynamixel_workbench_toolbox/share/dynamixel_workbench_toolbox/hook/ld_library_path_lib.sh'
[0.519s] Level 1:colcon.colcon_core.environment:checking '/home/darkdemon/work/motor_control/install/dynamixel_workbench_toolbox/bin'
[0.519s] Level 1:colcon.colcon_core.environment:checking '/home/darkdemon/work/motor_control/install/dynamixel_workbench_toolbox/lib/pkgconfig/dynamixel_workbench_toolbox.pc'
[0.519s] Level 1:colcon.colcon_core.environment:checking '/home/darkdemon/work/motor_control/install/dynamixel_workbench_toolbox/lib/python3.10/site-packages'
[0.519s] Level 1:colcon.colcon_core.environment:checking '/home/darkdemon/work/motor_control/install/dynamixel_workbench_toolbox/bin'
[0.519s] INFO:colcon.colcon_core.shell:Creating package script '/home/darkdemon/work/motor_control/install/dynamixel_workbench_toolbox/share/dynamixel_workbench_toolbox/package.ps1'
[0.520s] INFO:colcon.colcon_core.shell:Creating package descriptor '/home/darkdemon/work/motor_control/install/dynamixel_workbench_toolbox/share/dynamixel_workbench_toolbox/package.dsv'
[0.520s] INFO:colcon.colcon_core.shell:Creating package script '/home/darkdemon/work/motor_control/install/dynamixel_workbench_toolbox/share/dynamixel_workbench_toolbox/package.sh'
[0.521s] INFO:colcon.colcon_core.shell:Creating package script '/home/darkdemon/work/motor_control/install/dynamixel_workbench_toolbox/share/dynamixel_workbench_toolbox/package.bash'
[0.521s] INFO:colcon.colcon_core.shell:Creating package script '/home/darkdemon/work/motor_control/install/dynamixel_workbench_toolbox/share/dynamixel_workbench_toolbox/package.zsh'
[0.522s] Level 1:colcon.colcon_core.environment:create_file_with_runtime_dependencies(/home/darkdemon/work/motor_control/install/dynamixel_workbench_toolbox/share/colcon-core/packages/dynamixel_workbench_toolbox)
[0.522s] Level 1:colcon.colcon_core.environment:create_environment_scripts_only(dynamixel_workbench_toolbox)
[0.522s] Level 1:colcon.colcon_core.environment:checking '/home/darkdemon/work/motor_control/install/dynamixel_workbench_toolbox' for CMake module files
[0.523s] Level 1:colcon.colcon_core.environment:checking '/home/darkdemon/work/motor_control/install/dynamixel_workbench_toolbox' for CMake config files
[0.523s] Level 1:colcon.colcon_core.shell:create_environment_hook('dynamixel_workbench_toolbox', 'cmake_prefix_path')
[0.523s] INFO:colcon.colcon_core.shell:Creating environment hook '/home/darkdemon/work/motor_control/install/dynamixel_workbench_toolbox/share/dynamixel_workbench_toolbox/hook/cmake_prefix_path.ps1'
[0.523s] INFO:colcon.colcon_core.shell:Creating environment descriptor '/home/darkdemon/work/motor_control/install/dynamixel_workbench_toolbox/share/dynamixel_workbench_toolbox/hook/cmake_prefix_path.dsv'
[0.523s] INFO:colcon.colcon_core.shell:Creating environment hook '/home/darkdemon/work/motor_control/install/dynamixel_workbench_toolbox/share/dynamixel_workbench_toolbox/hook/cmake_prefix_path.sh'
[0.524s] Level 1:colcon.colcon_core.environment:checking '/home/darkdemon/work/motor_control/install/dynamixel_workbench_toolbox/lib'
[0.524s] Level 1:colcon.colcon_core.shell:create_environment_hook('dynamixel_workbench_toolbox', 'ld_library_path_lib')
[0.524s] INFO:colcon.colcon_core.shell:Creating environment hook '/home/darkdemon/work/motor_control/install/dynamixel_workbench_toolbox/share/dynamixel_workbench_toolbox/hook/ld_library_path_lib.ps1'
[0.524s] INFO:colcon.colcon_core.shell:Creating environment descriptor '/home/darkdemon/work/motor_control/install/dynamixel_workbench_toolbox/share/dynamixel_workbench_toolbox/hook/ld_library_path_lib.dsv'
[0.524s] INFO:colcon.colcon_core.shell:Creating environment hook '/home/darkdemon/work/motor_control/install/dynamixel_workbench_toolbox/share/dynamixel_workbench_toolbox/hook/ld_library_path_lib.sh'
[0.524s] Level 1:colcon.colcon_core.environment:checking '/home/darkdemon/work/motor_control/install/dynamixel_workbench_toolbox/bin'
[0.525s] Level 1:colcon.colcon_core.environment:checking '/home/darkdemon/work/motor_control/install/dynamixel_workbench_toolbox/lib/pkgconfig/dynamixel_workbench_toolbox.pc'
[0.525s] Level 1:colcon.colcon_core.environment:checking '/home/darkdemon/work/motor_control/install/dynamixel_workbench_toolbox/lib/python3.10/site-packages'
[0.525s] Level 1:colcon.colcon_core.environment:checking '/home/darkdemon/work/motor_control/install/dynamixel_workbench_toolbox/bin'
[0.525s] INFO:colcon.colcon_core.shell:Creating package script '/home/darkdemon/work/motor_control/install/dynamixel_workbench_toolbox/share/dynamixel_workbench_toolbox/package.ps1'
[0.525s] INFO:colcon.colcon_core.shell:Creating package descriptor '/home/darkdemon/work/motor_control/install/dynamixel_workbench_toolbox/share/dynamixel_workbench_toolbox/package.dsv'
[0.526s] INFO:colcon.colcon_core.shell:Creating package script '/home/darkdemon/work/motor_control/install/dynamixel_workbench_toolbox/share/dynamixel_workbench_toolbox/package.sh'
[0.526s] INFO:colcon.colcon_core.shell:Creating package script '/home/darkdemon/work/motor_control/install/dynamixel_workbench_toolbox/share/dynamixel_workbench_toolbox/package.bash'
[0.528s] INFO:colcon.colcon_core.shell:Creating package script '/home/darkdemon/work/motor_control/install/dynamixel_workbench_toolbox/share/dynamixel_workbench_toolbox/package.zsh'
[0.532s] Level 1:colcon.colcon_core.environment:create_file_with_runtime_dependencies(/home/darkdemon/work/motor_control/install/dynamixel_workbench_toolbox/share/colcon-core/packages/dynamixel_workbench_toolbox)
[0.535s] INFO:colcon.colcon_ros.task.ament_cmake.build:Building ROS package in '/home/darkdemon/work/motor_control/src/tb4_arm_ros2/dynamixel_hardware' with build type 'ament_cmake'
[0.536s] INFO:colcon.colcon_cmake.task.cmake.build:Building CMake package in '/home/darkdemon/work/motor_control/src/tb4_arm_ros2/dynamixel_hardware'
[0.538s] INFO:colcon.colcon_core.shell:Skip shell extension 'powershell' for command environment: Not usable outside of PowerShell
[0.539s] DEBUG:colcon.colcon_core.shell:Skip shell extension 'dsv' for command environment
[0.559s] INFO:colcon.colcon_ros.task.ament_cmake.build:Building ROS package in '/home/darkdemon/work/motor_control/src/dynamixel-workbench/dynamixel_workbench' with build type 'ament_cmake'
[0.560s] INFO:colcon.colcon_cmake.task.cmake.build:Building CMake package in '/home/darkdemon/work/motor_control/src/dynamixel-workbench/dynamixel_workbench'
[0.560s] INFO:colcon.colcon_core.shell:Skip shell extension 'powershell' for command environment: Not usable outside of PowerShell
[0.560s] DEBUG:colcon.colcon_core.shell:Skip shell extension 'dsv' for command environment
[0.612s] DEBUG:colcon.colcon_core.event_handler.log_command:Invoking command in '/home/darkdemon/work/motor_control/build/dynamixel_hardware': CMAKE_PREFIX_PATH=/home/darkdemon/work/motor_control/install/dynamixel_workbench_toolbox:/home/darkdemon/work/motor_control/install/small_arm_moveit_cpp:/home/darkdemon/work/motor_control/install/small_arm_moveit_config:/home/darkdemon/work/motor_control/install/small_arm_description:/home/darkdemon/work/motor_control/install/dynamixel_workbench:/home/darkdemon/work/motor_control/install/dynamixel_hardware:/home/darkdemon/work/motor_control/install/dynamixel_workbench_msgs:/home/darkdemon/work/motor_control/install/python_moveit2:/opt/ros/humble LD_LIBRARY_PATH=/home/darkdemon/work/motor_control/install/dynamixel_workbench_toolbox/lib:/home/darkdemon/work/motor_control/install/dynamixel_hardware/lib:/home/darkdemon/work/motor_control/install/dynamixel_workbench_msgs/lib:/opt/ros/humble/opt/rviz_ogre_vendor/lib:/opt/ros/humble/lib/x86_64-linux-gnu:/opt/ros/humble/lib /usr/bin/cmake --build /home/darkdemon/work/motor_control/build/dynamixel_hardware -- -j20 -l20
[0.616s] DEBUG:colcon.colcon_core.event_handler.log_command:Invoked command in '/home/darkdemon/work/motor_control/build/dynamixel_workbench_msgs' returned '0': CMAKE_PREFIX_PATH=${CMAKE_PREFIX_PATH}:/home/darkdemon/work/motor_control/install/python_moveit2:/opt/ros/humble /usr/bin/cmake --build /home/darkdemon/work/motor_control/build/dynamixel_workbench_msgs -- -j20 -l20
[0.619s] DEBUG:colcon.colcon_core.event_handler.log_command:Invoking command in '/home/darkdemon/work/motor_control/build/dynamixel_workbench_msgs': CMAKE_PREFIX_PATH=${CMAKE_PREFIX_PATH}:/home/darkdemon/work/motor_control/install/python_moveit2:/opt/ros/humble /usr/bin/cmake --install /home/darkdemon/work/motor_control/build/dynamixel_workbench_msgs
[0.624s] DEBUG:colcon.colcon_core.event_handler.log_command:Invoking command in '/home/darkdemon/work/motor_control/build/dynamixel_workbench': CMAKE_PREFIX_PATH=/home/darkdemon/work/motor_control/install/dynamixel_workbench_toolbox:/home/darkdemon/work/motor_control/install/small_arm_moveit_cpp:/home/darkdemon/work/motor_control/install/small_arm_moveit_config:/home/darkdemon/work/motor_control/install/small_arm_description:/home/darkdemon/work/motor_control/install/dynamixel_workbench:/home/darkdemon/work/motor_control/install/dynamixel_hardware:/home/darkdemon/work/motor_control/install/dynamixel_workbench_msgs:/home/darkdemon/work/motor_control/install/python_moveit2:/opt/ros/humble LD_LIBRARY_PATH=/home/darkdemon/work/motor_control/install/dynamixel_workbench_toolbox/lib:/home/darkdemon/work/motor_control/install/dynamixel_hardware/lib:/home/darkdemon/work/motor_control/install/dynamixel_workbench_msgs/lib:/opt/ros/humble/opt/rviz_ogre_vendor/lib:/opt/ros/humble/lib/x86_64-linux-gnu:/opt/ros/humble/lib /usr/bin/cmake --build /home/darkdemon/work/motor_control/build/dynamixel_workbench -- -j20 -l20
[0.660s] DEBUG:colcon.colcon_core.event_handler.log_command:Invoked command in '/home/darkdemon/work/motor_control/build/dynamixel_workbench' returned '0': CMAKE_PREFIX_PATH=/home/darkdemon/work/motor_control/install/dynamixel_workbench_toolbox:/home/darkdemon/work/motor_control/install/small_arm_moveit_cpp:/home/darkdemon/work/motor_control/install/small_arm_moveit_config:/home/darkdemon/work/motor_control/install/small_arm_description:/home/darkdemon/work/motor_control/install/dynamixel_workbench:/home/darkdemon/work/motor_control/install/dynamixel_hardware:/home/darkdemon/work/motor_control/install/dynamixel_workbench_msgs:/home/darkdemon/work/motor_control/install/python_moveit2:/opt/ros/humble LD_LIBRARY_PATH=/home/darkdemon/work/motor_control/install/dynamixel_workbench_toolbox/lib:/home/darkdemon/work/motor_control/install/dynamixel_hardware/lib:/home/darkdemon/work/motor_control/install/dynamixel_workbench_msgs/lib:/opt/ros/humble/opt/rviz_ogre_vendor/lib:/opt/ros/humble/lib/x86_64-linux-gnu:/opt/ros/humble/lib /usr/bin/cmake --build /home/darkdemon/work/motor_control/build/dynamixel_workbench -- -j20 -l20
[0.663s] DEBUG:colcon.colcon_core.event_handler.log_command:Invoking command in '/home/darkdemon/work/motor_control/build/dynamixel_workbench': CMAKE_PREFIX_PATH=/home/darkdemon/work/motor_control/install/dynamixel_workbench_toolbox:/home/darkdemon/work/motor_control/install/small_arm_moveit_cpp:/home/darkdemon/work/motor_control/install/small_arm_moveit_config:/home/darkdemon/work/motor_control/install/small_arm_description:/home/darkdemon/work/motor_control/install/dynamixel_workbench:/home/darkdemon/work/motor_control/install/dynamixel_hardware:/home/darkdemon/work/motor_control/install/dynamixel_workbench_msgs:/home/darkdemon/work/motor_control/install/python_moveit2:/opt/ros/humble LD_LIBRARY_PATH=/home/darkdemon/work/motor_control/install/dynamixel_workbench_toolbox/lib:/home/darkdemon/work/motor_control/install/dynamixel_hardware/lib:/home/darkdemon/work/motor_control/install/dynamixel_workbench_msgs/lib:/opt/ros/humble/opt/rviz_ogre_vendor/lib:/opt/ros/humble/lib/x86_64-linux-gnu:/opt/ros/humble/lib /usr/bin/cmake --install /home/darkdemon/work/motor_control/build/dynamixel_workbench
[0.684s] Level 1:colcon.colcon_core.environment:create_environment_scripts_only(dynamixel_workbench)
[0.685s] Level 1:colcon.colcon_core.environment:checking '/home/darkdemon/work/motor_control/install/dynamixel_workbench' for CMake module files
[0.685s] DEBUG:colcon.colcon_core.event_handler.log_command:Invoked command in '/home/darkdemon/work/motor_control/build/dynamixel_workbench' returned '0': CMAKE_PREFIX_PATH=/home/darkdemon/work/motor_control/install/dynamixel_workbench_toolbox:/home/darkdemon/work/motor_control/install/small_arm_moveit_cpp:/home/darkdemon/work/motor_control/install/small_arm_moveit_config:/home/darkdemon/work/motor_control/install/small_arm_description:/home/darkdemon/work/motor_control/install/dynamixel_workbench:/home/darkdemon/work/motor_control/install/dynamixel_hardware:/home/darkdemon/work/motor_control/install/dynamixel_workbench_msgs:/home/darkdemon/work/motor_control/install/python_moveit2:/opt/ros/humble LD_LIBRARY_PATH=/home/darkdemon/work/motor_control/install/dynamixel_workbench_toolbox/lib:/home/darkdemon/work/motor_control/install/dynamixel_hardware/lib:/home/darkdemon/work/motor_control/install/dynamixel_workbench_msgs/lib:/opt/ros/humble/opt/rviz_ogre_vendor/lib:/opt/ros/humble/lib/x86_64-linux-gnu:/opt/ros/humble/lib /usr/bin/cmake --install /home/darkdemon/work/motor_control/build/dynamixel_workbench
[0.686s] Level 1:colcon.colcon_core.environment:checking '/home/darkdemon/work/motor_control/install/dynamixel_workbench' for CMake config files
[0.687s] Level 1:colcon.colcon_core.shell:create_environment_hook('dynamixel_workbench', 'cmake_prefix_path')
[0.687s] INFO:colcon.colcon_core.shell:Creating environment hook '/home/darkdemon/work/motor_control/install/dynamixel_workbench/share/dynamixel_workbench/hook/cmake_prefix_path.ps1'
[0.688s] INFO:colcon.colcon_core.shell:Creating environment descriptor '/home/darkdemon/work/motor_control/install/dynamixel_workbench/share/dynamixel_workbench/hook/cmake_prefix_path.dsv'
[0.689s] INFO:colcon.colcon_core.shell:Creating environment hook '/home/darkdemon/work/motor_control/install/dynamixel_workbench/share/dynamixel_workbench/hook/cmake_prefix_path.sh'
[0.689s] Level 1:colcon.colcon_core.environment:checking '/home/darkdemon/work/motor_control/install/dynamixel_workbench/bin'
[0.690s] Level 1:colcon.colcon_core.environment:checking '/home/darkdemon/work/motor_control/install/dynamixel_workbench/lib/pkgconfig/dynamixel_workbench.pc'
[0.690s] Level 1:colcon.colcon_core.environment:checking '/home/darkdemon/work/motor_control/install/dynamixel_workbench/lib/python3.10/site-packages'
[0.690s] Level 1:colcon.colcon_core.environment:checking '/home/darkdemon/work/motor_control/install/dynamixel_workbench/bin'
[0.690s] INFO:colcon.colcon_core.shell:Creating package script '/home/darkdemon/work/motor_control/install/dynamixel_workbench/share/dynamixel_workbench/package.ps1'
[0.691s] INFO:colcon.colcon_core.shell:Creating package descriptor '/home/darkdemon/work/motor_control/install/dynamixel_workbench/share/dynamixel_workbench/package.dsv'
[0.692s] INFO:colcon.colcon_core.shell:Creating package script '/home/darkdemon/work/motor_control/install/dynamixel_workbench/share/dynamixel_workbench/package.sh'
[0.692s] INFO:colcon.colcon_core.shell:Creating package script '/home/darkdemon/work/motor_control/install/dynamixel_workbench/share/dynamixel_workbench/package.bash'
[0.692s] INFO:colcon.colcon_core.shell:Creating package script '/home/darkdemon/work/motor_control/install/dynamixel_workbench/share/dynamixel_workbench/package.zsh'
[0.693s] Level 1:colcon.colcon_core.environment:create_file_with_runtime_dependencies(/home/darkdemon/work/motor_control/install/dynamixel_workbench/share/colcon-core/packages/dynamixel_workbench)
[0.693s] Level 1:colcon.colcon_core.environment:create_environment_scripts_only(dynamixel_workbench)
[0.693s] Level 1:colcon.colcon_core.environment:checking '/home/darkdemon/work/motor_control/install/dynamixel_workbench' for CMake module files
[0.694s] Level 1:colcon.colcon_core.environment:checking '/home/darkdemon/work/motor_control/install/dynamixel_workbench' for CMake config files
[0.694s] Level 1:colcon.colcon_core.shell:create_environment_hook('dynamixel_workbench', 'cmake_prefix_path')
[0.694s] INFO:colcon.colcon_core.shell:Creating environment hook '/home/darkdemon/work/motor_control/install/dynamixel_workbench/share/dynamixel_workbench/hook/cmake_prefix_path.ps1'
[0.694s] INFO:colcon.colcon_core.shell:Creating environment descriptor '/home/darkdemon/work/motor_control/install/dynamixel_workbench/share/dynamixel_workbench/hook/cmake_prefix_path.dsv'
[0.695s] INFO:colcon.colcon_core.shell:Creating environment hook '/home/darkdemon/work/motor_control/install/dynamixel_workbench/share/dynamixel_workbench/hook/cmake_prefix_path.sh'
[0.695s] Level 1:colcon.colcon_core.environment:checking '/home/darkdemon/work/motor_control/install/dynamixel_workbench/bin'
[0.695s] Level 1:colcon.colcon_core.environment:checking '/home/darkdemon/work/motor_control/install/dynamixel_workbench/lib/pkgconfig/dynamixel_workbench.pc'
[0.695s] Level 1:colcon.colcon_core.environment:checking '/home/darkdemon/work/motor_control/install/dynamixel_workbench/lib/python3.10/site-packages'
[0.695s] Level 1:colcon.colcon_core.environment:checking '/home/darkdemon/work/motor_control/install/dynamixel_workbench/bin'
[0.696s] INFO:colcon.colcon_core.shell:Creating package script '/home/darkdemon/work/motor_control/install/dynamixel_workbench/share/dynamixel_workbench/package.ps1'
[0.696s] INFO:colcon.colcon_core.shell:Creating package descriptor '/home/darkdemon/work/motor_control/install/dynamixel_workbench/share/dynamixel_workbench/package.dsv'
[0.696s] INFO:colcon.colcon_core.shell:Creating package script '/home/darkdemon/work/motor_control/install/dynamixel_workbench/share/dynamixel_workbench/package.sh'
[0.697s] INFO:colcon.colcon_core.shell:Creating package script '/home/darkdemon/work/motor_control/install/dynamixel_workbench/share/dynamixel_workbench/package.bash'
[0.697s] INFO:colcon.colcon_core.shell:Creating package script '/home/darkdemon/work/motor_control/install/dynamixel_workbench/share/dynamixel_workbench/package.zsh'
[0.697s] Level 1:colcon.colcon_core.environment:create_file_with_runtime_dependencies(/home/darkdemon/work/motor_control/install/dynamixel_workbench/share/colcon-core/packages/dynamixel_workbench)
[0.698s] DEBUG:colcon.colcon_core.event_handler.log_command:Invoked command in '/home/darkdemon/work/motor_control/build/dynamixel_hardware' returned '0': CMAKE_PREFIX_PATH=/home/darkdemon/work/motor_control/install/dynamixel_workbench_toolbox:/home/darkdemon/work/motor_control/install/small_arm_moveit_cpp:/home/darkdemon/work/motor_control/install/small_arm_moveit_config:/home/darkdemon/work/motor_control/install/small_arm_description:/home/darkdemon/work/motor_control/install/dynamixel_workbench:/home/darkdemon/work/motor_control/install/dynamixel_hardware:/home/darkdemon/work/motor_control/install/dynamixel_workbench_msgs:/home/darkdemon/work/motor_control/install/python_moveit2:/opt/ros/humble LD_LIBRARY_PATH=/home/darkdemon/work/motor_control/install/dynamixel_workbench_toolbox/lib:/home/darkdemon/work/motor_control/install/dynamixel_hardware/lib:/home/darkdemon/work/motor_control/install/dynamixel_workbench_msgs/lib:/opt/ros/humble/opt/rviz_ogre_vendor/lib:/opt/ros/humble/lib/x86_64-linux-gnu:/opt/ros/humble/lib /usr/bin/cmake --build /home/darkdemon/work/motor_control/build/dynamixel_hardware -- -j20 -l20
[0.699s] DEBUG:colcon.colcon_core.event_handler.log_command:Invoking command in '/home/darkdemon/work/motor_control/build/dynamixel_hardware': CMAKE_PREFIX_PATH=/home/darkdemon/work/motor_control/install/dynamixel_workbench_toolbox:/home/darkdemon/work/motor_control/install/small_arm_moveit_cpp:/home/darkdemon/work/motor_control/install/small_arm_moveit_config:/home/darkdemon/work/motor_control/install/small_arm_description:/home/darkdemon/work/motor_control/install/dynamixel_workbench:/home/darkdemon/work/motor_control/install/dynamixel_hardware:/home/darkdemon/work/motor_control/install/dynamixel_workbench_msgs:/home/darkdemon/work/motor_control/install/python_moveit2:/opt/ros/humble LD_LIBRARY_PATH=/home/darkdemon/work/motor_control/install/dynamixel_workbench_toolbox/lib:/home/darkdemon/work/motor_control/install/dynamixel_hardware/lib:/home/darkdemon/work/motor_control/install/dynamixel_workbench_msgs/lib:/opt/ros/humble/opt/rviz_ogre_vendor/lib:/opt/ros/humble/lib/x86_64-linux-gnu:/opt/ros/humble/lib /usr/bin/cmake --install /home/darkdemon/work/motor_control/build/dynamixel_hardware
[0.732s] Level 1:colcon.colcon_core.environment:create_environment_scripts_only(dynamixel_hardware)
[0.733s] Level 1:colcon.colcon_core.environment:checking '/home/darkdemon/work/motor_control/install/dynamixel_hardware' for CMake module files
[0.733s] DEBUG:colcon.colcon_core.event_handler.log_command:Invoked command in '/home/darkdemon/work/motor_control/build/dynamixel_hardware' returned '0': CMAKE_PREFIX_PATH=/home/darkdemon/work/motor_control/install/dynamixel_workbench_toolbox:/home/darkdemon/work/motor_control/install/small_arm_moveit_cpp:/home/darkdemon/work/motor_control/install/small_arm_moveit_config:/home/darkdemon/work/motor_control/install/small_arm_description:/home/darkdemon/work/motor_control/install/dynamixel_workbench:/home/darkdemon/work/motor_control/install/dynamixel_hardware:/home/darkdemon/work/motor_control/install/dynamixel_workbench_msgs:/home/darkdemon/work/motor_control/install/python_moveit2:/opt/ros/humble LD_LIBRARY_PATH=/home/darkdemon/work/motor_control/install/dynamixel_workbench_toolbox/lib:/home/darkdemon/work/motor_control/install/dynamixel_hardware/lib:/home/darkdemon/work/motor_control/install/dynamixel_workbench_msgs/lib:/opt/ros/humble/opt/rviz_ogre_vendor/lib:/opt/ros/humble/lib/x86_64-linux-gnu:/opt/ros/humble/lib /usr/bin/cmake --install /home/darkdemon/work/motor_control/build/dynamixel_hardware
[0.733s] Level 1:colcon.colcon_core.environment:checking '/home/darkdemon/work/motor_control/install/dynamixel_hardware' for CMake config files
[0.734s] Level 1:colcon.colcon_core.shell:create_environment_hook('dynamixel_hardware', 'cmake_prefix_path')
[0.734s] INFO:colcon.colcon_core.shell:Creating environment hook '/home/darkdemon/work/motor_control/install/dynamixel_hardware/share/dynamixel_hardware/hook/cmake_prefix_path.ps1'
[0.735s] INFO:colcon.colcon_core.shell:Creating environment descriptor '/home/darkdemon/work/motor_control/install/dynamixel_hardware/share/dynamixel_hardware/hook/cmake_prefix_path.dsv'
[0.735s] INFO:colcon.colcon_core.shell:Creating environment hook '/home/darkdemon/work/motor_control/install/dynamixel_hardware/share/dynamixel_hardware/hook/cmake_prefix_path.sh'
[0.735s] Level 1:colcon.colcon_core.environment:checking '/home/darkdemon/work/motor_control/install/dynamixel_hardware/lib'
[0.735s] Level 1:colcon.colcon_core.shell:create_environment_hook('dynamixel_hardware', 'ld_library_path_lib')
[0.736s] INFO:colcon.colcon_core.shell:Creating environment hook '/home/darkdemon/work/motor_control/install/dynamixel_hardware/share/dynamixel_hardware/hook/ld_library_path_lib.ps1'
[0.736s] INFO:colcon.colcon_core.shell:Creating environment descriptor '/home/darkdemon/work/motor_control/install/dynamixel_hardware/share/dynamixel_hardware/hook/ld_library_path_lib.dsv'
[0.736s] INFO:colcon.colcon_core.shell:Creating environment hook '/home/darkdemon/work/motor_control/install/dynamixel_hardware/share/dynamixel_hardware/hook/ld_library_path_lib.sh'
[0.737s] Level 1:colcon.colcon_core.environment:checking '/home/darkdemon/work/motor_control/install/dynamixel_hardware/bin'
[0.737s] Level 1:colcon.colcon_core.environment:checking '/home/darkdemon/work/motor_control/install/dynamixel_hardware/lib/pkgconfig/dynamixel_hardware.pc'
[0.737s] Level 1:colcon.colcon_core.environment:checking '/home/darkdemon/work/motor_control/install/dynamixel_hardware/lib/python3.10/site-packages'
[0.737s] Level 1:colcon.colcon_core.environment:checking '/home/darkdemon/work/motor_control/install/dynamixel_hardware/bin'
[0.737s] INFO:colcon.colcon_core.shell:Creating package script '/home/darkdemon/work/motor_control/install/dynamixel_hardware/share/dynamixel_hardware/package.ps1'
[0.738s] INFO:colcon.colcon_core.shell:Creating package descriptor '/home/darkdemon/work/motor_control/install/dynamixel_hardware/share/dynamixel_hardware/package.dsv'
[0.738s] INFO:colcon.colcon_core.shell:Creating package script '/home/darkdemon/work/motor_control/install/dynamixel_hardware/share/dynamixel_hardware/package.sh'
[0.738s] INFO:colcon.colcon_core.shell:Creating package script '/home/darkdemon/work/motor_control/install/dynamixel_hardware/share/dynamixel_hardware/package.bash'
[0.739s] INFO:colcon.colcon_core.shell:Creating package script '/home/darkdemon/work/motor_control/install/dynamixel_hardware/share/dynamixel_hardware/package.zsh'
[0.739s] Level 1:colcon.colcon_core.environment:create_file_with_runtime_dependencies(/home/darkdemon/work/motor_control/install/dynamixel_hardware/share/colcon-core/packages/dynamixel_hardware)
[0.739s] Level 1:colcon.colcon_core.environment:create_environment_scripts_only(dynamixel_hardware)
[0.740s] Level 1:colcon.colcon_core.environment:checking '/home/darkdemon/work/motor_control/install/dynamixel_hardware' for CMake module files
[0.740s] Level 1:colcon.colcon_core.environment:checking '/home/darkdemon/work/motor_control/install/dynamixel_hardware' for CMake config files
[0.740s] Level 1:colcon.colcon_core.shell:create_environment_hook('dynamixel_hardware', 'cmake_prefix_path')
[0.740s] INFO:colcon.colcon_core.shell:Creating environment hook '/home/darkdemon/work/motor_control/install/dynamixel_hardware/share/dynamixel_hardware/hook/cmake_prefix_path.ps1'
[0.741s] INFO:colcon.colcon_core.shell:Creating environment descriptor '/home/darkdemon/work/motor_control/install/dynamixel_hardware/share/dynamixel_hardware/hook/cmake_prefix_path.dsv'
[0.741s] INFO:colcon.colcon_core.shell:Creating environment hook '/home/darkdemon/work/motor_control/install/dynamixel_hardware/share/dynamixel_hardware/hook/cmake_prefix_path.sh'
[0.741s] Level 1:colcon.colcon_core.environment:checking '/home/darkdemon/work/motor_control/install/dynamixel_hardware/lib'
[0.741s] Level 1:colcon.colcon_core.shell:create_environment_hook('dynamixel_hardware', 'ld_library_path_lib')
[0.742s] INFO:colcon.colcon_core.shell:Creating environment hook '/home/darkdemon/work/motor_control/install/dynamixel_hardware/share/dynamixel_hardware/hook/ld_library_path_lib.ps1'
[0.742s] INFO:colcon.colcon_core.shell:Creating environment descriptor '/home/darkdemon/work/motor_control/install/dynamixel_hardware/share/dynamixel_hardware/hook/ld_library_path_lib.dsv'
[0.742s] INFO:colcon.colcon_core.shell:Creating environment hook '/home/darkdemon/work/motor_control/install/dynamixel_hardware/share/dynamixel_hardware/hook/ld_library_path_lib.sh'
[0.743s] Level 1:colcon.colcon_core.environment:checking '/home/darkdemon/work/motor_control/install/dynamixel_hardware/bin'
[0.743s] Level 1:colcon.colcon_core.environment:checking '/home/darkdemon/work/motor_control/install/dynamixel_hardware/lib/pkgconfig/dynamixel_hardware.pc'
[0.743s] Level 1:colcon.colcon_core.environment:checking '/home/darkdemon/work/motor_control/install/dynamixel_hardware/lib/python3.10/site-packages'
[0.743s] Level 1:colcon.colcon_core.environment:checking '/home/darkdemon/work/motor_control/install/dynamixel_hardware/bin'
[0.744s] INFO:colcon.colcon_core.shell:Creating package script '/home/darkdemon/work/motor_control/install/dynamixel_hardware/share/dynamixel_hardware/package.ps1'
[0.745s] INFO:colcon.colcon_core.shell:Creating package descriptor '/home/darkdemon/work/motor_control/install/dynamixel_hardware/share/dynamixel_hardware/package.dsv'
[0.745s] INFO:colcon.colcon_core.shell:Creating package script '/home/darkdemon/work/motor_control/install/dynamixel_hardware/share/dynamixel_hardware/package.sh'
[0.745s] INFO:colcon.colcon_core.shell:Creating package script '/home/darkdemon/work/motor_control/install/dynamixel_hardware/share/dynamixel_hardware/package.bash'
[0.746s] INFO:colcon.colcon_core.shell:Creating package script '/home/darkdemon/work/motor_control/install/dynamixel_hardware/share/dynamixel_hardware/package.zsh'
[0.746s] Level 1:colcon.colcon_core.environment:create_file_with_runtime_dependencies(/home/darkdemon/work/motor_control/install/dynamixel_hardware/share/colcon-core/packages/dynamixel_hardware)
[0.746s] INFO:colcon.colcon_ros.task.ament_cmake.build:Building ROS package in '/home/darkdemon/work/motor_control/src/tb4_arm_ros2/small_arm_description' with build type 'ament_cmake'
[0.746s] INFO:colcon.colcon_cmake.task.cmake.build:Building CMake package in '/home/darkdemon/work/motor_control/src/tb4_arm_ros2/small_arm_description'
[0.746s] INFO:colcon.colcon_core.shell:Skip shell extension 'powershell' for command environment: Not usable outside of PowerShell
[0.746s] DEBUG:colcon.colcon_core.shell:Skip shell extension 'dsv' for command environment
[0.754s] Level 1:colcon.colcon_core.environment:create_environment_scripts_only(dynamixel_workbench_msgs)
[0.754s] Level 1:colcon.colcon_core.environment:checking '/home/darkdemon/work/motor_control/install/dynamixel_workbench_msgs' for CMake module files
[0.755s] DEBUG:colcon.colcon_core.event_handler.log_command:Invoked command in '/home/darkdemon/work/motor_control/build/dynamixel_workbench_msgs' returned '0': CMAKE_PREFIX_PATH=${CMAKE_PREFIX_PATH}:/home/darkdemon/work/motor_control/install/python_moveit2:/opt/ros/humble /usr/bin/cmake --install /home/darkdemon/work/motor_control/build/dynamixel_workbench_msgs
[0.755s] Level 1:colcon.colcon_core.environment:checking '/home/darkdemon/work/motor_control/install/dynamixel_workbench_msgs' for CMake config files
[0.756s] Level 1:colcon.colcon_core.shell:create_environment_hook('dynamixel_workbench_msgs', 'cmake_prefix_path')
[0.756s] INFO:colcon.colcon_core.shell:Creating environment hook '/home/darkdemon/work/motor_control/install/dynamixel_workbench_msgs/share/dynamixel_workbench_msgs/hook/cmake_prefix_path.ps1'
[0.757s] INFO:colcon.colcon_core.shell:Creating environment descriptor '/home/darkdemon/work/motor_control/install/dynamixel_workbench_msgs/share/dynamixel_workbench_msgs/hook/cmake_prefix_path.dsv'
[0.757s] INFO:colcon.colcon_core.shell:Creating environment hook '/home/darkdemon/work/motor_control/install/dynamixel_workbench_msgs/share/dynamixel_workbench_msgs/hook/cmake_prefix_path.sh'
[0.758s] Level 1:colcon.colcon_core.environment:checking '/home/darkdemon/work/motor_control/install/dynamixel_workbench_msgs/lib'
[0.758s] Level 1:colcon.colcon_core.shell:create_environment_hook('dynamixel_workbench_msgs', 'ld_library_path_lib')
[0.758s] INFO:colcon.colcon_core.shell:Creating environment hook '/home/darkdemon/work/motor_control/install/dynamixel_workbench_msgs/share/dynamixel_workbench_msgs/hook/ld_library_path_lib.ps1'
[0.759s] INFO:colcon.colcon_core.shell:Creating environment descriptor '/home/darkdemon/work/motor_control/install/dynamixel_workbench_msgs/share/dynamixel_workbench_msgs/hook/ld_library_path_lib.dsv'
[0.759s] INFO:colcon.colcon_core.shell:Creating environment hook '/home/darkdemon/work/motor_control/install/dynamixel_workbench_msgs/share/dynamixel_workbench_msgs/hook/ld_library_path_lib.sh'
[0.760s] Level 1:colcon.colcon_core.environment:checking '/home/darkdemon/work/motor_control/install/dynamixel_workbench_msgs/bin'
[0.760s] Level 1:colcon.colcon_core.environment:checking '/home/darkdemon/work/motor_control/install/dynamixel_workbench_msgs/lib/pkgconfig/dynamixel_workbench_msgs.pc'
[0.760s] Level 1:colcon.colcon_core.environment:checking '/home/darkdemon/work/motor_control/install/dynamixel_workbench_msgs/lib/python3.10/site-packages'
[0.760s] Level 1:colcon.colcon_core.environment:checking '/home/darkdemon/work/motor_control/install/dynamixel_workbench_msgs/bin'
[0.760s] INFO:colcon.colcon_core.shell:Creating package script '/home/darkdemon/work/motor_control/install/dynamixel_workbench_msgs/share/dynamixel_workbench_msgs/package.ps1'
[0.761s] INFO:colcon.colcon_core.shell:Creating package descriptor '/home/darkdemon/work/motor_control/install/dynamixel_workbench_msgs/share/dynamixel_workbench_msgs/package.dsv'
[0.761s] INFO:colcon.colcon_core.shell:Creating package script '/home/darkdemon/work/motor_control/install/dynamixel_workbench_msgs/share/dynamixel_workbench_msgs/package.sh'
[0.761s] INFO:colcon.colcon_core.shell:Creating package script '/home/darkdemon/work/motor_control/install/dynamixel_workbench_msgs/share/dynamixel_workbench_msgs/package.bash'
[0.762s] INFO:colcon.colcon_core.shell:Creating package script '/home/darkdemon/work/motor_control/install/dynamixel_workbench_msgs/share/dynamixel_workbench_msgs/package.zsh'
[0.762s] Level 1:colcon.colcon_core.environment:create_file_with_runtime_dependencies(/home/darkdemon/work/motor_control/install/dynamixel_workbench_msgs/share/colcon-core/packages/dynamixel_workbench_msgs)
[0.762s] Level 1:colcon.colcon_core.environment:create_environment_scripts_only(dynamixel_workbench_msgs)
[0.762s] Level 1:colcon.colcon_core.environment:checking '/home/darkdemon/work/motor_control/install/dynamixel_workbench_msgs' for CMake module files
[0.763s] Level 1:colcon.colcon_core.environment:checking '/home/darkdemon/work/motor_control/install/dynamixel_workbench_msgs' for CMake config files
[0.763s] Level 1:colcon.colcon_core.shell:create_environment_hook('dynamixel_workbench_msgs', 'cmake_prefix_path')
[0.763s] INFO:colcon.colcon_core.shell:Creating environment hook '/home/darkdemon/work/motor_control/install/dynamixel_workbench_msgs/share/dynamixel_workbench_msgs/hook/cmake_prefix_path.ps1'
[0.764s] INFO:colcon.colcon_core.shell:Creating environment descriptor '/home/darkdemon/work/motor_control/install/dynamixel_workbench_msgs/share/dynamixel_workbench_msgs/hook/cmake_prefix_path.dsv'
[0.764s] INFO:colcon.colcon_core.shell:Creating environment hook '/home/darkdemon/work/motor_control/install/dynamixel_workbench_msgs/share/dynamixel_workbench_msgs/hook/cmake_prefix_path.sh'
[0.765s] Level 1:colcon.colcon_core.environment:checking '/home/darkdemon/work/motor_control/install/dynamixel_workbench_msgs/lib'
[0.765s] Level 1:colcon.colcon_core.shell:create_environment_hook('dynamixel_workbench_msgs', 'ld_library_path_lib')
[0.765s] INFO:colcon.colcon_core.shell:Creating environment hook '/home/darkdemon/work/motor_control/install/dynamixel_workbench_msgs/share/dynamixel_workbench_msgs/hook/ld_library_path_lib.ps1'
[0.765s] INFO:colcon.colcon_core.shell:Creating environment descriptor '/home/darkdemon/work/motor_control/install/dynamixel_workbench_msgs/share/dynamixel_workbench_msgs/hook/ld_library_path_lib.dsv'
[0.765s] INFO:colcon.colcon_core.shell:Creating environment hook '/home/darkdemon/work/motor_control/install/dynamixel_workbench_msgs/share/dynamixel_workbench_msgs/hook/ld_library_path_lib.sh'
[0.765s] Level 1:colcon.colcon_core.environment:checking '/home/darkdemon/work/motor_control/install/dynamixel_workbench_msgs/bin'
[0.765s] Level 1:colcon.colcon_core.environment:checking '/home/darkdemon/work/motor_control/install/dynamixel_workbench_msgs/lib/pkgconfig/dynamixel_workbench_msgs.pc'
[0.766s] Level 1:colcon.colcon_core.environment:checking '/home/darkdemon/work/motor_control/install/dynamixel_workbench_msgs/lib/python3.10/site-packages'
[0.766s] Level 1:colcon.colcon_core.environment:checking '/home/darkdemon/work/motor_control/install/dynamixel_workbench_msgs/bin'
[0.766s] INFO:colcon.colcon_core.shell:Creating package script '/home/darkdemon/work/motor_control/install/dynamixel_workbench_msgs/share/dynamixel_workbench_msgs/package.ps1'
[0.766s] INFO:colcon.colcon_core.shell:Creating package descriptor '/home/darkdemon/work/motor_control/install/dynamixel_workbench_msgs/share/dynamixel_workbench_msgs/package.dsv'
[0.767s] INFO:colcon.colcon_core.shell:Creating package script '/home/darkdemon/work/motor_control/install/dynamixel_workbench_msgs/share/dynamixel_workbench_msgs/package.sh'
[0.767s] INFO:colcon.colcon_core.shell:Creating package script '/home/darkdemon/work/motor_control/install/dynamixel_workbench_msgs/share/dynamixel_workbench_msgs/package.bash'
[0.767s] INFO:colcon.colcon_core.shell:Creating package script '/home/darkdemon/work/motor_control/install/dynamixel_workbench_msgs/share/dynamixel_workbench_msgs/package.zsh'
[0.768s] Level 1:colcon.colcon_core.environment:create_file_with_runtime_dependencies(/home/darkdemon/work/motor_control/install/dynamixel_workbench_msgs/share/colcon-core/packages/dynamixel_workbench_msgs)
[0.771s] DEBUG:colcon.colcon_core.event_handler.log_command:Invoking command in '/home/darkdemon/work/motor_control/build/small_arm_description': CMAKE_PREFIX_PATH=/home/darkdemon/work/motor_control/install/dynamixel_hardware:/home/darkdemon/work/motor_control/install/dynamixel_workbench_toolbox:/home/darkdemon/work/motor_control/install/small_arm_moveit_cpp:/home/darkdemon/work/motor_control/install/small_arm_moveit_config:/home/darkdemon/work/motor_control/install/small_arm_description:/home/darkdemon/work/motor_control/install/dynamixel_workbench:/home/darkdemon/work/motor_control/install/dynamixel_workbench_msgs:/home/darkdemon/work/motor_control/install/python_moveit2:/opt/ros/humble /usr/bin/cmake --build /home/darkdemon/work/motor_control/build/small_arm_description -- -j20 -l20
[0.811s] DEBUG:colcon.colcon_core.event_handler.log_command:Invoked command in '/home/darkdemon/work/motor_control/build/small_arm_description' returned '0': CMAKE_PREFIX_PATH=/home/darkdemon/work/motor_control/install/dynamixel_hardware:/home/darkdemon/work/motor_control/install/dynamixel_workbench_toolbox:/home/darkdemon/work/motor_control/install/small_arm_moveit_cpp:/home/darkdemon/work/motor_control/install/small_arm_moveit_config:/home/darkdemon/work/motor_control/install/small_arm_description:/home/darkdemon/work/motor_control/install/dynamixel_workbench:/home/darkdemon/work/motor_control/install/dynamixel_workbench_msgs:/home/darkdemon/work/motor_control/install/python_moveit2:/opt/ros/humble /usr/bin/cmake --build /home/darkdemon/work/motor_control/build/small_arm_description -- -j20 -l20
[0.812s] DEBUG:colcon.colcon_core.event_handler.log_command:Invoking command in '/home/darkdemon/work/motor_control/build/small_arm_description': CMAKE_PREFIX_PATH=/home/darkdemon/work/motor_control/install/dynamixel_hardware:/home/darkdemon/work/motor_control/install/dynamixel_workbench_toolbox:/home/darkdemon/work/motor_control/install/small_arm_moveit_cpp:/home/darkdemon/work/motor_control/install/small_arm_moveit_config:/home/darkdemon/work/motor_control/install/small_arm_description:/home/darkdemon/work/motor_control/install/dynamixel_workbench:/home/darkdemon/work/motor_control/install/dynamixel_workbench_msgs:/home/darkdemon/work/motor_control/install/python_moveit2:/opt/ros/humble /usr/bin/cmake --install /home/darkdemon/work/motor_control/build/small_arm_description
[0.835s] Level 1:colcon.colcon_core.environment:create_environment_scripts_only(small_arm_description)
[0.835s] Level 1:colcon.colcon_core.environment:checking '/home/darkdemon/work/motor_control/install/small_arm_description' for CMake module files
[0.836s] DEBUG:colcon.colcon_core.event_handler.log_command:Invoked command in '/home/darkdemon/work/motor_control/build/small_arm_description' returned '0': CMAKE_PREFIX_PATH=/home/darkdemon/work/motor_control/install/dynamixel_hardware:/home/darkdemon/work/motor_control/install/dynamixel_workbench_toolbox:/home/darkdemon/work/motor_control/install/small_arm_moveit_cpp:/home/darkdemon/work/motor_control/install/small_arm_moveit_config:/home/darkdemon/work/motor_control/install/small_arm_description:/home/darkdemon/work/motor_control/install/dynamixel_workbench:/home/darkdemon/work/motor_control/install/dynamixel_workbench_msgs:/home/darkdemon/work/motor_control/install/python_moveit2:/opt/ros/humble /usr/bin/cmake --install /home/darkdemon/work/motor_control/build/small_arm_description
[0.836s] Level 1:colcon.colcon_core.environment:checking '/home/darkdemon/work/motor_control/install/small_arm_description' for CMake config files
[0.837s] Level 1:colcon.colcon_core.shell:create_environment_hook('small_arm_description', 'cmake_prefix_path')
[0.837s] INFO:colcon.colcon_core.shell:Creating environment hook '/home/darkdemon/work/motor_control/install/small_arm_description/share/small_arm_description/hook/cmake_prefix_path.ps1'
[0.837s] INFO:colcon.colcon_core.shell:Creating environment descriptor '/home/darkdemon/work/motor_control/install/small_arm_description/share/small_arm_description/hook/cmake_prefix_path.dsv'
[0.838s] INFO:colcon.colcon_core.shell:Creating environment hook '/home/darkdemon/work/motor_control/install/small_arm_description/share/small_arm_description/hook/cmake_prefix_path.sh'
[0.839s] Level 1:colcon.colcon_core.environment:checking '/home/darkdemon/work/motor_control/install/small_arm_description/bin'
[0.839s] Level 1:colcon.colcon_core.environment:checking '/home/darkdemon/work/motor_control/install/small_arm_description/lib/pkgconfig/small_arm_description.pc'
[0.839s] Level 1:colcon.colcon_core.environment:checking '/home/darkdemon/work/motor_control/install/small_arm_description/lib/python3.10/site-packages'
[0.839s] Level 1:colcon.colcon_core.environment:checking '/home/darkdemon/work/motor_control/install/small_arm_description/bin'
[0.839s] INFO:colcon.colcon_core.shell:Creating package script '/home/darkdemon/work/motor_control/install/small_arm_description/share/small_arm_description/package.ps1'
[0.840s] INFO:colcon.colcon_core.shell:Creating package descriptor '/home/darkdemon/work/motor_control/install/small_arm_description/share/small_arm_description/package.dsv'
[0.840s] INFO:colcon.colcon_core.shell:Creating package script '/home/darkdemon/work/motor_control/install/small_arm_description/share/small_arm_description/package.sh'
[0.840s] INFO:colcon.colcon_core.shell:Creating package script '/home/darkdemon/work/motor_control/install/small_arm_description/share/small_arm_description/package.bash'
[0.840s] INFO:colcon.colcon_core.shell:Creating package script '/home/darkdemon/work/motor_control/install/small_arm_description/share/small_arm_description/package.zsh'
[0.841s] Level 1:colcon.colcon_core.environment:create_file_with_runtime_dependencies(/home/darkdemon/work/motor_control/install/small_arm_description/share/colcon-core/packages/small_arm_description)
[0.841s] Level 1:colcon.colcon_core.environment:create_environment_scripts_only(small_arm_description)
[0.841s] Level 1:colcon.colcon_core.environment:checking '/home/darkdemon/work/motor_control/install/small_arm_description' for CMake module files
[0.841s] Level 1:colcon.colcon_core.environment:checking '/home/darkdemon/work/motor_control/install/small_arm_description' for CMake config files
[0.842s] Level 1:colcon.colcon_core.shell:create_environment_hook('small_arm_description', 'cmake_prefix_path')
[0.842s] INFO:colcon.colcon_core.shell:Creating environment hook '/home/darkdemon/work/motor_control/install/small_arm_description/share/small_arm_description/hook/cmake_prefix_path.ps1'
[0.842s] INFO:colcon.colcon_core.shell:Creating environment descriptor '/home/darkdemon/work/motor_control/install/small_arm_description/share/small_arm_description/hook/cmake_prefix_path.dsv'
[0.842s] INFO:colcon.colcon_core.shell:Creating environment hook '/home/darkdemon/work/motor_control/install/small_arm_description/share/small_arm_description/hook/cmake_prefix_path.sh'
[0.843s] Level 1:colcon.colcon_core.environment:checking '/home/darkdemon/work/motor_control/install/small_arm_description/bin'
[0.843s] Level 1:colcon.colcon_core.environment:checking '/home/darkdemon/work/motor_control/install/small_arm_description/lib/pkgconfig/small_arm_description.pc'
[0.843s] Level 1:colcon.colcon_core.environment:checking '/home/darkdemon/work/motor_control/install/small_arm_description/lib/python3.10/site-packages'
[0.843s] Level 1:colcon.colcon_core.environment:checking '/home/darkdemon/work/motor_control/install/small_arm_description/bin'
[0.843s] INFO:colcon.colcon_core.shell:Creating package script '/home/darkdemon/work/motor_control/install/small_arm_description/share/small_arm_description/package.ps1'
[0.844s] INFO:colcon.colcon_core.shell:Creating package descriptor '/home/darkdemon/work/motor_control/install/small_arm_description/share/small_arm_description/package.dsv'
[0.844s] INFO:colcon.colcon_core.shell:Creating package script '/home/darkdemon/work/motor_control/install/small_arm_description/share/small_arm_description/package.sh'
[0.844s] INFO:colcon.colcon_core.shell:Creating package script '/home/darkdemon/work/motor_control/install/small_arm_description/share/small_arm_description/package.bash'
[0.844s] INFO:colcon.colcon_core.shell:Creating package script '/home/darkdemon/work/motor_control/install/small_arm_description/share/small_arm_description/package.zsh'
[0.845s] Level 1:colcon.colcon_core.environment:create_file_with_runtime_dependencies(/home/darkdemon/work/motor_control/install/small_arm_description/share/colcon-core/packages/small_arm_description)
[0.845s] INFO:colcon.colcon_ros.task.ament_cmake.build:Building ROS package in '/home/darkdemon/work/motor_control/src/tb4_arm_ros2/small_arm_moveit_config' with build type 'ament_cmake'
[0.845s] INFO:colcon.colcon_cmake.task.cmake.build:Building CMake package in '/home/darkdemon/work/motor_control/src/tb4_arm_ros2/small_arm_moveit_config'
[0.845s] INFO:colcon.colcon_core.shell:Skip shell extension 'powershell' for command environment: Not usable outside of PowerShell
[0.845s] DEBUG:colcon.colcon_core.shell:Skip shell extension 'dsv' for command environment
[0.861s] DEBUG:colcon.colcon_core.event_handler.log_command:Invoking command in '/home/darkdemon/work/motor_control/build/small_arm_moveit_config': CMAKE_PREFIX_PATH=/home/darkdemon/work/motor_control/install/small_arm_description:/home/darkdemon/work/motor_control/install/dynamixel_hardware:/home/darkdemon/work/motor_control/install/dynamixel_workbench_toolbox:/home/darkdemon/work/motor_control/install/small_arm_moveit_cpp:/home/darkdemon/work/motor_control/install/small_arm_moveit_config:/home/darkdemon/work/motor_control/install/dynamixel_workbench:/home/darkdemon/work/motor_control/install/dynamixel_workbench_msgs:/home/darkdemon/work/motor_control/install/python_moveit2:/opt/ros/humble /usr/bin/cmake --build /home/darkdemon/work/motor_control/build/small_arm_moveit_config -- -j20 -l20
[0.876s] DEBUG:colcon.colcon_core.event_handler.log_command:Invoking command in '/home/darkdemon/work/motor_control/src/tb4_arm_ros2/python_moveit2': PYTHONPATH=/home/darkdemon/work/motor_control/build/python_moveit2/prefix_override:/usr/lib/python3/dist-packages/colcon_core/task/python/colcon_distutils_commands:/home/darkdemon/work/motor_control/install/python_moveit2/lib/python3.10/site-packages:${PYTHONPATH} /usr/bin/python3 -W ignore:setup.py install is deprecated -W ignore:easy_install command is deprecated setup.py egg_info --egg-base ../../../build/python_moveit2 build --build-base /home/darkdemon/work/motor_control/build/python_moveit2/build install --record /home/darkdemon/work/motor_control/build/python_moveit2/install.log --single-version-externally-managed install_data
[0.894s] DEBUG:colcon.colcon_core.event_handler.log_command:Invoked command in '/home/darkdemon/work/motor_control/build/small_arm_moveit_config' returned '0': CMAKE_PREFIX_PATH=/home/darkdemon/work/motor_control/install/small_arm_description:/home/darkdemon/work/motor_control/install/dynamixel_hardware:/home/darkdemon/work/motor_control/install/dynamixel_workbench_toolbox:/home/darkdemon/work/motor_control/install/small_arm_moveit_cpp:/home/darkdemon/work/motor_control/install/small_arm_moveit_config:/home/darkdemon/work/motor_control/install/dynamixel_workbench:/home/darkdemon/work/motor_control/install/dynamixel_workbench_msgs:/home/darkdemon/work/motor_control/install/python_moveit2:/opt/ros/humble /usr/bin/cmake --build /home/darkdemon/work/motor_control/build/small_arm_moveit_config -- -j20 -l20
[0.895s] DEBUG:colcon.colcon_core.event_handler.log_command:Invoking command in '/home/darkdemon/work/motor_control/build/small_arm_moveit_config': CMAKE_PREFIX_PATH=/home/darkdemon/work/motor_control/install/small_arm_description:/home/darkdemon/work/motor_control/install/dynamixel_hardware:/home/darkdemon/work/motor_control/install/dynamixel_workbench_toolbox:/home/darkdemon/work/motor_control/install/small_arm_moveit_cpp:/home/darkdemon/work/motor_control/install/small_arm_moveit_config:/home/darkdemon/work/motor_control/install/dynamixel_workbench:/home/darkdemon/work/motor_control/install/dynamixel_workbench_msgs:/home/darkdemon/work/motor_control/install/python_moveit2:/opt/ros/humble /usr/bin/cmake --install /home/darkdemon/work/motor_control/build/small_arm_moveit_config
[0.922s] Level 1:colcon.colcon_core.environment:create_environment_scripts_only(small_arm_moveit_config)
[0.923s] Level 1:colcon.colcon_core.environment:checking '/home/darkdemon/work/motor_control/install/small_arm_moveit_config' for CMake module files
[0.923s] DEBUG:colcon.colcon_core.event_handler.log_command:Invoked command in '/home/darkdemon/work/motor_control/build/small_arm_moveit_config' returned '0': CMAKE_PREFIX_PATH=/home/darkdemon/work/motor_control/install/small_arm_description:/home/darkdemon/work/motor_control/install/dynamixel_hardware:/home/darkdemon/work/motor_control/install/dynamixel_workbench_toolbox:/home/darkdemon/work/motor_control/install/small_arm_moveit_cpp:/home/darkdemon/work/motor_control/install/small_arm_moveit_config:/home/darkdemon/work/motor_control/install/dynamixel_workbench:/home/darkdemon/work/motor_control/install/dynamixel_workbench_msgs:/home/darkdemon/work/motor_control/install/python_moveit2:/opt/ros/humble /usr/bin/cmake --install /home/darkdemon/work/motor_control/build/small_arm_moveit_config
[0.923s] Level 1:colcon.colcon_core.environment:checking '/home/darkdemon/work/motor_control/install/small_arm_moveit_config' for CMake config files
[0.924s] Level 1:colcon.colcon_core.shell:create_environment_hook('small_arm_moveit_config', 'cmake_prefix_path')
[0.924s] INFO:colcon.colcon_core.shell:Creating environment hook '/home/darkdemon/work/motor_control/install/small_arm_moveit_config/share/small_arm_moveit_config/hook/cmake_prefix_path.ps1'
[0.924s] INFO:colcon.colcon_core.shell:Creating environment descriptor '/home/darkdemon/work/motor_control/install/small_arm_moveit_config/share/small_arm_moveit_config/hook/cmake_prefix_path.dsv'
[0.924s] INFO:colcon.colcon_core.shell:Creating environment hook '/home/darkdemon/work/motor_control/install/small_arm_moveit_config/share/small_arm_moveit_config/hook/cmake_prefix_path.sh'
[0.925s] Level 1:colcon.colcon_core.environment:checking '/home/darkdemon/work/motor_control/install/small_arm_moveit_config/bin'
[0.925s] Level 1:colcon.colcon_core.environment:checking '/home/darkdemon/work/motor_control/install/small_arm_moveit_config/lib/pkgconfig/small_arm_moveit_config.pc'
[0.925s] Level 1:colcon.colcon_core.environment:checking '/home/darkdemon/work/motor_control/install/small_arm_moveit_config/lib/python3.10/site-packages'
[0.925s] Level 1:colcon.colcon_core.environment:checking '/home/darkdemon/work/motor_control/install/small_arm_moveit_config/bin'
[0.925s] INFO:colcon.colcon_core.shell:Creating package script '/home/darkdemon/work/motor_control/install/small_arm_moveit_config/share/small_arm_moveit_config/package.ps1'
[0.926s] INFO:colcon.colcon_core.shell:Creating package descriptor '/home/darkdemon/work/motor_control/install/small_arm_moveit_config/share/small_arm_moveit_config/package.dsv'
[0.926s] INFO:colcon.colcon_core.shell:Creating package script '/home/darkdemon/work/motor_control/install/small_arm_moveit_config/share/small_arm_moveit_config/package.sh'
[0.926s] INFO:colcon.colcon_core.shell:Creating package script '/home/darkdemon/work/motor_control/install/small_arm_moveit_config/share/small_arm_moveit_config/package.bash'
[0.926s] INFO:colcon.colcon_core.shell:Creating package script '/home/darkdemon/work/motor_control/install/small_arm_moveit_config/share/small_arm_moveit_config/package.zsh'
[0.926s] Level 1:colcon.colcon_core.environment:create_file_with_runtime_dependencies(/home/darkdemon/work/motor_control/install/small_arm_moveit_config/share/colcon-core/packages/small_arm_moveit_config)
[0.927s] Level 1:colcon.colcon_core.environment:create_environment_scripts_only(small_arm_moveit_config)
[0.927s] Level 1:colcon.colcon_core.environment:checking '/home/darkdemon/work/motor_control/install/small_arm_moveit_config' for CMake module files
[0.927s] Level 1:colcon.colcon_core.environment:checking '/home/darkdemon/work/motor_control/install/small_arm_moveit_config' for CMake config files
[0.927s] Level 1:colcon.colcon_core.shell:create_environment_hook('small_arm_moveit_config', 'cmake_prefix_path')
[0.928s] INFO:colcon.colcon_core.shell:Creating environment hook '/home/darkdemon/work/motor_control/install/small_arm_moveit_config/share/small_arm_moveit_config/hook/cmake_prefix_path.ps1'
[0.928s] INFO:colcon.colcon_core.shell:Creating environment descriptor '/home/darkdemon/work/motor_control/install/small_arm_moveit_config/share/small_arm_moveit_config/hook/cmake_prefix_path.dsv'
[0.928s] INFO:colcon.colcon_core.shell:Creating environment hook '/home/darkdemon/work/motor_control/install/small_arm_moveit_config/share/small_arm_moveit_config/hook/cmake_prefix_path.sh'
[0.928s] Level 1:colcon.colcon_core.environment:checking '/home/darkdemon/work/motor_control/install/small_arm_moveit_config/bin'
[0.928s] Level 1:colcon.colcon_core.environment:checking '/home/darkdemon/work/motor_control/install/small_arm_moveit_config/lib/pkgconfig/small_arm_moveit_config.pc'
[0.929s] Level 1:colcon.colcon_core.environment:checking '/home/darkdemon/work/motor_control/install/small_arm_moveit_config/lib/python3.10/site-packages'
[0.929s] Level 1:colcon.colcon_core.environment:checking '/home/darkdemon/work/motor_control/install/small_arm_moveit_config/bin'
[0.929s] INFO:colcon.colcon_core.shell:Creating package script '/home/darkdemon/work/motor_control/install/small_arm_moveit_config/share/small_arm_moveit_config/package.ps1'
[0.929s] INFO:colcon.colcon_core.shell:Creating package descriptor '/home/darkdemon/work/motor_control/install/small_arm_moveit_config/share/small_arm_moveit_config/package.dsv'
[0.929s] INFO:colcon.colcon_core.shell:Creating package script '/home/darkdemon/work/motor_control/install/small_arm_moveit_config/share/small_arm_moveit_config/package.sh'
[0.930s] INFO:colcon.colcon_core.shell:Creating package script '/home/darkdemon/work/motor_control/install/small_arm_moveit_config/share/small_arm_moveit_config/package.bash'
[0.930s] INFO:colcon.colcon_core.shell:Creating package script '/home/darkdemon/work/motor_control/install/small_arm_moveit_config/share/small_arm_moveit_config/package.zsh'
[0.930s] Level 1:colcon.colcon_core.environment:create_file_with_runtime_dependencies(/home/darkdemon/work/motor_control/install/small_arm_moveit_config/share/colcon-core/packages/small_arm_moveit_config)
[1.082s] Level 1:colcon.colcon_core.environment:checking '/home/darkdemon/work/motor_control/install/python_moveit2' for CMake module files
[1.083s] DEBUG:colcon.colcon_core.event_handler.log_command:Invoked command in '/home/darkdemon/work/motor_control/src/tb4_arm_ros2/python_moveit2' returned '0': PYTHONPATH=/home/darkdemon/work/motor_control/build/python_moveit2/prefix_override:/usr/lib/python3/dist-packages/colcon_core/task/python/colcon_distutils_commands:/home/darkdemon/work/motor_control/install/python_moveit2/lib/python3.10/site-packages:${PYTHONPATH} /usr/bin/python3 -W ignore:setup.py install is deprecated -W ignore:easy_install command is deprecated setup.py egg_info --egg-base ../../../build/python_moveit2 build --build-base /home/darkdemon/work/motor_control/build/python_moveit2/build install --record /home/darkdemon/work/motor_control/build/python_moveit2/install.log --single-version-externally-managed install_data
[1.083s] Level 1:colcon.colcon_core.environment:checking '/home/darkdemon/work/motor_control/install/python_moveit2' for CMake config files
[1.084s] Level 1:colcon.colcon_core.environment:checking '/home/darkdemon/work/motor_control/install/python_moveit2/lib'
[1.084s] Level 1:colcon.colcon_core.environment:checking '/home/darkdemon/work/motor_control/install/python_moveit2/bin'
[1.084s] Level 1:colcon.colcon_core.environment:checking '/home/darkdemon/work/motor_control/install/python_moveit2/lib/pkgconfig/python_moveit2.pc'
[1.084s] Level 1:colcon.colcon_core.environment:checking '/home/darkdemon/work/motor_control/install/python_moveit2/lib/python3.10/site-packages'
[1.084s] Level 1:colcon.colcon_core.shell:create_environment_hook('python_moveit2', 'pythonpath')
[1.085s] INFO:colcon.colcon_core.shell:Creating environment hook '/home/darkdemon/work/motor_control/install/python_moveit2/share/python_moveit2/hook/pythonpath.ps1'
[1.085s] INFO:colcon.colcon_core.shell:Creating environment descriptor '/home/darkdemon/work/motor_control/install/python_moveit2/share/python_moveit2/hook/pythonpath.dsv'
[1.085s] INFO:colcon.colcon_core.shell:Creating environment hook '/home/darkdemon/work/motor_control/install/python_moveit2/share/python_moveit2/hook/pythonpath.sh'
[1.086s] Level 1:colcon.colcon_core.environment:checking '/home/darkdemon/work/motor_control/install/python_moveit2/bin'
[1.086s] Level 1:colcon.colcon_core.environment:create_environment_scripts_only(python_moveit2)
[1.086s] INFO:colcon.colcon_core.shell:Creating package script '/home/darkdemon/work/motor_control/install/python_moveit2/share/python_moveit2/package.ps1'
[1.087s] INFO:colcon.colcon_core.shell:Creating package descriptor '/home/darkdemon/work/motor_control/install/python_moveit2/share/python_moveit2/package.dsv'
[1.087s] INFO:colcon.colcon_core.shell:Creating package script '/home/darkdemon/work/motor_control/install/python_moveit2/share/python_moveit2/package.sh'
[1.088s] INFO:colcon.colcon_core.shell:Creating package script '/home/darkdemon/work/motor_control/install/python_moveit2/share/python_moveit2/package.bash'
[1.088s] INFO:colcon.colcon_core.shell:Creating package script '/home/darkdemon/work/motor_control/install/python_moveit2/share/python_moveit2/package.zsh'
[1.089s] Level 1:colcon.colcon_core.environment:create_file_with_runtime_dependencies(/home/darkdemon/work/motor_control/install/python_moveit2/share/colcon-core/packages/python_moveit2)
[7.356s] DEBUG:colcon.colcon_core.event_handler.log_command:Invoked command in '/home/darkdemon/work/motor_control/build/small_arm_moveit_cpp' returned '0': CMAKE_PREFIX_PATH=${CMAKE_PREFIX_PATH}:/home/darkdemon/work/motor_control/install/python_moveit2:/opt/ros/humble /usr/bin/cmake --build /home/darkdemon/work/motor_control/build/small_arm_moveit_cpp -- -j20 -l20
[7.357s] DEBUG:colcon.colcon_core.event_handler.log_command:Invoking command in '/home/darkdemon/work/motor_control/build/small_arm_moveit_cpp': CMAKE_PREFIX_PATH=${CMAKE_PREFIX_PATH}:/home/darkdemon/work/motor_control/install/python_moveit2:/opt/ros/humble /usr/bin/cmake --install /home/darkdemon/work/motor_control/build/small_arm_moveit_cpp
[7.378s] Level 1:colcon.colcon_core.environment:create_environment_scripts_only(small_arm_moveit_cpp)
[7.378s] Level 1:colcon.colcon_core.environment:checking '/home/darkdemon/work/motor_control/install/small_arm_moveit_cpp' for CMake module files
[7.379s] DEBUG:colcon.colcon_core.event_handler.log_command:Invoked command in '/home/darkdemon/work/motor_control/build/small_arm_moveit_cpp' returned '0': CMAKE_PREFIX_PATH=${CMAKE_PREFIX_PATH}:/home/darkdemon/work/motor_control/install/python_moveit2:/opt/ros/humble /usr/bin/cmake --install /home/darkdemon/work/motor_control/build/small_arm_moveit_cpp
[7.379s] Level 1:colcon.colcon_core.environment:checking '/home/darkdemon/work/motor_control/install/small_arm_moveit_cpp' for CMake config files
[7.379s] Level 1:colcon.colcon_core.shell:create_environment_hook('small_arm_moveit_cpp', 'cmake_prefix_path')
[7.379s] INFO:colcon.colcon_core.shell:Creating environment hook '/home/darkdemon/work/motor_control/install/small_arm_moveit_cpp/share/small_arm_moveit_cpp/hook/cmake_prefix_path.ps1'
[7.380s] INFO:colcon.colcon_core.shell:Creating environment descriptor '/home/darkdemon/work/motor_control/install/small_arm_moveit_cpp/share/small_arm_moveit_cpp/hook/cmake_prefix_path.dsv'
[7.380s] INFO:colcon.colcon_core.shell:Creating environment hook '/home/darkdemon/work/motor_control/install/small_arm_moveit_cpp/share/small_arm_moveit_cpp/hook/cmake_prefix_path.sh'
[7.381s] Level 1:colcon.colcon_core.environment:checking '/home/darkdemon/work/motor_control/install/small_arm_moveit_cpp/lib'
[7.381s] Level 1:colcon.colcon_core.environment:checking '/home/darkdemon/work/motor_control/install/small_arm_moveit_cpp/bin'
[7.381s] Level 1:colcon.colcon_core.environment:checking '/home/darkdemon/work/motor_control/install/small_arm_moveit_cpp/lib/pkgconfig/small_arm_moveit_cpp.pc'
[7.381s] Level 1:colcon.colcon_core.environment:checking '/home/darkdemon/work/motor_control/install/small_arm_moveit_cpp/lib/python3.10/site-packages'
[7.381s] Level 1:colcon.colcon_core.environment:checking '/home/darkdemon/work/motor_control/install/small_arm_moveit_cpp/bin'
[7.381s] INFO:colcon.colcon_core.shell:Creating package script '/home/darkdemon/work/motor_control/install/small_arm_moveit_cpp/share/small_arm_moveit_cpp/package.ps1'
[7.381s] INFO:colcon.colcon_core.shell:Creating package descriptor '/home/darkdemon/work/motor_control/install/small_arm_moveit_cpp/share/small_arm_moveit_cpp/package.dsv'
[7.382s] INFO:colcon.colcon_core.shell:Creating package script '/home/darkdemon/work/motor_control/install/small_arm_moveit_cpp/share/small_arm_moveit_cpp/package.sh'
[7.382s] INFO:colcon.colcon_core.shell:Creating package script '/home/darkdemon/work/motor_control/install/small_arm_moveit_cpp/share/small_arm_moveit_cpp/package.bash'
[7.382s] INFO:colcon.colcon_core.shell:Creating package script '/home/darkdemon/work/motor_control/install/small_arm_moveit_cpp/share/small_arm_moveit_cpp/package.zsh'
[7.382s] Level 1:colcon.colcon_core.environment:create_file_with_runtime_dependencies(/home/darkdemon/work/motor_control/install/small_arm_moveit_cpp/share/colcon-core/packages/small_arm_moveit_cpp)
[7.383s] Level 1:colcon.colcon_core.environment:create_environment_scripts_only(small_arm_moveit_cpp)
[7.383s] Level 1:colcon.colcon_core.environment:checking '/home/darkdemon/work/motor_control/install/small_arm_moveit_cpp' for CMake module files
[7.383s] Level 1:colcon.colcon_core.environment:checking '/home/darkdemon/work/motor_control/install/small_arm_moveit_cpp' for CMake config files
[7.383s] Level 1:colcon.colcon_core.shell:create_environment_hook('small_arm_moveit_cpp', 'cmake_prefix_path')
[7.383s] INFO:colcon.colcon_core.shell:Creating environment hook '/home/darkdemon/work/motor_control/install/small_arm_moveit_cpp/share/small_arm_moveit_cpp/hook/cmake_prefix_path.ps1'
[7.384s] INFO:colcon.colcon_core.shell:Creating environment descriptor '/home/darkdemon/work/motor_control/install/small_arm_moveit_cpp/share/small_arm_moveit_cpp/hook/cmake_prefix_path.dsv'
[7.384s] INFO:colcon.colcon_core.shell:Creating environment hook '/home/darkdemon/work/motor_control/install/small_arm_moveit_cpp/share/small_arm_moveit_cpp/hook/cmake_prefix_path.sh'
[7.385s] Level 1:colcon.colcon_core.environment:checking '/home/darkdemon/work/motor_control/install/small_arm_moveit_cpp/lib'
[7.385s] Level 1:colcon.colcon_core.environment:checking '/home/darkdemon/work/motor_control/install/small_arm_moveit_cpp/bin'
[7.385s] Level 1:colcon.colcon_core.environment:checking '/home/darkdemon/work/motor_control/install/small_arm_moveit_cpp/lib/pkgconfig/small_arm_moveit_cpp.pc'
[7.385s] Level 1:colcon.colcon_core.environment:checking '/home/darkdemon/work/motor_control/install/small_arm_moveit_cpp/lib/python3.10/site-packages'
[7.385s] Level 1:colcon.colcon_core.environment:checking '/home/darkdemon/work/motor_control/install/small_arm_moveit_cpp/bin'
[7.385s] INFO:colcon.colcon_core.shell:Creating package script '/home/darkdemon/work/motor_control/install/small_arm_moveit_cpp/share/small_arm_moveit_cpp/package.ps1'
[7.386s] INFO:colcon.colcon_core.shell:Creating package descriptor '/home/darkdemon/work/motor_control/install/small_arm_moveit_cpp/share/small_arm_moveit_cpp/package.dsv'
[7.386s] INFO:colcon.colcon_core.shell:Creating package script '/home/darkdemon/work/motor_control/install/small_arm_moveit_cpp/share/small_arm_moveit_cpp/package.sh'
[7.386s] INFO:colcon.colcon_core.shell:Creating package script '/home/darkdemon/work/motor_control/install/small_arm_moveit_cpp/share/small_arm_moveit_cpp/package.bash'
[7.387s] INFO:colcon.colcon_core.shell:Creating package script '/home/darkdemon/work/motor_control/install/small_arm_moveit_cpp/share/small_arm_moveit_cpp/package.zsh'
[7.387s] Level 1:colcon.colcon_core.environment:create_file_with_runtime_dependencies(/home/darkdemon/work/motor_control/install/small_arm_moveit_cpp/share/colcon-core/packages/small_arm_moveit_cpp)
[7.387s] DEBUG:colcon.colcon_parallel_executor.executor.parallel:closing loop
[7.387s] DEBUG:colcon.colcon_parallel_executor.executor.parallel:loop closed
[7.387s] DEBUG:colcon.colcon_parallel_executor.executor.parallel:run_until_complete finished with '0'
[7.387s] DEBUG:colcon.colcon_core.event_reactor:joining thread
[7.391s] INFO:colcon.colcon_core.plugin_system:Skipping extension 'colcon_notification.desktop_notification.notify_send': Could not find 'notify-send'
[7.392s] INFO:colcon.colcon_core.plugin_system:Skipping extension 'colcon_notification.desktop_notification.terminal_notifier': Not used on non-Darwin systems
[7.392s] INFO:colcon.colcon_core.plugin_system:Skipping extension 'colcon_notification.desktop_notification.win32': Not used on non-Windows systems
[7.392s] INFO:colcon.colcon_notification.desktop_notification:Sending desktop notification using 'notify2'
[7.394s] DEBUG:colcon.colcon_notification.desktop_notification.notify2:Failed to initialize notify2: org.freedesktop.DBus.Error.Spawn.ExecFailed: /usr/bin/dbus-launch terminated abnormally without any error message
[7.394s] DEBUG:colcon.colcon_core.event_reactor:joined thread
[7.394s] INFO:colcon.colcon_core.shell:Creating prefix script '/home/darkdemon/work/motor_control/install/local_setup.ps1'
[7.395s] INFO:colcon.colcon_core.shell:Creating prefix util module '/home/darkdemon/work/motor_control/install/_local_setup_util_ps1.py'
[7.396s] INFO:colcon.colcon_core.shell:Creating prefix chain script '/home/darkdemon/work/motor_control/install/setup.ps1'
[7.397s] INFO:colcon.colcon_core.shell:Creating prefix script '/home/darkdemon/work/motor_control/install/local_setup.sh'
[7.397s] INFO:colcon.colcon_core.shell:Creating prefix util module '/home/darkdemon/work/motor_control/install/_local_setup_util_sh.py'
[7.398s] INFO:colcon.colcon_core.shell:Creating prefix chain script '/home/darkdemon/work/motor_control/install/setup.sh'
[7.398s] INFO:colcon.colcon_core.shell:Creating prefix script '/home/darkdemon/work/motor_control/install/local_setup.bash'
[7.399s] INFO:colcon.colcon_core.shell:Creating prefix chain script '/home/darkdemon/work/motor_control/install/setup.bash'
[7.400s] INFO:colcon.colcon_core.shell:Creating prefix script '/home/darkdemon/work/motor_control/install/local_setup.zsh'
[7.400s] INFO:colcon.colcon_core.shell:Creating prefix chain script '/home/darkdemon/work/motor_control/install/setup.zsh'
